tree
version=v4
num_class=1
num_tree_per_iteration=1
label_index=0
max_feature_idx=86
objective=regression
feature_names=Feed_Flow Reboiler_Outlet_Temp Column_Top_Temp Reboiling_Steam_Flow Reflux_Flow Column_Top_Pressure Column_Bottom_Temp Control_Tray_Temp hour_sin hour_cos dow_sin dow_cos month_sin month_cos Reboiling_Steam_Flow_lag1 Reboiling_Steam_Flow_lag2 Reboiling_Steam_Flow_lag3 Reboiling_Steam_Flow_lag6 Reboiling_Steam_Flow_lag12 Reflux_Flow_lag1 Reflux_Flow_lag2 Reflux_Flow_lag3 Reflux_Flow_lag6 Feed_Flow_lag1 Feed_Flow_lag2 Feed_Flow_lag3 Column_Bottom_Temp_lag1 Column_Bottom_Temp_lag2 Column_Bottom_Temp_lag3 Control_Tray_Temp_lag1 Control_Tray_Temp_lag2 Control_Tray_Temp_lag3 Control_Tray_Temp_lag6 Reboiler_Outlet_Temp_lag1 Reboiler_Outlet_Temp_lag2 Reboiler_Outlet_Temp_lag3 Column_Top_Temp_lag1 Column_Top_Temp_lag2 Column_Top_Pressure_lag1 Column_Top_Pressure_lag2 Reboiling_Steam_Flow_roll_mean_3h Reboiling_Steam_Flow_roll_mean_6h Reboiling_Steam_Flow_roll_mean_12h Reflux_Flow_roll_mean_3h Reflux_Flow_roll_mean_6h Reflux_Flow_roll_mean_12h Feed_Flow_roll_mean_3h Feed_Flow_roll_mean_6h Feed_Flow_roll_mean_12h Column_Bottom_Temp_roll_mean_3h Column_Bottom_Temp_roll_mean_6h Column_Bottom_Temp_roll_mean_12h Reboiling_Steam_Flow_roll_std_3h Reboiling_Steam_Flow_roll_std_6h Reflux_Flow_roll_std_3h Reflux_Flow_roll_std_6h Feed_Flow_roll_std_3h Feed_Flow_roll_std_6h Reboiling_Steam_Flow_dev24h Reflux_Flow_dev24h Column_Bottom_Temp_dev24h Control_Tray_Temp_dev24h Column_Top_Pressure_dev24h Reflux_Ratio Steam_Feed_Ratio Temp_Gradient Reboiler_Delta Steam_diff1 Reflux_diff1 Feed_diff1 Bottom_Temp_diff1 Column_Top_Temp_Pnorm_k3 Control_Tray_Temp_Pnorm_k3 Column_Bottom_Temp_Pnorm_k3 Column_Top_Temp_Pnorm_k5 Control_Tray_Temp_Pnorm_k5 Column_Bottom_Temp_Pnorm_k5 Column_Top_Temp_Pnorm_k10 Control_Tray_Temp_Pnorm_k10 Column_Bottom_Temp_Pnorm_k10 Column_Top_Temp_Pratio Control_Tray_Temp_Pratio Column_Bottom_Temp_Pratio Temp_Gradient_Pnorm Pressure_x_TopTemp Pressure_x_BottomTemp Pressure_x_ControlTrayTemp
feature_infos=[48.559737192789711:99.262853506935969] [26.254576736789279:111.7548852203369] [29.350982410113016:112.99970288102892] [14.910646044413248:25.260643850390117] [84.999250282711458:105.64599694540783] [3.7800105579495429:4.5544873342858416] [99.033447838041525:112.98496114972433] [57.164349398952055:91.312991132397116] [-1:1] [-1:1] [-0.97492791218182362:0.97492791218182362] [-0.90096886790241903:1] [-1:0.86602540378443871] [-1:0.86602540378443837] [14.910646044413248:25.260643850390117] [14.910646044413248:25.260643850390117] [14.910646044413248:25.260643850390117] [14.910646044413248:25.260643850390117] [14.910646044413248:25.260643850390117] [84.999250282711458:105.64599694540783] [84.999250282711458:105.64599694540783] [84.999250282711458:105.64599694540783] [84.999250282711458:105.64599694540783] [48.559737192789711:99.262853506935969] [48.559737192789711:99.262853506935969] [48.559737192789711:99.262853506935969] [99.033447838041525:112.98496114972433] [99.033447838041525:112.98496114972433] [99.033447838041525:112.98496114972433] [57.164349398952055:91.312991132397116] [57.164349398952055:91.312991132397116] [57.164349398952055:91.312991132397116] [57.164349398952055:91.312991132397116] [26.254576736789279:111.7548852203369] [26.254576736789279:111.7548852203369] [26.254576736789279:111.7548852203369] [29.350982410113016:112.99970288102892] [29.350982410113016:112.99970288102892] [3.7800105579495429:4.5544873342858416] [3.7800105579495429:4.5544873342858416] [17.853422576763005:25.260643850390117] [18.661333462397263:25.260643850390117] [18.730286436478298:25.260643850390117] [85.016077718381538:105.64599694540783] [86.691532974949595:105.64599694540783] [87.8869184396885:105.64599694540783] [60.515120195459438:99.262853506935969] [62.056808356885547:99.262853506935969] [63.394790400575715:99.262853506935969] [99.282974577444577:112.98496114972433] [100.3360779780635:112.98496114972433] [101.21213741302491:112.98496114972433] [0:3.9955949872148788] [0:3.2266499015783112] [0:7.5906119822888583] [0:7.6095946161766603] [0:14.45536161724351] [0:12.980792338508762] [-7.0274865495496321:2.9802889532733836] [-11.344198548970382:10.475163757977683] [-12.956465455938272:9.9228022955081912] [-30.728780667125733:29.727792423626205] [-0.52960170272462959:0.32912980949989112] [0.90534159664926572:1.9192897751193179] [0.20304237997437907:0.37394316366381442] [-4.2899358261956166:82.093677495320634] [-83.884044495985236:7.850255400678833] [-6.591640173594147:3.4120198122660383] [-7.8041689679094475:11.354566728803874] [-25.627803101009889:26.304501599205892] [-11.605556379742083:9.122234306335443] [29.071132531828354:112.52605495517518] [56.494711958906379:91.68876143401728] [97.715455135983888:113.16485640449524] [28.874012877013953:112.28745238569047] [55.871135758651626:91.939682945807775] [96.706480467412206:113.2847865743425] [28.381213739977952:112.87464498202004] [53.348699087222421:92.632068670325808] [94.184043795982987:114.03726863510079] [7.0787967959483078:28.403944944430982] [12.821107655849293:23.697633007469339] [21.787066217497962:29.454249533893073] [-0.94952362460377926:20.525346462170745] [110.94702339641852:514.65571554970961] [380.41141463166019:514.5885745211973] [219.58208560926835:410.22384408497948]
tree_sizes=2801 2995 2291 1945 2906 2546 2554 2115 2817 2109 2732 2904 3173 2723 3181 2723 2914 2020 2717 2638 2922 2644 2818 2812 3181 2931 2646 2814 2914 2552 2928 2669 2658 2819 2558 2740 2831 2743 2848 3191 2935 3116 2825 2729 2480 3021 2844 2661 3019 2835 3045 3011 2381 3095 3024 2557 2570 3025 3105 2770 3021 3185 2934 3204 2952 2770 3113 3271 2849 3044 2753 2769 2936 2491 2777 2850 2566 3116 2502 2936 2673 2684 2680 2491 2673 2314 2410 2514 3025 2397 2304 2606 2762 2698 2968 2774 2673 2677 2500 2510 2769 2611 2858 2234 2874 2141 2594 2243 2759 2500 2848 2590 2335 2506 2420 2787 2595 2693 2681 2862 2708 2594 2514 2714 2588 2242 2516 2593 2431 2347 2519 2596 2621 2447 2597 2867 2953 2437 2420 2426 2344 2415 2328 2156 2162 2527 2520 2254 2522 2063 2705 2250 2510 2244 1793 1975 2515 2161 2582 2527 2157 2086 2075 2079 2433 2142 2166 1790 2254 1792 2078 2170 1711 1348 1972 1608 1700 1871 2066 2410 1695 1970 2327 1708 1884 2068 2061 1698 1888 1532 2075 2042

Tree=0
num_leaves=32
num_cat=0
split_feature=79 66 12 51 5 26 5 12 16 15 48 32 71 48 72 61 66 86 51 20 48 51 11 26 3 60 32 12 3 15 19
split_gain=87.399 25.0575 22.5618 16.6729 11.9776 9.11824 6.25141 4.78705 3.65539 3.38861 3.24577 3.06781 2.62982 2.5371 2.50456 1.97573 1.89742 1.62494 1.55881 1.47925 1.41078 1.49427 1.30501 1.12565 0.9652 0.943495 0.725069 0.647662 0.356231 0.341859 0.295025
threshold=101.77534775257114 -62.054765824741779 0.25000000000000011 104.22816956246344 4.4754375199476879 104.33312798606026 4.4428448410828922 0.25000000000000011 22.264510279761428 22.896820024649305 95.95433334337342 59.429615794817614 34.539161667095293 85.165313886094978 58.591900690330398 0.45589715414579507 -75.029548821714172 250.75690696909467 103.27412696114295 98.192473096847564 86.424307677304327 108.91569170886677 -0.56174490092936669 105.9718779012892 20.386413955158659 0.5415795742140973 65.811395548714572 -0.6830127018922193 21.269888196786237 20.552755555576763 102.05914958000183
decision_type=2 2 2 2 2 2 2 2 2 2 2 2 2 2 2 2 2 2 2 2 2 2 2 2 2 2 2 2 2 2 2
left_child=3 2 5 4 7 17 10 13 -5 15 12 -4 27 -1 -6 19 -11 -2 24 -7 22 -22 -14 -17 -13 -18 -12 30 -15 -20 -3
right_child=1 6 11 8 14 9 -8 -9 -10 16 26 18 20 28 -16 23 25 -19 29 -21 21 -23 -24 -25 -26 -27 -28 -29 -30 -31 -32
leaf_value=0.44763475078860371 0.44696047051759163 0.44009545172739983 0.44413400939265735 0.44697491361501407 0.45566316893695447 0.44442467127893404 0.44572686297524 0.44574180214401576 0.44288666692412609 0.44740735716012647 0.44251510192699184 0.44079472968135541 0.43931295075842253 0.45191286702410038 0.45138026790794361 0.44467035532407428 0.44582120447588869 0.45009275722609937 0.43925616652311361 0.44618883402837889 0.44267473872412821 0.44074912498178748 0.44159307017266852 0.44255632531886735 0.44311936391720591 0.44399469653579948 0.44453362594486823 0.43879677474326517 0.44976500841902256 0.44083608757331788 0.44148742971517924
leaf_weight=92 90 167 82 139 96 642 86 92 81 142 85 85 98 92 85 87 211 84 115 136 390 132 198 189 93 98 82 93 85 100 85
leaf_count=92 90 167 82 139 96 642 86 92 81 142 85 85 98 92 85 87 211 84 115 136 390 132 198 189 93 98 82 93 85 100 85
internal_value=0.444334 0.443316 0.444369 0.449086 0.450541 0.445213 0.441718 0.448849 0.44547 0.444821 0.441456 0.441398 0.441166 0.449885 0.453792 0.444339 0.44594 0.448541 0.440833 0.444739 0.441663 0.442171 0.440797 0.44322 0.441971 0.445244 0.443494 0.440019 0.450984 0.439935 0.440528
internal_weight=4332 3570 2154 762 542 1679 1416 361 220 1505 1330 475 1163 269 181 1054 451 174 393 778 818 522 296 276 178 309 167 345 177 215 252
internal_count=4332 3570 2154 762 542 1679 1416 361 220 1505 1330 475 1163 269 181 1054 451 174 393 778 818 522 296 276 178 309 167 345 177 215 252
is_linear=0
shrinkage=1


Tree=1
num_leaves=32
num_cat=0
split_feature=82 50 34 12 81 49 29 84 13 55 51 25 55 42 31 42 51 42 12 60 45 58 16 31 59 55 45 42 8 4 42
split_gain=79.518 27.0927 26.6254 19.4199 10.032 9.87658 7.26703 4.22725 4.05359 3.22512 3.06118 2.66968 2.36493 3.68292 2.28859 1.78775 2.02018 1.71536 1.46162 1.42855 1.34206 1.20545 1.04868 0.772764 0.676983 0.622513 0.498154 0.356935 0.190708 0.0815462 0.0227148
threshold=24.437412019683777 104.33389584523661 44.120059072706439 0.25000000000000011 13.249825759804617 104.32891959578903 58.679856727917993 151.34560384366003 0.6830127018922193 0.06367607409600104 111.56580130744867 95.080687777201348 0.062620213336673294 21.17377915313951 65.0455716111925 19.637841806963642 104.06148977535746 21.042454562253429 -0.6830127018922193 -0.49583572288000249 92.552462105574435 -0.96419758205060535 23.550992208056979 63.512972119078768 -0.021552804582491088 0.086604316161283987 103.19347068486393 24.23051919497826 0.12940952255126045 100.02047531445822 23.340193874195773
decision_type=2 2 2 2 2 2 2 2 2 2 2 2 2 2 2 2 2 2 2 2 2 2 2 2 2 2 2 2 2 2 2
left_child=1 4 3 5 -1 9 -5 18 10 -2 21 22 -6 20 -12 -8 17 -17 26 -3 -14 -7 30 -13 -21 -24 28 -27 -4 -30 -9
right_child=2 19 7 6 12 8 15 11 -10 -11 14 23 13 -15 -16 16 -18 -19 -20 24 -22 -23 25 -25 -26 27 -28 -29 29 -31 -32
leaf_value=0.010764801038413313 0.0021863005670528703 -0.00041864769891191361 -0.0027025201925401313 0.0018451112084074928 0.0035129481013630912 -0.0018279758451163724 -0.0049288524036821806 -0.0038898241826906153 0.0034297986859373728 0.0063730937044257554 0.0028010979133299987 -0.0014493987280631269 0.0058812781340184406 0.0036092890742444117 0.00033380615575558174 -0.002638646535797701 -0.0046839717894855068 -2.9010965228880477e-05 -0.0051734099766276844 0.0026412110941543242 0.009185002384085466 -3.7042745273744338e-05 -0.0011878492781477591 0.00051008905852084499 0.00074603183095543269 -0.0017492377659049567 -0.0023496537897037826 -0.0033089642232119075 -0.0044391936880541173 -0.0034458486738576238 -0.0029681432817959832
leaf_weight=106 95 137 84 82 133 98 101 86 100 88 161 83 91 97 203 237 85 81 133 86 81 857 152 108 99 81 134 86 91 181 95
leaf_count=106 95 137 84 82 133 98 101 86 100 88 161 83 91 97 203 237 85 81 133 86 81 857 152 108 99 81 134 86 91 181 95
internal_value=9.16151e-08 0.00430303 -0.00102237 2.50759e-05 0.00652173 0.000908014 -0.00238127 -0.00276289 0.000467132 0.00426677 0.00023556 -0.00191511 0.00533499 0.00618938 0.00143859 -0.00307556 -0.00257961 -0.00198035 -0.00369009 0.000776017 0.00756161 -0.000225795 -0.00250755 -0.000349726 0.00165413 -0.00194114 -0.00325979 -0.0025949 -0.0035808 -0.00382097 -0.00345991
internal_weight=4332 830 3502 2188 508 1602 586 1314 1419 183 1319 691 402 269 364 504 403 318 623 322 172 955 500 191 185 319 490 167 356 272 181
internal_count=4332 830 3502 2188 508 1602 586 1314 1419 183 1319 691 402 269 364 504 403 318 623 322 172 955 500 191 185 319 490 167 356 272 181
is_linear=0
shrinkage=0.015492


Tree=2
num_leaves=24
num_cat=0
split_feature=79 84 78 13 31 38 1 13 81 66 55 4 84 18 77 25 42 13 13 55 39 77 29
split_gain=82.3761 25.1705 18.5846 12.199 10.1309 6.40629 3.98001 4.33653 4.51785 3.24446 4.00853 3.16273 2.91148 3.18581 2.86905 1.73995 1.50779 1.42305 1.38269 1.23349 1.01577 0.869997 0.479114
threshold=101.77534775257114 423.63835610928442 55.302123965157399 -0.9330127018922193 61.196165049340998 4.4428448410828922 42.979872107505805 0.6830127018922193 15.121091452751301 -70.643934304449274 0.092651509613158989 95.996492434607617 148.31852129264385 19.790028414461347 107.24961859835518 91.670774577458701 21.024928980668392 -0.68301270189221952 0.6830127018922193 0.066064858674748358 4.3756774818897259 103.1335773142179 83.368015174865718
decision_type=2 2 2 2 2 2 2 2 2 2 2 2 2 2 2 2 2 2 2 2 2 2 2
left_child=2 3 -1 -2 9 12 7 8 15 -4 11 -11 18 -14 -10 21 -12 -16 22 -15 -17 -3 -5
right_child=1 6 4 5 -6 -7 -8 -9 14 10 16 -13 13 19 17 20 -18 -19 -20 -21 -22 -23 -24
leaf_value=0.010001204128934457 0.0027211842840130038 0.0019455188718094823 0.0015685138601871811 -0.0027208611692205106 -0.00070654852243791822 0.0014383266548233594 -0.0027557088579268987 0.0037234363084904611 -0.0025145253333423634 0.0010571724827112979 0.0074083561422123084 0.0049228061993904703 -0.0045056485805683071 -0.0013779001388262266 0.00073805347308795544 0.001266516033194426 0.0044581536794768397 -0.00073259203099501212 -0.0052261488028223077 -0.0025147986946254621 0.0030736571127042804 0.0002250139806784024 -0.0038884160126012981
leaf_weight=126 109 84 85 238 112 89 91 93 138 89 143 122 138 448 285 186 85 347 121 501 131 382 189
leaf_count=126 109 84 85 238 112 89 91 93 138 89 143 122 138 448 285 186 85 347 121 501 131 382 189
internal_value=1.55563e-07 -0.000987597 0.00461441 -0.00225246 0.00350733 -0.00257093 0.000348618 0.00052475 0.000326691 0.00440713 0.00494292 0.00332841 -0.00279134 -0.00231505 -0.000514981 0.00115337 0.00637731 -6.89312e-05 -0.00371913 -0.00198391 0.00203427 0.000545249 -0.00326014
internal_weight=4332 3570 762 1833 636 1724 1737 1646 1553 524 439 211 1635 1087 770 783 228 632 548 949 317 466 427
internal_count=4332 3570 762 1833 636 1724 1737 1646 1553 524 439 211 1635 1087 770 783 228 632 548 949 317 466 427
is_linear=0
shrinkage=0.015492


Tree=3
num_leaves=20
num_cat=0
split_feature=79 84 78 13 31 38 12 26 66 48 54 4 33 13 61 74 42 64 12
split_gain=79.8956 24.4065 18.0251 11.831 9.82692 6.21307 4.82611 4.57193 3.14653 3.10358 2.95877 3.08109 2.69042 3.90559 3.04358 2.4601 2.08554 1.50455 0.53318
threshold=101.77534775257114 423.63835610928442 55.302123965157399 -0.9330127018922193 61.196165049340998 4.4428448410828922 0.25000000000000011 104.33312798606026 -70.643934304449274 96.414699770256334 0.090363363281437098 95.983859918382436 41.869046545558511 0.6830127018922193 0.52746245409292325 34.362252005404912 19.637841806963642 0.22681221993765499 -0.6830127018922193
decision_type=2 2 2 2 2 2 2 2 2 2 2 2 2 2 2 2 2 2 2
left_child=2 3 -1 -2 8 9 7 -3 -4 15 11 -10 13 14 -9 18 -17 -12 -5
right_child=1 6 4 5 -6 -7 -8 12 10 -11 17 -13 -14 -15 -16 16 -18 -19 -20
leaf_value=0.0098496832318322944 0.0026800989278225437 0.0034620187094780569 0.0015450006203977093 -0.0036678971509280542 -0.00069587354014059659 0.0014167336209439658 -0.0026847968130424803 0.00066596391504344975 0.0012738250340641548 -0.00063364209188754739 0.0074436244139023423 0.004971488289667818 -0.0020785976612969865 0.003559608147551564 -0.0011742479941614912 -0.0047204749131478053 -0.0023831374894903879 0.0044031441250180336 -0.0052820964877865464
leaf_weight=126 109 118 85 256 112 89 115 1043 89 153 119 146 101 91 269 102 1035 85 89
leaf_count=126 109 118 85 256 112 89 115 1043 89 153 119 146 101 91 269 102 1035 85 89
internal_value=3.32902e-07 -0.000972434 0.00454458 -0.00221795 0.00345429 -0.00253158 0.000343344 0.000562415 0.00434049 -0.00274865 0.00486814 0.00360342 0.00032876 0.000505977 0.000286875 -0.00296531 -0.00260414 0.00625509 -0.00412432
internal_weight=4332 3570 762 1833 636 1724 1737 1622 524 1635 439 235 1504 1403 1312 1482 1137 204 345
internal_count=4332 3570 762 1833 636 1724 1737 1622 524 1635 439 235 1504 1403 1312 1482 1137 204 345
is_linear=0
shrinkage=0.015492


Tree=4
num_leaves=31
num_cat=0
split_feature=79 2 78 31 85 1 47 14 51 79 21 34 66 55 4 7 5 48 61 2 50 48 59 61 61 55 48 51 44 55
split_gain=77.4906 22.2502 17.4823 9.53221 7.30941 4.40354 3.61557 3.18404 3.82165 3.24698 3.1555 5.78455 3.05165 3.80587 2.99437 2.40513 1.83964 1.62983 1.5423 1.13317 1.05473 1.0309 0.947158 0.785153 0.70736 0.661547 0.568239 0.802135 0.749152 0.116243
threshold=101.77534775257114 38.719038755628809 55.302123965157399 61.196165049340998 426.58685837889306 42.259365615844736 96.329624162426711 22.864743158022574 104.71173833255416 106.9585274644693 93.556731717851434 35.771517300605787 -70.643934304449274 0.092651509613158989 95.996492434607617 66.019778277079311 4.1120805350277152 96.108589335503396 -0.40684997205385182 32.896371307373066 111.65407595705106 90.609733369173838 0.045987561852832932 1.4189489164025597 2.5773159907014223 0.064716319560709126 86.708318884372716 108.74596851967001 102.56795816456831 0.10903225414929328
decision_type=2 2 2 2 2 2 2 2 2 2 2 2 2 2 2 2 2 2 2 2 2 2 2 2 2 2 2 2 2 2
left_child=2 17 -1 12 10 7 21 8 -6 -10 15 -12 -4 14 -14 -3 -9 19 -15 -2 -18 24 -13 -17 -7 -23 29 28 -28 -21
right_child=1 4 3 -5 5 6 -8 16 9 -11 11 22 13 18 -16 23 20 -19 -20 26 -22 25 -24 -25 -26 -27 27 -29 -30 -31
leaf_value=0.0097004580406681602 -0.0045077094770269981 -0.00097506486979854958 0.0015218398834289438 -0.00068535986977905582 0.0023413552476962214 -0.0034569617402734356 0.0016992234094215513 0.0037763866633386644 -0.0018363729850873131 0.00027598829645643022 0.0017735940890681234 -0.0013652957297453216 0.0010126119854542109 0.0042201753030665168 0.0047732249559274964 -0.0045800121814523519 0.00072868595762900221 -0.0014519826593725629 0.0071969920750518512 -0.0031792766552934107 0.002718872720275994 2.6056838350084773e-05 -0.0035481373888170257 -0.0024489986023153629 -0.0014909363502615201 -0.0016653390990894487 -0.0028261786867022961 -0.0038127473633385975 -0.0010637900636656242 -0.004391402050535397
leaf_weight=126 189 117 85 112 160 96 90 81 226 735 139 122 89 82 122 124 275 122 146 102 82 95 83 81 93 130 143 99 105 81
leaf_count=126 189 117 85 112 160 96 90 81 226 735 139 122 89 82 122 124 275 122 146 102 82 95 83 81 93 130 143 99 105 81
internal_value=5.1037e-07 -0.000957504 0.00447584 0.00340209 -0.000277344 0.000178664 -0.00107628 0.000585645 0.000146522 -0.000224637 -0.00168476 -0.000644256 0.00427489 0.00479453 0.00322194 -0.00278072 0.00170113 -0.00315612 0.0061919 -0.0034383 0.00120392 -0.00168734 -0.00228593 -0.00378342 -0.00252643 -0.000959389 -0.00303477 -0.00261652 -0.00210086 -0.00377521
internal_weight=4332 3570 762 636 2729 2063 504 1559 1121 961 666 344 524 439 211 322 438 841 228 719 357 414 205 205 189 225 530 347 248 183
internal_count=4332 3570 762 636 2729 2063 504 1559 1121 961 666 344 524 439 211 322 438 841 228 719 357 414 205 205 189 225 530 347 248 183
is_linear=0
shrinkage=0.015492


Tree=5
num_leaves=27
num_cat=0
split_feature=79 2 12 81 31 49 1 47 13 66 32 72 54 4 12 42 48 85 61 82 83 53 17 31 31 15
split_gain=75.1634 21.5812 17.7118 16.5692 9.68306 8.2748 4.89027 3.88481 3.44545 3.32406 3.28726 3.2348 3.22508 2.98726 1.99869 1.91786 1.59194 1.49289 1.4298 1.05341 0.48026 0.629725 0.471593 0.230121 0.177051 0.0523409
threshold=101.77534775257114 38.719038755628809 0.25000000000000011 13.249825759804617 61.196165049340998 104.32891959578903 42.259365615844736 96.329624162426711 0.6830127018922193 -70.643934304449274 59.429615794817614 63.777416096197207 0.090363363281437098 95.983859918382436 -0.6830127018922193 21.560519724885619 90.609733369173838 410.2368346716587 -0.42154844111866291 25.202826172713809 18.142427619644589 0.12505663212045101 21.194056981934448 81.966554937362687 83.39347594473098 20.46194908883836
decision_type=2 2 2 2 2 2 2 2 2 2 2 2 2 2 2 2 2 2 2 2 2 2 2 2 2 2
left_child=3 14 5 -1 9 15 8 16 11 -5 -4 -7 13 -11 19 -3 -8 -12 -14 -2 21 -21 25 -23 -22 -19
right_child=1 2 10 4 -6 6 7 -9 -10 12 17 -13 18 -15 -16 -17 -18 22 -20 20 24 23 -24 -25 -26 -27
leaf_value=0.0099708537950802308 -0.0011211880986824161 0.0049740346384062033 -4.3401841502957926e-05 0.001476660336179262 -0.00063882692825604061 0.0013779910257652153 -0.002755601170200803 0.001673704871792083 0.0032693464976032457 0.0012279078286480275 -0.0020247424851498204 -0.00021071346672698333 0.0043339108494344957 0.0048498545198991088 -0.0047409616893124484 0.0016761736066791279 -0.00086986405613748846 -0.0047404309110454538 0.0072918719539762557 -0.001777295089448287 -0.0030002481527157373 -0.0026450133997888516 -0.0027513640647678183 -0.0038824137918714047 -0.0042134603713537841 -0.0036068523256284567
leaf_weight=108 90 97 89 87 114 457 217 90 99 89 158 927 81 150 151 81 218 134 133 156 115 151 81 81 97 81
leaf_count=108 90 97 89 87 114 457 217 90 99 89 158 927 81 150 151 81 218 134 133 156 115 151 81 81 97 81
internal_value=4.85765e-07 -0.000943033 -0.000273176 0.00440811 0.00345019 0.000349689 6.36981e-05 -0.00121724 0.000518685 0.00431241 -0.00276962 0.000315566 0.00484423 0.00353174 -0.00310834 0.00352373 -0.00182255 -0.00330027 0.00624415 -0.00273295 -0.00296814 -0.00259672 -0.0039551 -0.00311917 -0.00360415 -0.00436639
internal_weight=4332 3570 2729 762 654 2186 2008 525 1483 540 543 1384 453 239 841 178 435 454 214 690 600 388 296 232 212 215
internal_count=4332 3570 2729 762 654 2186 2008 525 1483 540 543 1384 453 239 841 178 435 454 214 690 600 388 296 232 212 215
is_linear=0
shrinkage=0.015492


Tree=6
num_leaves=27
num_cat=0
split_feature=79 84 78 13 31 38 12 75 32 84 3 50 63 64 61 11 57 19 55 12 55 6 57 76 44 60
split_gain=72.907 22.2067 16.4961 11.0105 9.3369 5.75545 4.49989 3.15925 4.17618 2.60392 2.72554 2.58178 2.58428 2.51495 2.43836 2.0608 1.9483 1.669 1.4088 1.26549 1.13445 1.13111 0.805908 0.68266 0.467104 0.40957
threshold=101.77534775257114 423.63835610928442 55.177905876768961 -0.9330127018922193 61.196165049340998 4.4428448410828922 0.25000000000000011 63.066463360720213 70.907851481437675 148.31852129264385 20.553514129320789 104.33389584523661 0.97795826920619144 0.22681221993765499 0.52746245409292325 1.0000000180025095e-35 1.2427905034781872 98.192473096847564 0.089591859315977948 -0.6830127018922193 0.066064858674748358 102.60740236706205 2.084412401894935 109.20762017495103 102.82640469727694 0.12494958515521405
decision_type=2 2 2 2 2 2 2 2 2 2 2 2 2 2 2 2 2 2 2 2 2 2 2 2 2 2
left_child=2 3 -1 -2 11 9 7 15 14 19 21 12 -4 -14 17 18 -17 -9 25 24 -12 -11 -15 -16 -5 -3
right_child=1 6 4 5 -6 -7 -8 8 -10 10 20 -13 13 22 23 16 -18 -19 -20 -21 -22 -23 -24 -25 -26 -27
leaf_value=0.0098911554509842747 0.0026080554033905169 0.00047053211712640234 0.002226350035806287 -0.0034205349197582646 -0.00062917096158522743 0.001380378530951083 -0.002597641268823927 -0.00037430343006324878 0.0025551139490780418 -0.0020215483286650546 -0.0010980863595093195 0.0016788492099620274 0.0074557842966408187 0.003710980184459371 -0.0024517088001628062 0.0011769343631458813 0.0038594780555693793 0.0012737492849348596 0.0021765107970468981 -0.0049454291378215141 -0.0022585125536994945 -0.0043525844010374936 0.0057595831817078801 -0.00063599094990100043 -0.0021855745956441694 -0.00089790559440434167
leaf_weight=108 109 118 89 299 114 89 115 505 135 83 375 85 98 184 132 141 124 205 89 121 464 165 84 83 128 90
leaf_count=108 109 118 89 299 114 89 115 505 135 83 375 85 98 184 132 141 124 205 89 121 464 165 84 83 128 90
internal_value=5.07837e-07 -0.000928741 0.00434146 -0.0021168 0.00338604 -0.00241938 0.000326341 0.000537887 3.90359e-05 -0.00262831 -0.00217794 0.00423271 0.00469623 0.00527481 -0.000334782 0.00147369 0.00246012 0.0001046 0.000578277 -0.00350564 -0.00174541 -0.00360453 0.0044071 -0.0017686 -0.00306744 -0.000125283
internal_weight=4332 3570 762 1833 654 1724 1737 1622 1060 1635 1087 540 455 366 925 562 265 710 297 548 839 248 268 215 427 208
internal_count=4332 3570 762 1833 654 1724 1737 1622 1060 1635 1087 540 455 366 925 562 265 710 297 548 839 248 268 215 427 208
is_linear=0
shrinkage=0.015492


Tree=7
num_leaves=22
num_cat=0
split_feature=79 84 81 13 31 38 35 13 81 66 55 4 48 77 74 42 70 50 42 13 13
split_gain=70.7193 21.7551 15.3364 10.6496 8.7933 5.63257 3.78388 3.86231 4.52578 3.18695 4.14573 2.89728 2.86278 2.71721 2.25999 1.88022 1.72271 2.22402 1.50472 1.33217 0.475913
threshold=101.71394007444387 423.63835610928442 13.249825759804617 -0.9330127018922193 61.196165049340998 4.4428448410828922 43.894817516538836 0.6830127018922193 15.121091452751301 -70.643934304449274 0.092651509613158989 95.996492434607617 96.414699770256334 107.24961859835518 34.362252005404912 19.438005526617726 0.52237851460774476 111.23568364478926 21.042454562253429 -0.68301270189221952 0.6830127018922193
decision_type=2 2 2 2 2 2 2 2 2 2 2 2 2 2 2 2 2 2 2 2 2
left_child=2 3 -1 -2 9 12 7 8 16 -4 11 -11 14 -10 20 -16 17 -3 -12 -15 -5
right_child=1 6 4 5 -6 -7 -8 -9 13 10 18 -13 -14 19 15 -17 -18 -19 -20 -21 -22
leaf_value=0.009677085382736492 0.0025686781228305552 0.00017202602335129964 0.0014189539257530911 -0.0034694789065223748 -0.00062440879298593225 0.0013621392627699092 -0.0028009041055130079 0.0035522459585929644 -0.0024401572635989908 0.0008542367692347464 0.0071006926303675659 0.0045849034247174231 -0.00055966435994997149 0.00068921666231733453 -0.0046313901517742086 -0.0022521251003887106 0.0027555888962927789 0.0020583394574794924 0.0041722373306160168 -0.00073100716058576755 -0.0049942564641008809
leaf_weight=108 109 445 86 257 108 90 85 91 142 86 154 122 154 287 87 1051 129 224 81 347 89
leaf_count=108 109 445 86 257 108 90 85 91 142 86 154 122 154 287 87 1051 129 224 81 347 89
internal_value=6.86381e-07 -0.00090214 0.00433461 -0.00207837 0.00338973 -0.00237529 0.000333887 0.000498474 0.000315782 0.00420837 0.00473719 0.00307514 -0.0025827 -0.000525665 -0.00279111 -0.00244518 0.0011331 0.000809783 0.00615359 -8.7753e-05 -0.00389943
internal_weight=4332 3587 745 1837 637 1728 1750 1665 1574 529 443 208 1638 776 1484 1138 798 669 235 634 346
internal_count=4332 3587 745 1837 637 1728 1750 1665 1574 529 443 208 1638 776 1484 1138 798 669 235 634 346
is_linear=0
shrinkage=0.015492


Tree=8
num_leaves=30
num_cat=0
split_feature=79 66 12 78 30 26 5 40 66 48 32 38 74 61 66 44 86 35 48 48 49 11 26 41 50 60 32 12 21
split_gain=68.6055 19.8139 18.1055 15.5711 8.50044 7.92918 5.09951 3.13156 2.77002 2.72587 2.63581 2.57353 2.08149 1.80179 1.63046 1.60752 1.56377 1.50244 1.38519 1.32429 1.28315 1.26594 1.04833 1.04774 0.971356 0.946303 0.724158 0.441565 0.226881
threshold=101.77534775257114 -62.054765824741779 0.25000000000000011 55.302123965157399 61.193834770520532 104.33312798606026 4.4428448410828922 23.000260032901064 -70.643934304449274 95.95433334337342 59.429615794817614 4.4216449046134976 34.362252005404912 0.45589715414579507 -75.029548821714172 93.049311337117814 250.75690696909467 38.886155583593585 86.424307677304327 90.729261994450184 102.5112238544888 -0.56174490092936669 105.9718779012892 20.363320685978291 108.68292526262779 0.5415795742140973 65.811395548714572 -0.6830127018922193 102.16807468414309
decision_type=2 2 2 2 2 2 2 2 2 2 2 2 2 2 2 2 2 2 2 2 2 2 2 2 2 2 2 2 2
left_child=3 2 5 -1 8 16 9 13 -5 12 -4 15 27 19 -9 -10 -2 -17 21 -7 -12 -14 -15 -22 -20 -16 -11 28 -3
right_child=1 6 10 4 -6 7 -8 14 11 26 20 -13 18 22 25 17 -18 -19 24 -21 23 -23 -24 -25 -26 -27 -28 -29 -30
leaf_value=0.0091424659615091143 0.002357436976953114 -0.0038083682901816768 -9.3073399734252014e-05 0.0013973218393571688 -0.00092522745794558015 -5.6686047283168177e-05 0.0012980944694006694 0.0030727043549162478 0.0017084476559838231 -0.0016713997344005513 -0.001447258842721084 0.0063699568897799107 -0.0046577357194159483 0.00026910703137524641 0.0015453480512536756 0.005198181083623723 0.005411135969233251 0.0024699413273357594 -0.0013818675240763411 0.001254280321944084 -0.0046197352635574257 -0.0024644687448485613 -0.0016760190144015515 -0.0026838105226514217 -0.0028163939247154899 -0.00044114592593401348 0.00034239048848643742 -0.0049192796457176256 -0.0025541277025979935
leaf_weight=126 90 166 82 88 100 552 86 124 82 85 89 126 101 99 177 158 84 82 343 275 143 206 195 161 177 83 82 89 81
leaf_count=126 90 166 82 88 100 552 86 124 82 85 89 126 101 99 177 158 84 82 343 275 143 206 195 161 177 83 82 89 81
internal_value=8.64199e-07 -0.000900554 3.56888e-05 0.00421182 0.00319853 0.00079176 -0.00232204 0.000426209 0.00396887 -0.00255845 -0.00262545 0.00446181 -0.00282392 1.13639e-05 0.00162805 0.00366567 0.0038954 0.00430621 -0.00238965 0.000381942 -0.00314915 -0.00322242 -0.00102442 -0.0036291 -0.00188298 0.000912949 -0.000692889 -0.00386353 -0.00343114
internal_weight=4332 3570 2154 762 636 1679 1416 1505 536 1330 475 448 1163 1121 384 322 174 240 827 827 393 307 294 304 520 260 167 336 247
internal_count=4332 3570 2154 762 636 1679 1416 1505 536 1330 475 448 1163 1121 384 322 174 240 827 827 393 307 294 304 520 260 167 336 247
is_linear=0
shrinkage=0.015492


Tree=9
num_leaves=22
num_cat=0
split_feature=78 84 51 13 78 12 51 48 16 2 18 61 33 13 61 74 32 64 12 4 74
split_gain=61.9869 23.402 14.3347 9.80089 8.89022 5.46714 11.5745 4.62714 2.89606 2.84447 2.73195 2.62682 2.35426 3.48247 2.99921 1.78237 1.69443 1.65972 0.936377 0.45671 0.355002
threshold=57.340571262439106 423.63835610928442 104.43718461124986 -0.9330127018922193 55.177905876768961 0.25000000000000011 103.68119598538789 96.414699770256334 22.580033186541673 36.825469807518857 19.790028414461347 -0.50217019992111733 42.264394739998714 0.6830127018922193 0.52746245409292325 36.767890209588735 59.429615794817614 0.23871733380935684 -0.6830127018922193 100.02047531445822 102.47702307436204
decision_type=2 2 2 2 2 2 2 2 2 2 2 2 2 2 2 2 2 2 2 2 2
left_child=2 3 4 -2 -1 6 -3 9 -4 18 -11 -6 13 14 -8 -9 -12 20 19 -5 -13
right_child=1 5 8 7 11 -7 12 15 -10 10 16 17 -14 -15 -16 -17 -18 -19 -20 -21 -22
leaf_value=0.0096959832064346524 0.0024549240897369711 0.0063059633723049294 0.0026603781810619104 -0.0041034470451326759 0.0026778091592805403 -0.0024429498235665507 0.00071436811889643052 -0.0013289912466656849 -0.0012409019771926792 -0.0040605018249100988 0.00023910038960031502 0.007413620512427904 -0.0019554468846339364 0.0034241593235995798 -0.0010427613369637133 0.0016724437012896544 -0.0019628055702934199 0.0034955278782994349 -0.0046714861533658589 -0.0027666944338408657 0.0052390882882920034
leaf_weight=106 108 81 83 95 129 142 1143 105 95 139 94 82 93 92 290 82 729 82 129 350 83
leaf_count=106 108 81 83 95 129 142 1143 105 95 139 94 82 93 92 290 82 729 82 129 350 83
internal_value=9.06945e-07 -0.0007856 0.00436148 -0.00202435 0.00574211 0.000447599 0.000692915 -0.00230875 0.000590966 -0.00258838 -0.00206174 0.00456285 0.000401298 0.000548448 0.000357352 -7.0554e-06 -0.00171125 0.00550533 -0.00345635 -0.00307649 0.00642752
internal_weight=4332 3672 660 1831 482 1841 1699 1723 178 1536 962 376 1618 1525 1433 187 823 247 574 445 165
internal_count=4332 3672 660 1831 482 1841 1699 1723 178 1536 962 376 1618 1525 1433 187 823 247 574 445 165
is_linear=0
shrinkage=0.015492


Tree=10
num_leaves=29
num_cat=0
split_feature=79 2 12 78 31 26 33 48 32 18 32 61 50 63 12 48 61 45 48 85 82 61 83 42 17 10 31 15
split_gain=64.684 18.7583 15.3828 14.6381 8.34885 7.6142 3.94398 3.43049 3.29526 3.12671 2.97836 2.88689 2.37279 2.40796 1.75068 1.73213 1.94656 1.67679 1.5718 1.38817 0.936502 0.59077 0.420673 0.591897 0.415363 0.39623 0.174372 0.0227925
threshold=101.77534775257114 38.719038755628809 0.25000000000000011 55.177905876768961 61.196165049340998 104.33312798606026 41.869046545558511 90.609733369173838 69.611252222061168 21.61647111839719 59.429615794817614 0.52746245409292325 104.33389584523661 0.97795826920619144 -0.6830127018922193 85.165313886094978 -0.46102235666025132 100.82329509222951 96.108589335503396 410.2368346716587 25.202826172713809 2.8757137242944144 18.142427619644589 23.57800561322107 21.194056981934448 1.0000000180025095e-35 83.39347594473098 20.46194908883836
decision_type=2 2 2 2 2 2 2 2 2 2 2 2 2 2 2 2 2 2 2 2 2 2 2 2 2 2 2 2
left_child=3 14 5 -1 12 9 8 21 11 -3 -4 -7 13 -5 20 -15 -17 -10 -9 -12 -2 -8 23 -22 27 -25 -24 -21
right_child=1 2 10 4 -6 6 7 18 17 -11 19 -13 -14 15 -16 16 -18 -19 -20 24 22 -23 26 25 -26 -27 -28 -29
leaf_value=0.0093177756242032658 -0.0010236708749333016 0.0049763335127769983 1.5016505313556143e-05 0.002055743801874366 -0.00060662715445296582 0.00056432539523569407 -0.0032881659417275401 -0.00069320621560836626 0.00087570258905325302 0.0010151000391578756 -0.0018549270085893423 -0.0012354454528090172 0.0015455417415034124 0.0030911957847635941 -0.0044205192974724767 0.0037006481069263796 0.0066768736595816799 0.0039317870077277967 0.0017791450467399032 -0.0044292635541736732 -0.0033824834865560016 -0.0016024462566069477 -0.0027770373271952908 -0.0013268944173715838 -0.0025818931066538763 -0.0025601602535067834 -0.0039476486220927712 -0.0034168313769703685
leaf_weight=108 90 107 89 89 114 1015 121 231 87 88 158 268 85 99 151 96 171 87 81 134 113 101 115 132 81 143 97 81
leaf_count=108 90 107 89 89 114 1015 121 231 87 88 158 268 85 99 151 96 171 87 81 134 113 101 115 132 81 143 97 81
internal_value=1.10057e-06 -0.000874176 -0.000249667 0.00408993 0.00318991 0.000330797 4.26623e-05 -0.00109275 0.000460177 0.00322941 -0.0025762 0.000186411 0.00399054 0.00443468 -0.0028929 0.00499262 0.00565734 0.00244287 -4.08001e-05 -0.0030813 -0.00254171 -0.00255158 -0.00276337 -0.00241609 -0.00371176 -0.00198814 -0.00335819 -0.00409779
internal_weight=4332 3570 2729 762 654 2186 1991 534 1457 195 543 1283 540 455 841 366 267 174 312 454 690 222 600 388 296 275 212 215
internal_count=4332 3570 2729 762 654 2186 1991 534 1457 195 543 1283 540 455 841 366 267 174 312 454 690 222 600 388 296 275 212 215
is_linear=0
shrinkage=0.015492


Tree=11
num_leaves=31
num_cat=0
split_feature=79 84 12 78 30 26 85 1 14 53 61 51 42 64 55 30 20 25 55 12 42 83 26 19 62 79 31 31 36 30
split_gain=62.7417 18.9757 16.0326 14.218 7.83899 7.82104 2.71329 3.07504 3.5545 2.6603 2.34577 2.29848 2.26054 2.05756 1.97527 1.92556 2.61187 1.87098 1.81223 1.71473 0.98456 1.28837 0.976864 0.861947 0.651632 0.527575 0.483774 0.238506 0.22913 0.0325748
threshold=101.77534775257114 168.00456889655737 0.25000000000000011 55.302123965157399 61.193834770520532 104.33312798606026 489.67734540914466 41.855303831630287 23.303826349311404 0.090064965034076613 -0.50217019992111733 103.27412696114295 21.042454562253429 0.24814207097621663 0.062620213336673294 64.673071288002902 98.041998277240353 91.758077902264077 0.06367607409600104 -0.6830127018922193 23.594237388239964 18.019198645305892 103.84288861698576 104.17510258568659 -0.011794369012394277 103.71731955024933 72.840367751651385 84.470069693459422 34.740654465887303 82.019847894244734
decision_type=2 2 2 2 2 2 2 2 2 2 2 2 2 2 2 2 2 2 2 2 2 2 2 2 2 2 2 2 2 2
left_child=3 19 5 -1 9 18 7 8 -7 -5 17 12 24 -9 -12 -8 -17 -11 -3 20 27 23 -16 26 -4 -13 -22 -2 -21 -23
right_child=1 2 11 4 -6 6 15 13 -10 10 14 25 -14 -15 22 16 -18 -19 -20 28 21 29 -24 -25 -26 -27 -28 -29 -30 -31
leaf_value=0.0087396693988176285 -0.0027353606863341168 0.0018452198434966776 -0.0014545167985970738 0.0014225346654519785 -0.00090000675869832505 -0.00021596050625345163 0.0029471659138691781 0.00074168527142279533 0.0018726000653141155 0.0042786930502012235 0.0030882434759989144 -0.0024773064177517836 0.0005395564524413311 -0.0020433645028232958 0.007480258070537843 -0.0014318805958672021 0.001727528057444601 0.0010726082398915952 0.0049562218219842118 -0.0047577053998163086 -0.0015943897382958787 -0.0026493144910911697 0.0047474330317751048 -0.0029326626511604723 -0.0032317401649503814 -0.004192132835277123 -0.00032198991622994501 -0.0040188375714643012 -0.0032475705210719481 -0.0035660188244778061
leaf_weight=126 130 95 100 97 100 898 116 81 247 99 81 82 84 274 88 97 167 81 93 94 203 82 90 82 115 162 113 87 82 86
leaf_count=126 130 95 100 97 100 898 116 81 247 99 81 82 84 274 88 97 167 81 93 94 203 82 90 82 115 162 113 87 82 86
internal_value=1.0863e-06 -0.000860949 -0.000175468 0.00402806 0.00305977 0.000447269 0.000143663 -0.000153116 0.000238029 0.00379955 0.00431203 -0.00253729 -0.00160204 -0.00140681 0.00526799 0.00130783 0.000563467 0.00287553 0.00343552 -0.00272113 -0.00239342 -0.00203262 0.0061953 -0.00153298 -0.00243529 -0.00365135 -0.00114659 -0.00329563 -0.0041174 -0.00317061
internal_weight=4332 3570 2611 762 636 2068 1880 1500 1145 536 439 543 299 355 259 380 264 180 188 959 783 566 178 398 215 244 316 217 176 168
internal_count=4332 3570 2611 762 636 2068 1880 1500 1145 536 439 543 299 355 259 380 264 180 188 959 783 566 178 398 215 244 316 217 176 168
is_linear=0
shrinkage=0.015492


Tree=12
num_leaves=34
num_cat=0
split_feature=79 66 78 30 4 85 29 13 35 66 38 81 2 56 32 44 40 51 48 80 51 48 13 72 50 64 32 59 86 44 51 18 51
split_gain=60.8796 17.9179 13.5607 7.66683 5.97359 4.78144 4.40422 4.88986 3.33457 2.98561 2.74614 2.39058 2.34648 2.18176 2.12256 2.01523 1.86273 1.67768 1.64607 1.4714 1.40542 1.69085 1.17913 0.916011 0.878592 0.86162 0.764258 0.568342 0.479887 0.437233 0.395732 0.125614 0.0976261
threshold=101.71394007444387 -62.054765824741779 55.177905876768961 61.459760856628428 97.632774957021084 486.33619036139834 66.81978278901839 -0.9330127018922193 33.225097873475825 -70.887339993582827 4.4216449046134976 15.121091452751301 36.825469807518857 3.4001674395809856 69.611252222061168 92.997163197552723 20.517982834798325 103.20426684167651 86.64988100060711 24.911053156884446 111.38514186991587 90.697467301068485 0.6830127018922193 63.67481782979435 109.82171382175194 0.26281135852332344 77.69229619873893 0.03987017331300536 296.37893507004054 102.98847080972462 108.91569170886677 23.660450708071394 103.3329325106409
decision_type=2 2 2 2 2 2 2 2 2 2 2 2 2 2 2 2 2 2 2 2 2 2 2 2 2 2 2 2 2 2 2 2 2
left_child=2 4 -1 9 6 12 13 -8 -6 -4 15 20 22 19 24 -11 32 -17 27 -2 23 -22 28 -10 -13 -21 30 -14 29 -3 -20 -30 -9
right_child=1 5 3 -5 8 -7 7 16 11 10 -12 14 18 -15 -16 17 -18 -19 26 25 21 -23 -24 -25 -26 -27 -28 -29 31 -31 -32 -33 -34
leaf_value=0.0090452028559742416 0.001067872008194788 -0.0028705932858554312 0.0010454079629875809 -0.0010540886083141737 0.003871897805009389 0.0011051182548918526 0.0012107028638291566 -0.0031472296046143279 0.0012111901842609852 0.0012830678861981372 0.0060867063079461875 -0.0021863866342604044 -0.0020533375577109656 0.0022384282321316709 0.0017647603188712068 0.0059702782995553379 -0.0014910443444713791 0.0031150536435911196 -0.0011905538727040718 -0.00096704934833884094 0.00089312641204738683 0.003701804199236566 -0.0044540181393182337 -0.00064425354417631557 -0.00034311232329384365 0.00071274300264383963 -0.00014656693085652328 -0.003727656140325429 -0.0038489567058571294 -0.0015593297529812361 -0.0023653383084063168 -0.0028449719725110673 -0.0043371361995023392
leaf_weight=108 145 135 82 89 82 97 90 81 216 82 145 84 122 90 94 82 148 157 218 430 104 104 129 88 223 86 119 102 92 137 109 160 102
leaf_count=108 145 135 82 89 82 97 90 81 216 82 145 84 122 90 94 82 148 157 218 430 104 104 129 88 223 86 119 102 92 137 109 160 102
internal_value=1.10568e-06 -0.00083656 0.00402224 0.00313409 5.02077e-05 -0.00218728 -0.000698447 -0.00196106 0.000931606 0.00381638 0.00429449 0.000656236 -0.00243059 1.39634e-05 -0.000238847 0.00343834 -0.0028267 0.00415368 -0.00177283 -0.000297067 0.00135489 0.00232885 -0.00309472 0.000672808 -0.000863173 -0.000684543 -0.00121536 -0.00285329 -0.0027377 -0.00223341 -0.00159942 -0.00325069 -0.00386711
internal_weight=4332 3587 745 637 2167 1420 1172 421 995 548 466 913 1323 751 401 321 331 239 670 661 512 208 653 304 307 516 446 224 524 272 327 252 183
internal_count=4332 3587 745 637 2167 1420 1172 421 995 548 466 913 1323 751 401 321 331 239 670 661 512 208 653 304 307 516 446 224 524 272 327 252 183
is_linear=0
shrinkage=0.015492


Tree=13
num_leaves=29
num_cat=0
split_feature=79 84 12 78 26 31 32 66 55 43 50 18 42 32 21 1 48 14 12 84 42 83 19 32 42 36 32 36
split_gain=59.0513 18.1222 15.0881 13.1549 7.50017 7.4492 2.89801 2.88067 3.04511 3.15131 2.6428 2.37794 2.01335 1.90745 2.407 1.803 2.92255 2.91105 1.61654 1.21878 0.93722 1.21877 0.828606 0.494463 0.399925 0.740664 0.299793 0.216884
threshold=101.71394007444387 168.00456889655737 0.25000000000000011 55.177905876768961 104.33312798606026 61.196165049340998 59.429615794817614 -70.643934304449274 0.092651509613158989 96.022491686432446 111.70795460100528 21.61647111839719 21.042454562253429 64.730598380830585 98.317152716318802 41.855303831630287 95.95433334337342 23.303826349311404 -0.6830127018922193 411.93330409070887 23.594237388239964 18.142427619644589 104.17510258568659 69.851597272025273 20.457764323066787 104.79522684203255 83.98674856503807 34.740654465887303
decision_type=2 2 2 2 2 2 2 2 2 2 2 2 2 2 2 2 2 2 2 2 2 2 2 2 2 2 2 2
left_child=3 18 4 -1 11 7 -4 -5 9 -9 15 -3 -10 -12 -15 17 -17 -6 20 -8 26 22 23 -22 -21 -26 -2 -20
right_child=1 2 6 5 10 -7 19 8 12 -11 13 -13 -14 14 -16 16 -18 -19 27 24 21 -23 -24 -25 25 -27 -28 -29
leaf_value=0.0089086672018252409 -0.002638327800541834 0.0047645889093962529 9.3080781654808571e-05 0.0012302715986280159 -0.00024051133057952407 -0.00060716810324509362 -0.0017299520548907429 0.0012366446699562008 0.0066469954180458177 0.0051031620996508749 0.0029865140888478046 0.0012637092323045753 0.00340562439958754 -0.00084128211367257661 0.0022870868110266476 -0.0016855750309193421 0.0015671393893914459 0.0016273896954327573 -0.0046191854258117284 -0.0041548389181955466 -0.0016687385055956332 -0.0031755706348781487 -0.0028882019586130153 -0.00045487290877373063 -0.0017125168920340394 -0.0038963053594161905 -0.0040304248944909391 -0.0031513659672510116
leaf_weight=108 136 112 90 88 882 108 147 120 152 88 113 83 81 131 103 320 81 256 94 145 193 149 84 142 81 82 81 82
leaf_count=108 136 112 90 88 882 108 147 120 152 88 113 83 81 131 103 320 81 256 94 145 193 149 84 142 81 82 81 82
internal_value=1.13931e-06 -0.000823852 -0.000156788 0.00396143 0.000444805 0.00308668 -0.00244443 0.00384019 0.00434958 0.00291963 0.000143513 0.00331447 0.00557516 0.001359 0.000546282 -0.000132486 -0.00102192 0.000182614 -0.00264072 -0.00294402 -0.00232326 -0.00197245 -0.0015259 -0.00116262 -0.00350206 -0.00285958 -0.00320374 -0.00399675
internal_weight=4332 3587 2626 745 2081 637 545 529 441 208 1886 195 233 347 234 1539 401 1138 961 455 785 568 419 335 308 163 217 176
internal_count=4332 3587 2626 745 2081 637 545 529 441 208 1886 195 233 347 234 1539 401 1138 961 455 785 568 419 335 308 163 217 176
is_linear=0
shrinkage=0.015492


Tree=14
num_leaves=34
num_cat=0
split_feature=82 51 34 12 49 78 32 48 55 40 55 42 61 74 83 10 49 20 57 48 73 41 46 11 2 61 63 57 54 61 86 12 20
split_gain=54.7449 18.9985 18.333 13.6933 7.86562 6.62575 5.32997 3.32763 3.03126 2.855 2.18953 3.2675 1.9669 1.82525 1.69036 1.67979 1.66205 1.49592 1.39061 1.3827 1.35559 1.0858 1.16402 0.954508 0.926035 0.887922 0.755006 0.740852 0.649421 0.457843 0.405785 0.333707 0.152568
threshold=24.437412019683777 104.22816956246344 44.120059072706439 0.25000000000000011 104.32891959578903 55.177905876768961 59.117208361095855 95.95433334337342 0.06367607409600104 23.000260032901064 0.056402031235073771 21.126706485284704 0.36192932329793598 34.362252005404912 -0.094202108051224767 1.0000000180025095e-35 102.3526496964914 98.041998277240353 1.6323943577411273 86.64988100060711 104.85710733357404 20.383073694176151 87.765799788722319 -0.56174490092936669 37.131417006916472 1.9582996913671453 1.1095176372861408 1.6512296165250018 0.087594373903981407 2.4053931255967247 282.26718455955933 -0.6830127018922193 102.05034719785054
decision_type=2 2 2 2 2 2 2 2 2 2 2 2 2 2 2 2 2 2 2 2 2 2 2 2 2 2 2 2 2 2 2 2 2
left_child=1 5 3 4 8 -1 -5 13 -2 12 -7 -12 17 31 15 -3 -8 -6 30 23 -16 -18 -23 -15 -9 26 -21 -14 -27 -25 -11 32 -4
right_child=2 14 7 6 9 10 16 24 -10 18 11 -13 27 19 20 -17 21 -19 -20 25 -22 22 -24 29 -26 28 -28 -29 -30 -31 -32 -33 -34
leaf_value=0.0090063755099469896 0.0017598732825347967 0.0032986762848382272 -0.0035082325819660578 0.0012113312032791411 3.02765746681467e-05 0.0026959145874159395 -0.0010971342700934847 -0.0013663101398849486 0.0057969813471494902 0.00025821359841601837 0.0067886231015645256 0.0030387671116364236 -0.0019010729617752937 -0.0043653327462114932 -0.0016866010516675507 0.00038519114029393956 -0.0041617064280696572 0.001705393661124025 0.0030360742275942825 -0.0028556251399830439 0.0010755446070010275 -0.00095485305970680436 -0.0033870765765951489 -0.0031578677948434571 0.0008093542334529348 -9.4936386549332176e-06 -0.0013407061205994563 -0.00034614641072760658 -0.0018390987205932686 -0.0015027895102895496 0.0015162604983755229 -0.0045038073915378953 -0.0024262901768174038
leaf_weight=106 95 92 167 101 612 118 125 97 88 120 153 99 141 94 82 97 162 159 106 181 83 85 113 87 86 105 155 154 81 91 127 89 81
leaf_count=106 95 92 167 101 612 118 125 97 88 120 153 99 141 94 82 97 162 159 106 181 83 85 113 87 86 105 155 154 81 91 127 89 81
internal_value=1.15723e-06 0.00357146 -0.000847215 2.1941e-05 0.00076336 0.00558376 -0.00199869 -0.00229148 0.00376065 0.000370011 0.00454182 0.00536613 -3.09087e-05 -0.00260442 0.000842478 0.00183171 -0.00267052 0.000380837 0.00157155 -0.00218341 -0.000301947 -0.00320371 -0.00237166 -0.00308416 -0.00034665 -0.00169972 -0.00217414 -0.00110069 -0.00082241 -0.00234913 0.000915306 -0.00356955 -0.0031867
internal_weight=4332 830 3502 2188 1602 476 586 1314 183 1419 370 252 1066 1131 354 189 485 771 353 794 165 360 198 272 183 522 336 295 186 178 247 337 248
internal_count=4332 830 3502 2188 1602 476 586 1314 183 1419 370 252 1066 1131 354 189 485 771 353 794 165 360 198 272 183 522 336 295 186 178 247 337 248
is_linear=0
shrinkage=0.015492


Tree=15
num_leaves=29
num_cat=0
split_feature=79 84 12 78 26 30 50 66 7 26 31 21 1 4 5 12 79 86 40 41 37 15 83 41 19 45 36 31
split_gain=55.6538 16.8483 14.3389 12.6277 7.12504 7.05561 2.55903 2.45708 2.24546 2.05789 1.83596 2.70827 1.72253 1.77246 1.53949 1.53139 1.36517 1.30355 1.20533 1.08493 1.72017 1.02813 0.879079 0.824568 0.731766 0.575195 0.201717 0.166131
threshold=101.77534775257114 168.00456889655737 0.25000000000000011 55.302123965157399 104.33312798606026 61.193834770520532 111.70795460100528 -70.643934304449274 59.65611996067895 102.7017646598816 64.730598380830585 98.041998277240353 33.464715456432778 94.992491485807662 4.4754375199476879 -0.6830127018922193 100.48577782392503 253.01626353667794 21.005717168030916 20.383073694176151 104.50748224046497 20.935978206263652 18.142427619644589 23.415979845303081 104.17510258568659 103.79589449123101 34.740654465887303 83.39347594473098
decision_type=2 2 2 2 2 2 2 2 2 2 2 2 2 2 2 2 2 2 2 2 2 2 2 2 2 2 2 2
left_child=3 15 4 -1 17 7 12 -5 18 21 -8 -12 13 -6 -14 22 -10 -3 -9 -11 -21 -4 23 -2 25 -25 -17 -24
right_child=1 2 9 5 6 -7 10 8 16 19 11 -13 14 -15 -16 26 -18 -19 -20 20 -22 -23 27 24 -26 -27 -28 -29
leaf_value=0.0082341443757947899 -0.0031214974113938161 0.0020643177394513595 -0.0020248748693386803 0.0011681484462233997 -0.00017464984105404938 -0.00087487450455842118 0.0030714762024334065 0.0012756742039970771 0.0061891238970447227 -0.0041796570609722835 -0.0010719103356078687 0.0021400461281064266 -0.0004774066196832466 0.0027067756372359825 0.00167977966164501 -0.004485062528610223 0.0036235893022128342 0.0047520330160038303 0.0037444284631466688 -0.00086989244004846841 -0.0037567168313194337 0.00021561732345706734 -0.0025655263972984583 -0.0016472519535715028 -0.0028245312441391888 -0.00025280902341710327 -0.0030644733697314445 -0.0036848626371956792
leaf_weight=126 111 107 120 88 108 100 100 82 131 142 119 128 1249 94 82 94 109 81 126 101 99 81 115 268 94 98 82 97
leaf_count=126 111 107 120 88 108 100 100 82 131 142 119 128 1249 94 82 94 109 81 126 101 99 81 115 268 94 98 82 97
internal_value=1.1587e-06 -0.000810724 -0.00016481 0.00379386 0.000424114 0.00288132 0.000134334 0.00358319 0.00404702 -0.0023984 0.00132997 0.000597641 -0.000138206 0.00118473 -0.000341145 -0.00256353 0.00508035 0.0032763 0.0028019 -0.00312749 -0.00233192 -0.00113114 -0.00225389 -0.00191829 -0.00161037 -0.00127894 -0.0038829 -0.00312005
internal_weight=4332 3570 2611 762 2068 636 1880 536 448 543 347 247 1533 202 1331 959 240 188 208 342 200 201 783 571 460 366 176 212
internal_count=4332 3570 2611 762 2068 636 1880 536 448 543 347 247 1533 202 1331 959 240 188 208 342 200 201 783 571 460 366 176 212
is_linear=0
shrinkage=0.015492


Tree=16
num_leaves=31
num_cat=0
split_feature=79 84 12 81 30 26 66 55 50 61 18 19 26 31 21 66 4 12 15 65 42 83 19 47 82 31 2 59 53 30
split_gain=53.986 16.5671 13.8163 11.7725 6.93041 6.87103 2.65475 3.20002 2.45879 2.30215 2.27002 2.25871 2.11615 1.78116 2.62685 1.68698 2.1828 1.48561 1.09613 0.971142 0.876857 1.12692 0.775706 0.750986 0.431894 0.218489 0.190017 0.150853 0.114896 0.0372527
threshold=101.71394007444387 168.00456889655737 0.25000000000000011 13.249825759804617 61.459760856628428 104.33312798606026 -70.887339993582827 0.071222566772849619 111.70795460100528 -0.50217019992111733 21.61647111839719 95.996059409247508 102.7017646598816 64.730598380830585 98.041998277240353 -0.54440374056498075 101.98147010591295 -0.6830127018922193 20.935978206263652 -0.2946999602847668 23.594237388239964 18.019198645305892 104.17510258568659 89.806852789455021 26.340605496496021 84.470069693459422 34.740654465887303 0.57751235595457484 0.27543557507896382 82.019847894244734
decision_type=2 2 2 2 2 2 2 2 2 2 2 2 2 2 2 2 2 2 2 2 2 2 2 2 2 2 2 2 2 2
left_child=3 17 5 -1 6 10 -5 11 15 -9 -3 -8 18 -10 -15 16 -7 20 -4 28 25 22 24 -17 -22 -2 -19 -11 -14 -23
right_child=1 2 12 4 -6 8 7 9 13 27 -12 -13 19 14 -16 23 -18 26 -20 -21 21 29 -24 -25 -26 -27 -28 -29 -30 -31
leaf_value=0.0084685046037108868 -0.0025408223844688876 0.0045887867900293051 -0.0019942312704123236 0.00097707676802186627 -0.0010214273137572696 -0.00025906428689268228 0.00058826332833982842 0.0030764023682388051 0.0030252078104354664 0.0052892520870273119 0.0011717840083577586 0.0038918284687886706 -0.0039342676583699297 -0.0010556916498795611 0.0021076126826025917 -0.0024679228322352282 0.0012384180985529271 -0.0044127076080379005 0.00030040124535193907 -0.0017102509795022002 -0.0014924996115810588 -0.0024467615070859587 -0.0027443826271585209 -0.00063707637013428789 -0.00030790601304021359 -0.0037583109780556134 -0.0030241949466818701 0.0071293838596168989 -0.0028540274593472862 -0.0033282166715381005
leaf_weight=108 130 112 120 81 89 1008 85 92 100 87 83 121 162 119 128 86 301 94 83 99 198 82 82 144 120 87 82 82 81 86
leaf_count=108 130 112 120 81 89 1008 85 92 100 87 83 121 162 119 128 86 301 94 83 99 198 82 82 144 120 87 82 82 81 86
internal_value=1.19828e-06 -0.000787616 -0.000149814 0.00378783 0.00296002 0.000425864 0.00360874 0.00405634 0.000137483 0.00520014 0.00317254 0.00255568 -0.00233892 0.00130989 0.000588565 -0.000128731 8.71461e-05 -0.00252478 -0.00106441 -0.00308017 -0.0022205 -0.00188151 -0.00141642 -0.0013438 -0.00105244 -0.00307161 -0.00382462 0.00628575 -0.0036117 -0.00294636
internal_weight=4332 3587 2626 745 637 2081 548 467 1886 261 195 206 545 347 247 1539 1309 961 203 342 785 568 400 230 318 217 176 169 243 168
internal_count=4332 3587 2626 745 637 2081 548 467 1886 261 195 206 545 347 247 1539 1309 961 203 342 785 568 400 230 318 217 176 169 243 168
is_linear=0
shrinkage=0.015492


Tree=17
num_leaves=21
num_cat=0
split_feature=78 84 50 13 38 12 50 48 71 18 68 1 13 81 18 32 57 50 12 44
split_gain=49.205 18.3032 11.3262 7.96116 6.9018 4.55821 7.31362 3.90032 2.12081 2.24469 2.03585 1.96557 3.00627 2.69691 1.95103 1.32966 1.17682 1.12854 0.839128 0.399717
threshold=57.340571262439106 423.63835610928442 104.33389584523661 -0.9330127018922193 4.4877582413620436 0.25000000000000011 103.72468017012987 96.879620767434474 36.856857590241567 19.790028414461347 0.084547888437910515 42.259365615844736 0.6830127018922193 15.121091452751301 22.560147330496054 59.393461860550779 2.772285200311317 103.67576447840092 -0.6830127018922193 102.56795816456831
decision_type=2 2 2 2 2 2 2 2 2 2 2 2 2 2 2 2 2 2 2 2
left_child=2 3 4 -2 16 6 -3 8 18 -10 -6 12 13 -8 -4 -11 17 -1 19 -5
right_child=1 5 14 7 10 -7 11 -9 9 15 -12 -13 -14 -15 -16 -17 -18 -19 -20 -21
leaf_value=0.0021090582008624092 0.0022415804928198405 0.0048677746547211203 0.0021647934931874617 -0.0030381714270649967 0.0094946808737465735 -0.0022481988445197656 0.0010011546489585518 0.00026354641263268499 -0.0036216456055874219 0.00026556551289597205 0.0056158726611877253 -0.0018564135539750266 0.0031591818967844883 -0.00034204786627841185 -0.0010689743896810967 -0.0017136134650767387 0.0052231133680558676 0.0044399824689762939 -0.004141558048036318 -0.0020421799133511923
leaf_weight=142 108 89 83 300 82 142 708 158 139 91 86 87 93 722 91 716 91 85 130 189
leaf_count=142 108 89 83 300 82 142 708 158 139 91 86 87 93 722 91 716 91 85 130 189
internal_value=1.19675e-06 -0.000699542 0.00388627 -0.00179507 0.00509463 0.000391072 0.000615096 -0.00205141 -0.00228524 -0.00181337 0.00763606 0.000371792 0.000502355 0.000323583 0.000483071 -0.00149018 0.00369596 0.00302636 -0.00299467 -0.00266742
internal_weight=4332 3672 660 1831 486 1841 1699 1723 1565 946 168 1610 1523 1430 174 807 318 227 619 489
internal_count=4332 3672 660 1831 486 1841 1699 1723 1565 946 168 1610 1523 1430 174 807 318 227 619 489
is_linear=0
shrinkage=0.015492


Tree=18
num_leaves=29
num_cat=0
split_feature=79 84 12 81 31 26 66 32 54 4 51 31 20 1 5 4 42 12 85 64 42 83 19 61 17 32 36 31
split_gain=50.9086 15.6239 13.0407 11.0979 6.58423 6.51908 2.58315 2.55533 2.55152 2.52096 2.32476 1.86945 2.37594 1.64064 1.75365 1.67173 1.43476 1.40316 1.17195 0.95807 0.848405 1.06889 0.754747 0.544073 0.408964 0.27523 0.184796 0.0351935
threshold=101.71394007444387 168.00456889655737 0.25000000000000011 13.249825759804617 61.196165049340998 104.33312798606026 -70.643934304449274 59.429615794817614 0.090363363281437098 95.990683407253712 111.56580130744867 65.0455716111925 98.419523257149578 33.464715456432778 4.4784978716903252 94.992491485807662 21.309698450234205 -0.6830127018922193 410.2368346716587 0.22681221993765499 23.594237388239964 18.019198645305892 104.17510258568659 4.4052311843095007 21.194056981934448 83.98674856503807 34.740654465887303 77.724877594841857
decision_type=2 2 2 2 2 2 2 2 2 2 2 2 2 2 2 2 2 2 2 2 2 2 2 2 2 2 2 2
left_child=3 17 5 -1 6 16 -5 -4 9 -8 13 -12 -13 15 -15 -7 -3 20 -9 -10 25 22 23 -22 -20 -2 -19 -23
right_child=1 2 7 4 -6 10 8 18 19 -11 11 12 -14 14 -16 -17 -18 26 24 -21 21 27 -24 -25 -26 -27 -28 -29
leaf_value=0.0082231179943389084 -0.0024552570458024406 0.0043334176914327487 0.00011002515404573131 0.001080989077066261 -0.0005973730770176376 -0.00014551615974381499 0.00084275528904536766 -0.0016167774400157808 0.0062470271658184515 0.0041685403230219981 0.002471573911560217 -0.0012259298012999248 0.0021044675939770907 -0.000476562523000157 0.0018133938970934906 0.002697270566344463 0.0016077199978073824 -0.0042911509152589299 -0.0036950912941603226 0.0038323052628071049 -0.0013821246318648599 -0.0023694778118904559 -0.0026793039007937053 8.2592290077216341e-05 -0.0022375224604244668 -0.0037797245255983057 -0.002931507313662486 -0.0032258202135882087
leaf_weight=108 136 103 90 86 108 106 92 158 123 139 161 114 89 1243 83 90 92 94 215 89 237 81 82 81 82 81 82 87
leaf_count=108 136 103 90 86 108 106 92 158 123 139 161 114 89 1243 83 90 92 94 215 89 237 81 82 81 82 81 82 87
internal_value=1.38982e-06 -0.000764611 -0.000145231 0.00367851 0.00287476 0.000414054 0.0035832 -0.00227201 0.00405877 0.0028707 0.000133156 0.00124028 0.000242662 -0.000133382 -0.000329586 0.00117929 0.00308946 -0.0024516 -0.00274113 0.00529781 -0.00215589 -0.00182281 -0.00136998 -0.00101133 -0.00331798 -0.00299251 -0.00371482 -0.00285974
internal_weight=4332 3587 2626 745 637 2081 529 545 443 231 1886 364 203 1522 1326 196 195 961 455 212 785 568 400 318 297 217 176 168
internal_count=4332 3587 2626 745 637 2081 529 545 443 231 1886 364 203 1522 1326 196 195 961 455 212 785 568 400 318 297 217 176 168
is_linear=0
shrinkage=0.015492


Tree=19
num_leaves=28
num_cat=0
split_feature=79 84 12 78 26 30 32 51 18 51 54 42 30 4 1 5 4 11 12 85 42 83 19 32 17 32 36
split_gain=49.3844 14.9532 12.7412 11.2602 6.37245 6.335 2.35416 2.27677 2.04954 2.02085 1.99142 1.93791 1.83548 1.79996 1.61061 1.71554 1.62044 1.40528 1.36239 1.15961 0.825619 1.04431 0.743882 0.529445 0.355654 0.267334 0.179136
threshold=101.77534775257114 168.00456889655737 0.25000000000000011 55.302123965157399 104.33312798606026 61.193834770520532 59.429615794817614 111.56580130744867 21.61647111839719 104.22816956246344 0.059501309939808712 21.126706485284704 67.243766795264364 96.015170870886905 33.464715456432778 4.4784978716903252 94.992491485807662 1.0000000180025095e-35 -0.6830127018922193 410.2368346716587 23.594237388239964 18.142427619644589 104.17510258568659 69.851597272025273 21.194056981934448 83.98674856503807 34.740654465887303
decision_type=2 2 2 2 2 2 2 2 2 2 2 2 2 2 2 2 2 2 2 2 2 2 2 2 2 2 2
left_child=3 18 4 -1 8 9 -4 14 -3 10 13 -12 17 -5 16 -16 -6 -9 20 -8 25 22 23 -22 -21 -2 -20
right_child=1 2 6 5 7 -7 19 12 -10 -11 11 -13 -14 -15 15 -17 -18 -19 26 24 21 -23 -24 -25 -26 -27 -28
leaf_value=0.007767015295558421 -0.0024179988251531149 0.0044823134622209168 4.2398756978734323e-05 0.0011152950680437036 -0.0001481326083256026 -0.00084632064119465143 -0.0015921729187572172 0.0010200068381042392 0.0011775454922578082 0.0016613095399087108 0.0059807134763955752 0.0028234572327434913 -0.00030493289876937988 0.004258432659799442 -0.00047903076681936834 0.0017862308869277983 0.0026567635745795397 0.0034586592528844068 -0.0042266233521533374 -0.0036385938333212439 -0.0015572256748083004 -0.002905486246659407 -0.0026669109579853193 -0.00030259981888793583 -0.0022525713820144852 -0.0037231538650716427 -0.0028876137107215188
leaf_weight=126 136 107 89 95 105 100 158 146 81 132 145 81 124 83 1238 83 90 94 94 215 192 149 84 141 81 81 82
leaf_count=126 136 107 89 95 105 100 158 146 81 132 145 81 124 83 1238 83 90 94 94 215 192 149 84 141 81 81 82
internal_value=1.43374e-06 -0.000763353 -0.000154846 0.00357413 0.000400296 0.00271247 -0.00226033 0.000126245 0.00309765 0.00337755 0.00392256 0.00489863 0.00122146 0.00262529 -0.000138458 -0.000333106 0.00116556 0.00200481 -0.00241465 -0.00270939 -0.0021226 -0.00179308 -0.00137841 -0.00103331 -0.00328463 -0.00294741 -0.00365906
internal_weight=4332 3570 2611 762 2068 636 543 1880 188 536 404 226 364 178 1516 1321 195 240 959 454 783 566 417 333 296 217 176
internal_count=4332 3570 2611 762 2068 636 543 1880 188 536 404 226 364 178 1516 1321 195 240 959 454 783 566 417 333 296 217 176
is_linear=0
shrinkage=0.015492


Tree=20
num_leaves=31
num_cat=0
split_feature=78 33 12 51 49 78 32 84 32 72 16 61 11 24 64 77 49 45 41 24 12 16 78 61 53 45 51 74 31 32
split_gain=45.1 16.8521 14.4196 10.7241 10.3127 6.38959 3.42944 3.10045 3.05563 2.75707 2.28695 2.20144 2.17493 1.82805 1.45659 1.38206 1.2216 1.20507 0.944591 0.956306 0.934523 0.683739 0.548297 0.512738 0.462021 0.678672 0.422433 0.272835 0.20173 0.0505059
threshold=57.340571262439106 41.869046545558511 0.25000000000000011 104.43718461124986 103.89861817819101 55.177905876768961 59.221688478787748 158.17030313163016 69.611252222061168 63.777416096197207 22.580033186541673 -0.50217019992111733 1.0000000180025095e-35 95.479218920601753 0.23871733380935684 107.15777284622192 102.31639007497718 100.82329509222951 20.383073694176151 87.415229618284471 -0.6830127018922193 23.693842108514577 61.796917474799706 2.0790357181760446 0.21208101201899435 103.48374448502506 106.70038526632169 102.47702307436204 84.470069693459422 67.282806708018015
decision_type=2 2 2 2 2 2 2 2 2 2 2 2 2 2 2 2 2 2 2 2 2 2 2 2 2 2 2 2 2 2
left_child=3 2 4 5 -2 -1 -4 20 9 12 -5 -7 -6 21 27 -11 -8 -10 -18 -20 24 22 -9 -23 25 26 -3 -13 29 -26
right_child=1 7 6 10 8 11 16 13 17 15 -12 14 -14 -15 -16 -17 18 -19 19 -21 -22 23 -24 -25 28 -27 -28 -29 -30 -31
leaf_value=0.0082683142420736985 0.0047849882787465202 -0.0032379968658315873 0.00088419710667527677 0.0023002423153480806 0.00025781539452673891 0.0021996573797100319 -0.0010165664283908454 -0.0013124020058368916 0.0010988632908193834 -0.0017915473929531966 -0.0011660180472678999 0.0064957585428545286 0.0022587621572331715 0.00022634823954953808 0.0029192929842042953 -4.5085249907599314e-05 -0.0038456212365285672 0.0036375926723238501 -0.00084869464731935631 -0.0030807795137282384 -0.0037714851957493384 -0.0017788740141786979 -0.0029058341431091742 -0.00039532363597430371 -0.0019733874501685843 -0.0007857747372602324 -0.0018290357891299672 0.0045893643305950256 -0.0034895689211807157 -0.0028059627379347948
leaf_weight=106 144 91 81 83 307 129 103 95 96 125 95 82 225 161 82 730 165 88 81 114 154 130 138 129 81 92 158 83 103 81
leaf_count=106 144 91 81 83 307 129 103 95 96 125 95 82 225 161 82 730 165 88 81 114 154 130 138 129 81 92 158 83 103 81
internal_value=1.49468e-06 -0.000669376 0.000160938 0.00372098 0.000858239 0.0049151 -0.00203023 -0.00199454 0.000490262 0.000239135 0.000460532 0.00391462 0.00111175 -0.00120333 0.00477473 -0.000305608 -0.00254257 0.00235037 -0.00296755 -0.00217956 -0.00266723 -0.00166996 -0.00228017 -0.00110188 -0.00237018 -0.00195656 -0.00237504 0.00563125 -0.00287568 -0.00243141
internal_weight=4332 3672 2259 660 1715 482 544 1413 1571 1387 178 376 532 653 247 855 463 184 360 195 760 492 233 259 606 341 249 165 265 162
internal_count=4332 3672 2259 660 1715 482 544 1413 1571 1387 178 376 532 653 247 855 463 184 360 195 760 492 233 259 606 341 249 165 265 162
is_linear=0
shrinkage=0.015492


Tree=21
num_leaves=28
num_cat=0
split_feature=79 84 12 78 31 51 66 55 43 66 32 72 32 45 12 64 85 83 55 50 25 34 17 33 31 2 30
split_gain=46.5219 14.0843 12.015 10.5984 6.2841 4.45001 2.52449 2.31732 2.85612 2.28962 2.28724 2.85038 2.20293 1.64757 1.28508 1.21237 1.10487 0.749671 0.781073 0.62371 0.576756 0.566023 0.341815 0.302849 0.198386 0.168571 0.15651
threshold=101.77534775257114 168.00456889655737 0.25000000000000011 55.177905876768961 61.196165049340998 104.09064106296613 -70.643934304449274 0.092651509613158989 96.022491686432446 -0.54440374056498075 70.907851481437675 63.777416096197207 59.429615794817614 100.82329509222951 -0.6830127018922193 0.22906175268186144 410.2368346716587 18.142427619644589 0.055508545703057938 106.61686427610894 89.471991564432784 107.71654096391468 21.194056981934448 105.86662889268665 67.288031033409922 34.740654465887303 83.39347594473098
decision_type=2 2 2 2 2 2 2 2 2 2 2 2 2 2 2 2 2 2 2 2 2 2 2 2 2 2 2
left_child=3 14 5 -1 6 -3 -5 8 -8 10 11 -7 -4 -12 17 -9 -14 18 19 -2 -11 23 -18 -20 -23 -16 -19
right_child=1 2 12 4 -6 9 7 15 -10 20 13 -13 16 -15 25 -17 22 26 21 -21 -22 24 -24 -25 -26 -27 -28
leaf_value=0.0079173942165589681 -0.0020633419538747689 0.0030175661812897503 3.2933670466623109e-05 0.0009743709538509982 -0.00058904146944756697 0.0011042161918652486 0.0010567643900262597 0.0058256117576209691 0.0046686303019867464 -0.0022063438530284998 0.00077615517914307553 -0.0003203929918666696 -0.0015391993899769025 0.0035901316368900358 -0.0041027298327128573 0.0033048374184414505 -0.0035369795954509498 -0.0022970034126903295 -0.0021796346204287363 -0.00037969567209579491 -0.00062150636491339613 -0.0021706463430986919 -0.002181395627936321 -0.0008306784718345177 -0.0034136620498923281 -0.0028032363538555288 -0.0033556806956954784
leaf_weight=108 83 141 89 89 114 515 123 148 92 87 129 963 158 81 94 88 215 107 84 142 152 89 81 85 88 82 105
leaf_count=108 83 141 89 89 114 515 123 148 92 87 129 963 158 81 94 88 215 107 84 142 152 89 81 85 88 82 105
internal_value=1.50864e-06 -0.000740782 -0.000150219 0.00346912 0.00270333 0.00038887 0.00339799 0.00386697 0.00264345 0.00019232 0.000393757 0.00017711 -0.00219482 0.0018954 -0.00234338 0.00493654 -0.00262922 -0.00205975 -0.00175008 -0.00101915 -0.00121793 -0.00221297 -0.00319059 -0.00152664 -0.00283331 -0.00355194 -0.00285921
internal_weight=4332 3570 2611 762 654 2068 540 451 215 1927 1688 1478 543 210 959 236 454 783 571 225 239 346 296 169 177 176 212
internal_count=4332 3570 2611 762 654 2068 540 451 215 1927 1688 1478 543 210 959 236 454 783 571 225 239 346 296 169 177 176 212
is_linear=0
shrinkage=0.015492


Tree=22
num_leaves=30
num_cat=0
split_feature=79 84 12 78 30 26 66 53 4 18 61 24 51 42 23 51 85 12 47 5 42 83 20 31 26 77 51 31 84
split_gain=45.1277 13.6688 10.9998 10.2928 5.8573 5.75818 2.85131 2.43461 2.43139 2.26652 2.00784 2.18679 1.80114 1.87199 1.67598 1.40025 1.15882 1.06802 0.927849 0.606914 0.565696 0.766075 0.611421 0.528363 0.47831 0.469888 0.377669 0.159705 0.0667534
threshold=101.77534775257114 161.81236721422366 0.25000000000000011 55.302123965157399 61.193834770520532 104.27232464472455 -0.54440374056498075 0.090064965034076613 101.96493692821927 21.61647111839719 -0.50217019992111733 91.417463297314129 103.27412696114295 21.042454562253429 90.341272539562667 111.56580130744867 496.14973862367316 -0.6830127018922193 89.806852789455021 3.9406526299979956 23.57800561322107 18.142427619644589 104.04073704295688 72.840367751651385 103.806300895479 104.19245288464761 108.91569170886677 69.198880053626155 137.72465153352081
decision_type=2 2 2 2 2 2 2 2 2 2 2 2 2 2 2 2 2 2 2 2 2 2 2 2 2 2 2 2 2
left_child=3 17 5 -1 7 9 8 -5 15 -3 11 -9 13 19 -12 -7 -10 20 -8 -4 27 22 23 -22 -16 -14 -20 -2 -19
right_child=1 2 12 4 -6 6 18 10 16 -11 14 -13 25 -15 24 -17 -18 28 26 -21 21 -23 -24 -25 -26 -27 -28 -29 -30
leaf_value=0.0074254527855682094 -0.0022685355118024463 0.0043664769000518735 -0.00098403069940908132 0.00097485481988551629 -0.00082873103880194482 -0.00031766126717262984 -0.0022815820882762464 0.0041663417441150531 0.00087755472776807823 0.00093578553010173178 0.0027240755911498117 0.00074632569012502564 -0.0021972676478389055 0.00061078040255446372 0.0064670499652964893 0.00090906432341957791 0.0028321745350176862 -0.0040891747067699066 4.3122819309428439e-06 -0.0027290964079203137 -0.001566585047429022 -0.0027790070246745606 -0.0025490109814508117 -0.00010811125631568303 0.0043356849076335215 -0.003729569695280063 -0.001344762400502651 -0.0033847925152114479 -0.002975723530669834
leaf_weight=126 94 104 81 97 100 959 128 85 325 85 88 95 98 84 87 288 93 81 113 134 157 150 85 96 84 146 86 100 83
leaf_count=126 94 104 81 97 100 959 128 85 325 85 88 95 98 84 87 288 93 81 113 134 157 150 85 96 84 146 86 100 83
internal_value=1.45948e-06 -0.000729624 -0.000194474 0.00341671 0.00259289 0.000297364 5.03779e-05 0.00323242 0.00031063 0.00286075 0.00372157 0.00240147 -0.0021614 -0.00133486 0.00460265 -3.28503e-05 0.00132883 -0.0024462 -0.00126575 -0.00209347 -0.00215813 -0.00185399 -0.00142347 -0.00102087 0.00550856 -0.00314688 -0.000588993 -0.00288493 -0.00358647
internal_weight=4332 3570 2724 762 636 2181 1992 536 1665 189 439 180 543 299 259 1247 418 846 327 215 682 488 338 253 171 244 199 194 164
internal_count=4332 3570 2724 762 636 2181 1992 536 1665 189 439 180 543 299 259 1247 418 846 327 215 682 488 338 253 171 244 199 194 164
is_linear=0
shrinkage=0.015492


Tree=23
num_leaves=30
num_cat=0
split_feature=79 84 12 78 30 49 66 55 66 32 55 43 44 75 32 42 21 48 85 12 42 83 20 32 51 41 2 32 36
split_gain=43.7909 13.4707 10.5849 9.81825 5.75148 5.61918 2.88335 2.50012 2.45437 2.20642 2.15742 2.18395 1.90728 2.03061 2.00632 1.72659 1.85432 1.20679 1.02921 1.02907 0.540185 0.72905 0.579248 0.65156 0.527615 0.298818 0.502755 0.203597 0.080694
threshold=101.71394007444387 161.81236721422366 0.25000000000000011 55.177905876768961 61.459760856628428 104.32891959578903 -0.54440374056498075 0.06367607409600104 -70.887339993582827 59.429615794817614 0.071222566772849619 96.022491686432446 101.86140470010264 63.066463360720213 69.611252222061168 21.126706485284704 92.204478500154337 90.183694975729352 410.2368346716587 -0.6830127018922193 23.57800561322107 18.142427619644589 104.04073704295688 69.851597272025273 108.7837543015127 20.383073694176151 104.84537198384604 69.197116764916316 34.116505789226963
decision_type=2 2 2 2 2 2 2 2 2 2 2 2 2 2 2 2 2 2 2 2 2 2 2 2 2 2 2 2 2
left_child=3 19 5 -1 8 7 12 -3 -5 -4 11 -10 13 -7 -14 16 -12 -8 -11 20 27 22 23 -22 -19 -20 -27 -2 -21
right_child=1 2 9 4 -6 6 17 -9 10 18 15 -13 14 -15 -16 -17 -18 24 25 28 21 -23 -24 -25 -26 26 -28 -29 -30
leaf_value=0.0076857974941013625 -0.0021819330884470518 0.0011187663196419097 0.00010654144108414501 0.00074395957268846543 -0.00096982080910607688 0.00099806490231076311 -0.0024759861924510199 0.0047612164881764632 0.0010593273296205111 -0.0014898092422701112 0.0036771456004265303 0.004304669326958591 0.00064212743298552313 -0.00039279248158537487 0.0031730664047876205 0.0027664422722285154 0.0071707633405318928 0.0002149054741716762 -0.0037004575459899849 -0.004035002126152069 -0.0017037992287932454 -0.0027367552180319983 -0.0025107993024116749 -0.00012435781181635244 -0.0013190640330057674 -0.0016229664186964371 -0.00341921548738457 -0.0033832317005290115 -0.0028977885857732638
leaf_weight=108 94 97 90 82 89 350 120 86 121 158 82 85 360 878 93 91 87 109 130 83 143 150 85 111 102 85 82 100 81
leaf_count=108 94 97 90 82 89 350 120 86 121 158 82 85 360 878 93 91 87 109 130 83 143 150 85 111 102 85 82 100 81
internal_value=1.46885e-06 -0.000708967 -0.000180222 0.00341187 0.00265619 0.000300173 6.1971e-05 0.00287763 0.00324721 -0.0021067 0.00368033 0.0024392 0.000322692 4.94194e-06 0.00117846 0.00462634 0.00556499 -0.00125333 -0.00254263 -0.002413 -0.00213047 -0.00183342 -0.00141402 -0.00102293 -0.000533897 -0.00308299 -0.00254793 -0.00284151 -0.00353278
internal_weight=4332 3587 2740 745 637 2195 2012 183 548 545 466 206 1681 1228 453 260 169 331 455 847 683 489 339 254 211 297 167 194 164
internal_count=4332 3587 2740 745 637 2195 2012 183 548 545 466 206 1681 1228 453 260 169 331 455 847 683 489 339 254 211 297 167 194 164
is_linear=0
shrinkage=0.015492


Tree=24
num_leaves=34
num_cat=0
split_feature=79 66 78 31 40 81 85 32 32 66 10 64 55 43 72 81 42 48 80 82 22 45 50 48 37 77 72 45 55 54 48 57 10
split_gain=42.4833 12.8333 9.52307 5.59027 4.64739 4.2875 3.76001 2.51157 2.37837 2.36702 2.30471 2.86973 2.28856 2.64405 2.27674 2.24306 1.74964 1.68359 1.57575 1.3521 1.20725 1.0049 0.96002 0.973245 0.91018 0.866573 0.727608 0.69364 0.596214 0.471246 0.343975 0.340078 0.0682395
threshold=101.71394007444387 -62.054765824741779 55.177905876768961 61.196165049340998 22.14497592325564 14.443606323064529 486.33619036139834 60.350806314150496 69.323362171385014 -70.643934304449274 -0.8783796973249266 0.25582316005886502 0.092651509613158989 96.022491686432446 68.812119788527525 15.121091452751301 21.042454562253429 86.64988100060711 8.8077163082894163 26.38341360913218 93.924314880371085 99.602503028269197 111.23568364478926 90.697467301068485 43.049905369031016 107.24961859835518 63.609459060563005 103.97622322011044 0.034357536149830767 0.093428383631497205 95.386684791997638 4.3972863719956008 0.6078576107927941
decision_type=2 2 2 2 2 2 2 2 2 2 2 2 2 2 2 2 2 2 2 2 2 2 2 2 2 2 2 2 2 2 2 2 2
left_child=2 4 -1 9 5 7 17 -2 15 -4 11 -7 13 -11 25 22 -14 28 27 29 -16 -20 26 -24 -23 -12 -6 30 -3 -17 -19 32 -30
right_child=1 6 3 -5 8 10 -8 -9 -10 12 14 -13 16 -15 20 19 -18 18 21 -21 -22 24 23 -25 -26 -27 -28 -29 31 -31 -32 -33 -34
leaf_value=0.0075697821162534771 0.00297240247554635 -0.0017159438926093468 0.00091228272674470992 -0.00058224567714154011 0.0010979004393130345 -0.001156470601079367 0.0010763161180790284 -0.00054150788335924794 0.0028089533144393208 0.00095560657810030462 -0.0014350645406574817 0.0025900751768984064 0.0057841550246871647 0.0044901473796120778 -0.0032618714117467699 -0.0016534345381040056 0.0027972812265242121 -0.002993135680507397 0.00051024472794948875 0.00098521834587335139 -0.0013345198933689497 -0.00085810006570421549 0.0007586072980576671 0.0029610893015167539 -0.0027167494696115711 -0.00012793755577525235 -0.00060120292959388343 -0.0012868413619869347 -0.0036979978728759509 -0.00017947870219475615 -0.001703056553573352 -0.0021357105852578859 -0.0027881149371450508
leaf_weight=108 113 104 88 108 219 107 97 83 127 120 209 86 152 88 168 141 81 236 87 106 156 252 87 113 84 288 81 129 178 83 81 84 88
leaf_count=108 113 104 88 108 219 107 97 83 127 120 209 86 152 88 168 141 81 236 87 106 156 252 87 113 84 288 81 129 178 83 81 84 88
internal_value=1.48028e-06 -0.000698268 0.00336057 0.00261634 5.2188e-05 -0.000585237 -0.00184139 0.00149745 0.000857566 0.00326914 -0.000990955 0.000525883 0.00373039 0.00249177 -0.00134822 0.000550309 0.00479239 -0.00205722 -0.0016475 -0.000438667 -0.00235383 -0.000959901 0.001202 0.0020275 -0.00134191 -0.000682825 0.000637514 -0.00228925 -0.00282614 -0.00111676 -0.00268183 -0.0031393 -0.00342997
internal_weight=4332 3587 745 637 2167 1210 1420 196 957 529 1014 193 441 208 821 830 233 1323 869 330 324 423 500 200 336 497 300 446 454 224 317 350 266
internal_count=4332 3587 745 637 2167 1210 1420 196 957 529 1014 193 441 208 821 830 233 1323 869 330 324 423 500 200 336 497 300 446 454 224 317 350 266
is_linear=0
shrinkage=0.015492


Tree=25
num_leaves=31
num_cat=0
split_feature=82 51 34 12 26 78 29 32 25 72 11 55 10 83 6 10 51 18 74 84 14 16 1 28 84 45 11 9 12 32
split_gain=40.0713 14.1825 13.6278 10.1079 6.43924 4.70665 4.20464 2.81356 2.3667 1.91194 1.87478 1.71128 2.63382 1.35844 1.4282 1.39222 1.22982 1.59766 1.13113 1.05836 1.02347 0.836163 0.871951 0.870552 0.745655 0.522078 0.220883 0.156115 0.152775 0.0261172
threshold=24.437412019683777 104.22816956246344 44.120059072706439 0.25000000000000011 103.59297448370192 55.177905876768961 58.679856727917993 70.598348055945522 95.080687777201348 63.777416096197207 1.0000000180025095e-35 0.062620213336673294 -1.0000000180025095e-35 -0.094202108051224767 106.03278683026633 1.0000000180025095e-35 104.06148977535746 20.908161899778587 34.035757330788513 161.81236721422366 23.159844697316487 23.512662663724694 105.49364738464358 109.40021182590063 412.41836004182215 98.494925836368864 -0.56174490092936669 0.25881904510252057 -0.6830127018922193 69.851597272025273
decision_type=2 2 2 2 2 2 2 2 2 2 2 2 2 2 2 2 2 2 2 2 2 2 2 2 2 2 2 2 2 2
left_child=1 5 3 4 -2 -1 -5 9 18 10 -6 -7 -13 15 -15 -3 17 24 28 -10 -11 26 -23 -24 -8 -9 -20 -28 29 -4
right_child=2 13 8 6 7 11 16 25 19 20 -12 12 -14 14 -16 -17 -18 -19 21 -21 -22 22 23 -25 -26 -27 27 -29 -30 -31
leaf_value=0.0076819131624199337 0.0043557006093603839 0.0029206485896085058 -0.0023334477977577182 0.0015016252908189788 4.5311076838747273e-05 0.0023165179441827022 -0.001428680756838616 0.0013569122166568659 -0.0015649717117839647 -0.00047915071856392014 0.0020738899056784478 0.0031669518493782577 0.0064997426216861273 -0.0017145955715643657 0.0011210744984937431 0.00027109761527796349 -0.0037314614037691107 -0.00037584280497720564 -0.0034366775171268357 0.00034353474397887785 0.00098153042515668697 -0.0025897937762384294 -0.00072865728019199771 -0.0025174870200585847 -0.0031476840165554874 0.0031219748729775141 -0.0017340889404655567 -0.0028303478762035645 -0.0038740286365193926 -0.0031078859104441514
leaf_weight=106 103 92 81 82 235 121 108 91 148 755 202 142 107 84 81 97 105 127 85 128 133 151 272 85 164 83 87 83 82 112
leaf_count=106 103 92 81 82 235 121 108 91 148 755 202 142 107 84 81 97 105 127 85 128 133 151 272 85 164 83 87 83 82 112
internal_value=1.53195e-06 0.0030561 -0.000724289 2.5065e-05 0.000662064 0.00479472 -0.001711 0.000400445 -0.0019695 0.000155061 0.000990548 0.00391509 0.00465665 0.000698486 -0.000326602 0.00158545 -0.00223935 -0.00182286 -0.00230814 -0.00068507 -0.000257845 -0.00198593 -0.0016052 -0.00117133 -0.00248729 0.00223601 -0.00271801 -0.00230757 -0.00317235 -0.00282189
internal_weight=4332 830 3502 2188 1602 476 586 1499 1314 1325 437 370 249 354 165 189 504 399 1038 276 888 763 508 357 272 174 255 170 275 193
internal_count=4332 830 3502 2188 1602 476 586 1499 1314 1325 437 370 249 354 165 189 504 399 1038 276 888 763 508 357 272 174 255 170 275 193
is_linear=0
shrinkage=0.015492


Tree=26
num_leaves=28
num_cat=0
split_feature=79 84 12 78 26 30 66 18 4 32 66 55 61 19 32 72 48 85 12 51 42 65 48 17 17 32 84
split_gain=40.011 12.3402 9.76136 8.96701 5.18719 5.10537 2.53887 2.2323 2.20764 2.04298 1.94818 2.27397 1.9423 1.87341 1.73693 1.38346 1.11269 0.973445 0.962009 0.515177 0.510669 0.541662 0.487649 0.399608 0.35198 0.194794 0.0617363
threshold=101.71394007444387 161.81236721422366 0.25000000000000011 55.302123965157399 104.27232464472455 61.459760856628428 -0.54440374056498075 21.61647111839719 101.96493692821927 59.429615794817614 -70.643934304449274 0.071222566772849619 -0.50217019992111733 95.996059409247508 69.611252222061168 63.777416096197207 90.183694975729352 410.2368346716587 -0.6830127018922193 108.7837543015127 23.57800561322107 72.470795522795797 95.386684791997638 24.575107056564761 21.194056981934448 69.197116764916316 137.72465153352081
decision_type=2 2 2 2 2 2 2 2 2 2 2 2 2 2 2 2 2 2 2 2 2 2 2 2 2 2 2
left_child=3 18 4 -1 7 10 8 -3 15 -4 -5 13 -13 -12 -10 -6 -8 -11 20 -18 25 23 -23 -22 -19 -2 -20
right_child=1 2 9 5 6 -7 16 -9 14 17 11 12 -14 -15 -16 -17 19 24 26 -21 21 22 -24 -25 -26 -27 -28
leaf_value=0.006995128898521121 -0.0020852190782799668 0.0041246708269558913 0.00010799217549704237 0.00088681981424028648 0.00075791099436154285 -0.00095672874762695959 -0.0023679747784102509 0.00079366997603908939 0.00073720235961140148 -0.0014181393520160876 0.00039602044907704272 0.0024320284807734169 0.005470639391792988 0.0034348345999017532 0.0031662151402206584 -0.00036560956020841121 0.00025379989313132186 -0.0033138858176872637 -0.0038687947058096625 -0.0012718236252785406 -0.00068714720185433635 -0.0027575260090846225 -0.0012806967782812422 -0.0020346898070125194 -0.0019731373212497844 -0.0032532255454296856 -0.0028102369353912022
leaf_weight=126 94 109 90 87 372 88 119 88 332 158 84 84 160 116 88 879 107 215 81 101 151 163 92 83 82 100 83
leaf_count=126 94 109 90 87 372 88 119 88 332 158 84 84 160 116 88 879 107 215 81 101 151 163 92 83 82 100 83
internal_value=1.52955e-06 -0.000677552 -0.00017148 0.00326142 0.000289846 0.00247277 5.17027e-05 0.0026696 0.000296471 -0.00202151 0.00304336 0.0034574 0.00446496 0.0021824 0.00126421 -3.04861e-05 -0.0011906 -0.00244097 -0.00230852 -0.000493746 -0.00203559 -0.00174734 -0.00224504 -0.00118417 -0.00296622 -0.00272601 -0.00339058
internal_weight=4332 3587 2740 745 2195 619 1998 197 1671 545 531 444 244 200 420 1251 327 455 847 208 683 489 255 234 297 194 164
internal_count=4332 3587 2740 745 2195 619 1998 197 1671 545 531 444 244 200 420 1251 327 455 847 208 683 489 255 234 297 194 164
is_linear=0
shrinkage=0.015492


Tree=27
num_leaves=30
num_cat=0
split_feature=79 84 12 50 5 49 12 66 4 32 48 34 72 32 77 7 48 12 6 36 41 49 42 83 20 32 28 32 36
split_gain=38.8079 11.9719 9.46667 7.55996 6.34902 5.11278 2.59473 2.55466 2.04662 1.9841 1.90095 1.83097 1.82547 1.70299 1.68676 1.64927 1.08476 0.933822 0.895954 0.70923 0.640045 0.877251 0.495572 0.660969 0.557855 0.625196 0.396508 0.188912 0.0746759
threshold=101.71394007444387 161.81236721422366 0.25000000000000011 104.33389584523661 4.4754375199476879 104.32891959578903 0.25000000000000011 -0.54440374056498075 101.96493692821927 59.221688478787748 90.226591673427166 39.203008611996971 63.777416096197207 69.611252222061168 100.89135340213777 59.875337158309101 90.183694975729352 -0.6830127018922193 102.57885154194304 103.86378559006586 20.383073694176151 104.28782214235379 23.57800561322107 18.142427619644589 104.04073704295688 69.851597272025273 108.08601282225716 69.197116764916316 34.116505789226963
decision_type=2 2 2 2 2 2 2 2 2 2 2 2 2 2 2 2 2 2 2 2 2 2 2 2 2 2 2 2 2
left_child=3 17 5 4 6 10 11 8 12 -4 -3 19 -7 -10 -5 -6 -9 22 -11 -1 -20 -22 27 24 25 -24 -18 -2 -19
right_child=1 2 9 14 15 7 -8 16 13 18 -12 -13 -14 -15 -16 -17 26 28 20 -21 21 -23 23 -25 -26 -27 -28 -29 -30
leaf_value=0.005519162254749352 -0.0020538628844247865 0.0041406062879882069 0.00023853636435303634 -0.0012565589874452578 0.0081165144707186949 0.00088389754953132477 0.0005476041576645491 -0.0023389500525998193 0.00071464492827011427 -0.0012754206438263767 0.00094177166682671266 0.0014990782227737815 -0.00039697275378412723 0.0031186987177675147 0.0018242538171488751 0.0048509199663643457 0.0003370442677704936 -0.0038180690535144423 -0.003619067187308899 0.0034682987121085352 -0.0011692950108722101 -0.0033480530928025392 -0.0016062268243986614 -0.0025805393975167701 -0.0023968410145161338 -6.0835487229766789e-05 -0.0010250209852963486 -0.0032042193615474108 -0.0027359186249505596
leaf_weight=82 94 101 81 83 82 380 90 120 333 135 82 81 880 88 82 107 82 83 143 138 105 81 143 150 85 111 129 100 81
leaf_count=82 94 101 81 83 82 380 90 120 333 135 82 81 880 88 82 107 82 83 143 138 105 81 143 150 85 111 129 100 81
internal_value=1.4959e-06 -0.000667298 -0.000168835 0.003212 0.00404082 0.000285473 0.00287813 5.8257e-05 0.00030367 -0.00199072 0.00274404 0.00356304 -9.48887e-06 0.0012349 0.00027895 0.00636744 -0.0011798 -0.00227374 -0.00237915 0.00429374 -0.00281699 -0.00215468 -0.00200485 -0.00172088 -0.00132196 -0.000939368 -0.00049783 -0.00268498 -0.00333983
internal_weight=4332 3587 2740 745 580 2195 391 2012 1681 545 183 301 1260 421 165 189 331 847 464 220 329 186 683 489 339 254 211 194 164
internal_count=4332 3587 2740 745 580 2195 391 2012 1681 545 183 301 1260 421 165 189 331 847 464 220 329 186 683 489 339 254 211 194 164
is_linear=0
shrinkage=0.015492


Tree=28
num_leaves=31
num_cat=0
split_feature=79 84 12 78 49 30 55 32 51 66 55 30 4 1 38 11 16 42 12 85 42 83 59 22 10 17 32 36 15 30
split_gain=37.6486 11.6214 9.73534 8.46108 4.90542 4.85189 2.28522 1.92465 1.89817 1.87456 2.1617 1.76186 1.74681 1.34982 1.80135 1.23528 1.14362 1.12717 1.05767 0.957532 0.676316 0.82082 0.674441 0.609561 0.591056 0.501086 0.219818 0.149491 0.0609386 0.0535254
threshold=101.71394007444387 168.00456889655737 0.25000000000000011 55.302123965157399 104.32891959578903 61.459760856628428 0.06367607409600104 59.221688478787748 111.56580130744867 -70.643934304449274 0.071222566772849619 67.243766795264364 95.996492434607617 33.464715456432778 4.4754375199476879 1.0000000180025095e-35 22.665067976845641 21.17377915313951 -0.6830127018922193 406.64461134389944 23.57800561322107 18.019198645305892 0.057806616006104157 92.057781012853013 -1.0000000180025095e-35 21.194056981934448 83.244429505666133 34.740654465887303 20.46194908883836 82.019847894244734
decision_type=2 2 2 2 2 2 2 2 2 2 2 2 2 2 2 2 2 2 2 2 2 2 2 2 2 2 2 2 2 2
left_child=3 18 4 -1 6 9 -3 -4 13 -5 12 15 -11 16 -15 -10 -6 23 20 -9 26 22 24 -12 -22 28 -2 -20 -21 -23
right_child=1 2 7 5 8 -7 -8 19 11 10 17 -13 -14 14 -16 -17 -18 -19 27 25 21 29 -24 -25 -26 -27 -28 -29 -30 -31
leaf_value=0.0067905021342016432 -0.0021229582668033297 0.0010797770021275101 0.00023496621770106773 0.00083982066872773195 7.6855672786873801e-05 -0.00094531282231199792 0.0045909303901829927 -0.0011770434774362203 0.00097197913836442689 0.00040854871952283851 0.0038811512643519685 -0.00036598644941238854 0.003338933141882348 -0.00044695284605390334 0.0017792909508015571 0.0032590955826171776 0.0024214778263043474 0.0026897224023593462 -0.003718820339570268 -0.0034861344984543035 0.00035797737544527181 -0.0020040176624601799 -0.0019385242183983973 0.0061648712327639658 -0.0012144975850902728 -0.0017482161353744579 -0.0033057956031212867 -0.0025177638624933598 -0.0026258076391733687 -0.0028372241473735823
leaf_weight=126 132 95 81 87 120 88 85 130 146 85 82 124 115 1243 91 94 83 81 94 142 89 83 161 81 153 96 81 82 96 86
leaf_count=126 132 95 81 87 120 88 85 130 146 85 82 124 115 1243 91 94 83 81 94 142 89 83 161 81 153 96 81 82 96 86
internal_value=1.50545e-06 -0.000657223 -0.000123034 0.00316369 0.000360194 0.00239764 0.00278389 -0.00196062 0.000126842 0.0029539 0.00335997 0.00112819 0.00211713 -0.000111889 -0.000291562 0.00189579 0.00105612 0.00434224 -0.00211217 -0.00234319 -0.00185555 -0.00156264 -0.00116795 0.00510273 -0.000638388 -0.00278306 -0.00261078 -0.00320863 -0.00317456 -0.00246844
internal_weight=4332 3587 2626 745 2081 619 180 545 1901 531 444 364 200 1537 1334 240 203 244 961 464 785 572 403 163 242 334 213 176 238 169
internal_count=4332 3587 2626 745 2081 619 180 545 1901 531 444 364 200 1537 1334 240 203 244 961 464 785 572 403 163 242 334 213 176 238 169
is_linear=0
shrinkage=0.015492


Tree=29
num_leaves=27
num_cat=0
split_feature=79 2 12 78 35 26 22 42 42 35 1 48 32 61 46 32 48 45 12 85 82 31 17 77 48 22
split_gain=36.5213 11.024 8.83728 8.22781 4.98105 4.60358 3.5361 2.47072 2.35325 2.53829 2.34411 2.61463 2.34955 2.57665 2.07294 1.86817 1.20394 1.18207 1.0176 0.895961 0.655868 0.329845 0.328271 0.271405 0.389828 0.283218
threshold=101.71394007444387 38.719038755628809 0.25000000000000011 55.177905876768961 42.233549734221576 104.33312798606026 90.264584101571003 21.654292426970276 21.126706485284704 34.289202047453998 41.855303831630287 96.108589335503396 69.851597272025273 0.52746245409292325 92.46059269304628 59.429615794817614 90.609733369173838 100.82329509222951 -0.6830127018922193 410.2368346716587 25.189865267644425 89.552360752953433 21.194056981934448 33.940011357665071 95.386684791997638 103.00709497557749
decision_type=2 2 2 2 2 2 2 2 2 2 2 2 2 2 2 2 2 2 2 2 2 2 2 2 2 2
left_child=3 18 5 -1 6 7 -5 -3 14 -10 12 16 13 -7 -8 -4 -12 -14 20 -17 -2 23 -21 24 -22 -25
right_child=1 2 15 4 -6 10 8 -9 9 -11 11 -13 17 -15 -16 19 -18 -19 -20 22 21 -23 -24 25 -26 -27
leaf_value=0.0070284760868360779 -0.00065726990908622886 0.0038561762492560184 0.00010528979050143036 1.4090622790570628e-05 -0.0011311815688929651 0.00048927881379094967 0.0033035603582997806 0.00036131465987112828 0.00015136705684652083 0.0035588673106103212 -0.002112650962707728 0.0016826864782644073 0.00075145420136674373 -0.0011999651926812883 0.0063297572060751232 -0.0013510901956950928 -0.00050593818646051429 0.0033324466681794607 -0.0033583922129936401 -0.003171133133957749 -0.0027576521134546114 -0.0027928044429301959 -0.0018791636798120173 -0.0018930142202478397 -0.0013425729714762425 -0.00074100698845236705
leaf_weight=108 89 121 90 84 81 1022 159 81 86 133 220 81 88 272 94 158 230 84 151 215 147 143 82 143 82 88
leaf_count=108 89 121 90 84 81 1022 159 81 86 133 220 81 88 272 94 158 230 84 151 215 147 143 82 143 82 88
internal_value=1.56775e-06 -0.000647224 -0.000170365 0.00311605 0.00242432 0.00026787 0.00294557 0.00247966 0.00346388 0.00224024 4.08937e-05 -0.000838284 0.000360407 0.000132279 0.00448608 -0.00193096 -0.00129997 0.00204612 -0.00219353 -0.00233208 -0.00192652 -0.00210975 -0.00283591 -0.00188137 -0.00227399 -0.00146887
internal_weight=4332 3587 2744 745 637 2199 556 202 472 219 1997 531 1466 1294 253 545 450 172 843 455 692 603 297 460 229 231
internal_count=4332 3587 2744 745 637 2199 556 202 472 219 1997 531 1466 1294 253 545 450 172 843 455 692 603 297 460 229 231
is_linear=0
shrinkage=0.015492


Tree=30
num_leaves=31
num_cat=0
split_feature=78 33 12 35 49 78 35 48 32 32 81 51 80 8 48 23 81 12 80 45 49 11 61 41 48 35 22 59 10 19
split_gain=33.9106 12.8114 11.0391 8.38775 8.21604 5.05259 3.38376 3.09625 2.67923 2.53144 2.21795 1.72791 1.46549 1.45749 1.54167 1.29006 1.77892 1.06826 1.02114 0.972661 0.957944 0.881702 0.806623 0.785043 0.931205 0.66212 0.478958 0.4393 0.0967709 0.0521401
threshold=57.340571262439106 41.869046545558511 0.25000000000000011 42.233549734221576 103.89861817819101 55.177905876768961 32.469391685326897 96.414699770256334 59.221688478787748 69.611252222061168 15.121091452751301 111.38514186991587 26.417972527999037 0.12940952255126045 87.792651266521901 85.136444559097299 13.715546600422071 -0.6830127018922193 8.7501644983661446 100.82329509222951 102.31639007497718 -0.56174490092936669 -1.0440220672554188 20.383073694176151 88.528469845409759 108.01354039510093 102.67092571152581 0.23312887942347518 -1.0000000180025095e-35 93.976128834618478
decision_type=2 2 2 2 2 2 2 2 2 2 2 2 2 2 2 2 2 2 2 2 2 2 2 2 2 2 2 2 2 2
left_child=3 2 4 5 -2 -1 -7 13 -4 10 11 -6 -12 14 21 -8 29 26 -9 -11 -10 -3 -16 -22 -25 -24 28 -23 -15 -17
right_child=1 7 8 -5 9 6 15 18 20 19 12 -13 -14 17 22 16 -18 -19 -20 -21 23 27 25 24 -26 -27 -28 -29 -30 -31
leaf_value=0.0070689168050127663 0.0042588337922064593 -0.003715110482904539 0.00080203515915208928 -0.00046854005289354191 0.00030068336669503918 0.00045469076897904765 0.0021184163079381538 -0.00088055837132229966 -0.00087581141375266797 0.00099375286570366141 -0.0009875008057326864 0.0019808266256322632 0.00045968191656437424 -0.0031124951773362783 -0.0017844684169270038 0.0045833199180034916 0.0026989342934463719 -0.0039222450685755554 0.0014181200469314758 0.0032751292665280378 -0.0034007759029109309 -0.001184105603691068 0.0003781680332804484 -0.00073136188469683742 -0.0028922512162145456 -0.0012012682962507018 -0.0015103112710777929 -0.0026435079274154307 -0.0022695720912054764 0.006073405838845602
leaf_weight=106 144 85 81 120 479 84 82 101 103 96 423 210 275 104 152 81 100 122 81 88 165 128 135 93 102 116 159 89 141 87
leaf_count=106 144 85 81 120 479 84 82 101 103 96 423 210 275 104 152 81 100 122 81 88 165 128 135 93 102 116 159 89 141 87
internal_value=1.60449e-06 -0.000580119 0.00014383 0.00322685 0.000753943 0.00404636 0.00326675 -0.00173554 -0.00177336 0.000425514 0.000196981 0.000818934 -0.000417658 -0.0020138 -0.00154168 0.0039323 0.00445891 -0.00263474 0.000148077 0.00211854 -0.00222625 -0.00237577 -0.000904155 -0.00260249 -0.00188743 -0.0003567 -0.00222104 -0.0018095 -0.00265933 0.00544368
internal_weight=4332 3672 2259 660 1715 540 434 1413 544 1571 1387 689 698 1231 705 350 268 526 182 184 463 302 403 360 195 251 404 217 245 168
internal_count=4332 3672 2259 660 1715 540 434 1413 544 1571 1387 689 698 1231 705 350 268 526 182 184 463 302 403 360 195 251 404 217 245 168
is_linear=0
shrinkage=0.015492


Tree=31
num_leaves=28
num_cat=0
split_feature=79 84 12 78 26 18 12 18 51 26 32 32 5 34 11 11 12 51 62 18 34 83 55 35 51 32 36
split_gain=34.3955 10.6362 8.39756 7.73686 4.53219 4.01463 3.62777 2.05864 2.03375 1.79946 1.74658 1.64267 1.27151 1.94035 1.22116 0.979407 0.829375 0.823615 0.813412 0.77503 0.751637 0.40176 0.500732 0.480082 0.389267 0.0745381 0.0682449
threshold=101.71394007444387 161.81236721422366 0.25000000000000011 55.302123965157399 104.27232464472455 22.383815659946873 0.25000000000000011 21.61647111839719 111.56580130744867 103.12193412780762 59.429615794817614 67.484629054599324 4.4784978716903252 44.120059072706439 1.0000000180025095e-35 1.0000000180025095e-35 -0.6830127018922193 104.06148977535746 0.045038185195956711 19.790028414461347 35.644385673734881 18.142427619644589 0.077093258929409728 108.10260385195416 107.74309773321259 73.540533946355211 34.116505789226963
decision_type=2 2 2 2 2 2 2 2 2 2 2 2 2 2 2 2 2 2 2 2 2 2 2 2 2 2 2
left_child=3 16 4 -1 7 6 9 -3 12 -5 -4 14 13 -6 -10 18 21 19 -11 -12 -21 22 24 -24 -2 -23 -18
right_child=1 2 10 5 8 -7 -8 -9 11 15 17 -13 -14 -15 -16 -17 26 -19 -20 20 -22 25 23 -25 -26 -27 -28
leaf_value=0.0064922403883226733 -0.0015567229689444342 0.0038910799573908185 9.4954422034112192e-05 0.0053895407441782832 5.3551687412862055e-05 -0.00053719401135019515 -0.00014873894596168806 0.00069531802490802844 0.00091588132709163222 0.0010941152761159518 -0.0029219368957910472 -0.00038195379368946699 0.0016267535655457152 -0.0011644749038925942 0.0031753194835209765 0.0037499798609220182 -0.0036003315034739895 -0.0034196367319125061 0.0031787922878859175 -0.00036500660197877707 -0.0021349541465356457 -0.0020482155480215725 -0.0013857005890018385 -0.0027472521072711906 -0.00016555950690660802 -0.0028552761354324625 -0.0025749400323956308
leaf_weight=126 120 109 90 88 1114 100 82 88 150 106 110 121 85 434 94 161 83 113 82 109 123 111 142 128 81 101 81
leaf_count=126 120 109 90 88 1114 100 82 88 150 106 110 121 85 434 94 161 83 113 82 109 123 111 142 128 81 101 81
internal_value=1.63268e-06 -0.000627993 -0.000158157 0.00302412 0.000269726 0.00229158 0.00283675 0.00249416 4.7125e-05 0.0033945 -0.00187409 0.00108793 -0.000186943 -0.000289388 0.00181321 0.00285174 -0.00214217 -0.00226193 0.00203765 -0.00185413 -0.00131824 -0.00188875 -0.0016156 -0.00205339 -0.00100666 -0.0024658 -0.0031469
internal_weight=4332 3587 2740 745 2195 619 519 197 1998 437 545 365 1633 1548 244 349 847 455 188 342 232 683 471 270 201 212 164
internal_count=4332 3587 2740 745 2195 619 519 197 1998 437 545 365 1633 1548 244 349 847 455 188 342 232 683 471 270 201 212 164
is_linear=0
shrinkage=0.015492


Tree=32
num_leaves=28
num_cat=0
split_feature=79 84 12 78 31 26 66 66 32 81 55 43 32 42 45 48 85 12 51 17 42 83 19 32 32 36 15
split_gain=33.363 10.3186 8.14622 7.52415 4.65251 4.39831 2.39902 2.04545 1.88955 2.49299 1.85803 2.45271 1.69729 1.59226 1.45329 1.01702 0.875513 0.805106 0.511033 0.469692 0.455149 0.583041 0.524902 0.609644 0.17326 0.0661692 0.0520647
threshold=101.71394007444387 161.81236721422366 0.25000000000000011 55.177905876768961 61.196165049340998 103.806300895479 -0.54440374056498075 -70.643934304449274 70.598348055945522 15.121091452751301 0.092651509613158989 96.022491686432446 59.221688478787748 21.042454562253429 100.82329509222951 90.183694975729352 406.64461134389944 -0.6830127018922193 108.7837543015127 21.194056981934448 23.57800561322107 18.142427619644589 104.04073704295688 69.851597272025273 69.197116764916316 34.116505789226963 20.536940213044478
decision_type=2 2 2 2 2 2 2 2 2 2 2 2 2 2 2 2 2 2 2 2 2 2 2 2 2 2 2
left_child=3 17 5 -1 7 -3 8 -5 9 -7 11 -9 -4 -12 -10 -8 -14 20 -17 26 24 22 23 -22 -2 -19 -18
right_child=1 2 12 4 -6 6 15 10 14 -11 13 -13 16 -15 -16 18 19 25 -20 -21 21 -23 -24 -25 -26 -27 -28
leaf_value=0.0067197870949472971 -0.0019109308487202006 0.0030203141507683918 0.00021615411530348302 0.00072669457693146848 -0.00059954108274280879 0.00078717835137334419 -0.002227890315724926 0.00075096765677155962 0.00063889524800458247 -0.00046530093294675547 0.0052392938305459973 0.0041488014620635547 -0.0010912123561650504 0.0024120674344496338 0.0032608950826685688 0.00029120537697630271 -0.0032712609506353896 -0.0035464017826823181 -0.0012242613018083365 -0.0016278728616917896 -0.0015004897622388595 -0.0023959102926717165 -0.0022891933259043839 1.3192788664921879e-05 -0.0030047626467694013 -0.0025364012458111728 -0.0024489153238364376
leaf_weight=108 94 128 81 88 108 723 121 120 131 801 152 88 130 81 82 108 151 83 101 96 147 150 81 111 100 81 87
leaf_count=108 94 128 81 88 108 723 121 120 131 801 152 88 130 81 82 108 151 83 101 96 147 150 81 111 100 81 87
internal_value=1.62967e-06 -0.000618474 -0.000155705 0.0029784 0.00231691 0.000265726 9.11915e-05 0.00291251 0.000321637 0.000129188 0.00334104 0.00222548 -0.00184576 0.00429772 0.00167836 -0.00111392 -0.00220502 -0.00210988 -0.000447332 -0.00262542 -0.00186019 -0.00158902 -0.00121479 -0.000855867 -0.00251045 -0.00309979 -0.00300347
internal_weight=4332 3587 2740 745 637 2195 2067 529 1737 1524 441 208 545 233 213 330 464 847 209 334 683 489 339 258 194 164 238
internal_count=4332 3587 2740 745 637 2195 2067 529 1737 1524 441 208 545 233 213 330 464 847 209 334 683 489 339 258 194 164 238
is_linear=0
shrinkage=0.015492


Tree=33
num_leaves=30
num_cat=0
split_feature=79 84 12 13 19 49 50 55 61 1 40 25 32 29 57 54 79 85 12 14 47 42 83 20 32 41 26 32 36
split_gain=32.3631 10.01 7.90146 7.25447 4.4809 4.35164 3.48516 2.28928 2.2512 2.07056 2.166 1.9627 1.64664 1.29946 0.98664 0.976093 0.937321 0.810762 0.781509 0.537358 0.484555 0.441689 0.565286 0.518715 0.593121 0.345526 0.549124 0.168028 0.064156
threshold=101.71394007444387 161.81236721422366 0.25000000000000011 -0.9330127018922193 96.238202383253324 104.32891959578903 104.380926822733 0.062620213336673294 -1.0440220672554188 42.259365615844736 23.000260032901064 95.59502463658653 59.429615794817614 64.720968728595324 1.6323943577411273 0.090363363281437098 100.39986192014484 406.64461134389944 -0.6830127018922193 20.442062753836318 90.856464203551965 23.57800561322107 18.142427619644589 104.04073704295688 69.851597272025273 20.464590769299758 104.18142889234755 69.197116764916316 34.116505789226963
decision_type=2 2 2 2 2 2 2 2 2 2 2 2 2 2 2 2 2 2 2 2 2 2 2 2 2 2 2 2 2
left_child=3 18 5 4 19 7 8 -3 -5 10 13 20 -4 -7 -12 -6 -10 -14 21 -1 -11 27 23 24 -23 -19 -27 -2 -20
right_child=1 2 12 6 15 9 -8 -9 16 11 14 -13 17 -15 -16 -17 -18 25 28 -21 -22 22 -24 -25 -26 26 -28 -29 -30
leaf_value=0.0018176983991908707 -0.0018821955079968498 0.00081982269063179134 9.3968959170723362e-05 0.000589803992499047 0.0076233203655030769 0.00066528056029228335 -0.00076271281567255958 0.0042916116542873152 0.0046876686117299539 -0.0018950103197194936 0.0008318380038475964 0.00073612275921191878 -0.0011123689481374562 -0.00041728051054891582 0.0025786242266021614 0.0048904107707211852 0.0022183366892454437 -0.0031877074072335317 -0.0034932798282202374 0.0036231591117914801 -0.00076480496591105503 -0.0014784225958020933 -0.0023594830757755758 -0.0022313456765899191 2.3049067989436545e-05 -0.0012289263787665984 -0.0030076085439312483 -0.0029594992751025288 -0.0024984392779731899
leaf_weight=95 94 95 90 103 82 432 118 88 83 199 265 145 128 683 110 98 82 149 83 84 178 143 150 85 111 97 81 100 81
leaf_count=95 94 95 90 103 82 432 118 88 83 199 265 145 128 683 110 98 82 149 83 84 178 143 150 85 111 97 81 100 81
internal_value=1.58403e-06 -0.000609156 -0.000153359 0.00293341 0.00451216 0.000261692 0.00144262 0.00252989 0.00241177 5.20685e-05 0.000346299 -0.000784944 -0.00181783 2.69729e-06 0.00136 0.00623502 0.00351935 -0.00219442 -0.00207809 0.00270882 -0.00137133 -0.00183209 -0.00156496 -0.00119645 -0.000828929 -0.00260448 -0.00207336 -0.00247266 -0.00305338
internal_weight=4332 3587 2740 745 359 2195 386 183 268 2012 1490 522 545 1115 375 180 165 455 847 179 377 683 489 339 254 327 178 194 164
internal_count=4332 3587 2740 745 359 2195 386 183 268 2012 1490 522 545 1115 375 180 165 455 847 179 377 683 489 339 254 327 178 194 164
is_linear=0
shrinkage=0.015492


Tree=34
num_leaves=27
num_cat=0
split_feature=79 84 12 78 26 50 12 42 55 1 48 32 61 32 12 85 21 48 42 71 44 22 17 32 36 49
split_gain=31.3986 9.71118 8.12479 7.11399 4.32439 3.87337 2.72288 2.28566 2.1057 1.6438 2.43621 2.32168 2.16132 1.6 0.887421 0.824827 0.786215 0.689944 0.602462 0.594079 0.717593 0.592525 0.453961 0.20613 0.127715 0.047179
threshold=101.71394007444387 168.00456889655737 0.25000000000000011 55.177905876768961 103.806300895479 104.46714807634002 0.25000000000000011 21.126706485284704 0.15314988413680469 42.259365615844736 96.108589335503396 69.851597272025273 0.52746245409292325 59.221688478787748 -0.6830127018922193 406.64461134389944 101.65610380066768 90.609733369173838 23.594237388239964 33.254486152695286 104.44946481964769 103.95863857375254 21.194056981934448 83.98674856503807 34.740654465887303 103.07793567728116
decision_type=2 2 2 2 2 2 2 2 2 2 2 2 2 2 2 2 2 2 2 2 2 2 2 2 2 2
left_child=3 14 4 -1 -3 6 7 8 -5 11 17 12 -6 -4 18 -15 -13 -11 23 -20 21 -21 25 -2 -16 -17
right_child=1 2 13 5 9 -7 -8 -9 -10 10 -12 16 -14 15 24 22 -18 -19 19 20 -22 -23 -24 -25 -26 -27
leaf_value=0.0065273288282352441 -0.0019434926275703082 0.0031019869405649169 0.00021151254504888002 0.0024586020356638502 0.00047427241597025957 -3.0058744108672248e-05 0.00042849985740292046 0.0018316120580374416 0.005427453977386601 -0.0021777070838518201 0.0015982238388139488 0.0010641933035024783 -0.0010390909563689004 -0.0010580862166608505 -0.003404007662222327 -0.0023551199656887028 0.0031152731936938396 -0.00071852046837742837 -0.0023004346493803595 -0.0011903032575133162 -0.0024126391654468436 0.00023024074700539915 -0.0015686188808785848 -0.0030672723570796005 -0.0022987236907398316 -0.0031614257958249275
leaf_weight=108 136 124 81 102 1074 140 90 148 157 132 84 107 284 130 94 81 81 195 138 253 81 96 96 81 82 157
leaf_count=108 136 124 81 102 1074 140 90 148 157 132 84 107 284 130 94 81 81 195 138 253 81 96 96 81 82 157
internal_value=1.62226e-06 -0.000599948 -0.000111629 0.00288943 0.000329818 0.00224625 0.00288417 0.00342024 0.00429796 0.000149878 -0.000717682 0.000381468 0.000156207 -0.00179036 -0.00192996 -0.00213917 0.0019816 -0.00132151 -0.00169491 -0.00141569 -0.00111831 -0.000800598 -0.00254721 -0.0023976 -0.00293425 -0.0029184
internal_weight=4332 3587 2626 745 2081 637 497 407 259 1957 411 1546 1358 545 961 464 188 327 785 568 430 349 334 217 176 238
internal_count=4332 3587 2626 745 2081 637 497 407 259 1957 411 1546 1358 545 961 464 188 327 785 568 430 349 334 217 176 238
is_linear=0
shrinkage=0.015492


Tree=35
num_leaves=29
num_cat=0
split_feature=79 84 12 13 48 49 61 55 44 41 26 66 24 32 61 86 48 84 12 42 83 20 31 28 41 32 36 30
split_gain=30.4549 9.43172 7.43696 6.94512 4.59586 4.11905 3.2684 2.29999 2.23753 4.374 2.10663 2.0667 1.82083 1.55493 1.46815 1.05407 0.892342 0.740194 0.735609 0.415351 0.539071 0.497569 0.511573 0.388813 0.199272 0.159578 0.0604103 0.0579559
threshold=101.71394007444387 161.81236721422366 0.25000000000000011 -0.9330127018922193 85.165313886094978 104.36487090322709 -3.430655929601627 0.045174306329233201 90.928700231799397 21.167130632709572 103.12193412780762 -0.54440374056498075 94.344112723668431 60.188601275549999 0.36192932329793598 280.12896815058485 90.183694975729352 411.93330409070887 -0.6830127018922193 23.57800561322107 18.019198645305892 104.04073704295688 72.840367751651385 108.08601282225716 20.363320685978291 69.197116764916316 34.116505789226963 82.019847894244734
decision_type=2 2 2 2 2 2 2 2 2 2 2 2 2 2 2 2 2 2 2 2 2 2 2 2 2 2 2 2
left_child=3 18 5 4 -1 7 -5 -3 -8 -10 -6 12 14 -4 -7 -14 -13 -15 19 25 21 22 -21 -18 -19 -2 -20 -22
right_child=1 2 13 6 10 11 8 -9 9 -11 -12 16 15 17 -16 -17 23 24 26 20 27 -23 -24 -25 -26 -27 -28 -29
leaf_value=0.0018244000814203742 -0.0018246672715391402 0.00045180185810931195 -0.00026895595292438808 -0.0011344727264725116 0.007544522671629604 0.00040370868459814311 0.00010349906017769744 0.0039062532772619488 0.0052667139877479565 0.00075668308750702416 0.004338873329038451 -0.0021172970572121753 0.00025892737598140692 -0.0011947348706970616 -0.00065005662066548731 0.0023901023211973099 0.00037817303006113483 -0.0031539862511181143 -0.0033899647233703529 -0.001304025479153302 -0.0017837639349282555 -0.0021452549950955009 0.0001680657370767737 -0.00096979826686232511 -0.0021887168827143554 -0.0028732833980412509 -0.0024243942500519287 -0.0025873020726079046
leaf_weight=118 94 82 129 92 90 979 88 106 103 103 151 120 94 127 466 137 82 132 83 147 83 83 90 129 157 100 81 86
leaf_count=118 94 82 129 92 90 979 88 106 103 103 151 120 94 127 466 137 82 132 83 147 83 83 90 129 157 100 81 86
internal_value=1.57295e-06 -0.000590887 -0.000148452 0.00284565 0.00439028 0.000254213 0.00138725 0.00242915 0.00217997 0.0030531 0.00561034 4.72912e-05 0.00026864 -0.00176326 6.32086e-05 0.00153693 -0.00106598 -0.00222146 -0.00201676 -0.00177808 -0.001519 -0.00112732 -0.000749268 -0.000447465 -0.00265632 -0.00239932 -0.00296301 -0.0022292
internal_weight=4332 3587 2740 745 359 2195 386 188 294 206 241 2007 1676 545 1445 231 331 416 847 683 489 320 237 211 289 194 164 169
internal_count=4332 3587 2740 745 359 2195 386 188 294 206 241 2007 1676 545 1445 231 331 416 847 683 489 320 237 211 289 194 164 169
is_linear=0
shrinkage=0.015492


Tree=36
num_leaves=30
num_cat=0
split_feature=79 84 78 30 84 53 34 36 40 3 0 25 6 10 57 66 32 67 77 42 13 84 42 83 20 32 32 9 36
split_gain=29.5424 9.15076 6.73776 4.09234 2.92784 2.23058 2.03566 2.31509 2.35634 2.03541 1.80043 1.43524 1.41343 1.24883 1.244 1.09848 1.06835 0.932167 0.817156 0.771962 0.713894 0.574893 0.402901 0.5237 0.481019 0.564957 0.154759 0.0993766 0.0585709
threshold=101.71394007444387 161.81236721422366 55.302123965157399 61.459760856628428 431.77234876061823 0.090064965034076613 43.014606182310324 105.09802622371249 22.986423568107469 20.744169161849555 83.028702512983202 95.305699599583932 111.44903350936043 1.0000000180025095e-35 2.5781139990121407 -75.029548821714172 59.731942363315163 0.25107102288140487 101.61758923649793 21.17377915313951 0.6830127018922193 411.93330409070887 23.57800561322107 18.142427619644589 104.04073704295688 69.851597272025273 69.197116764916316 1.0000000180025095e-35 34.116505789226963
decision_type=2 2 2 2 2 2 2 2 2 2 2 2 2 2 2 2 2 2 2 2 2 2 2 2 2 2 2 2 2
left_child=2 20 -1 5 9 -4 7 -6 12 14 -11 16 -9 -13 21 -10 -12 18 19 -7 22 -3 26 24 25 -24 -2 -23 -22
right_child=1 4 3 -5 6 17 -8 8 15 10 11 13 -14 -15 -16 -17 -18 -19 -20 -21 28 27 23 -25 -26 -27 -28 -29 -30
leaf_value=0.0060389203043743865 -0.0017972291009064484 -0.0011528483723989664 0.00048827769177269681 -0.00094899161173601291 0.0024048177834218062 0.004879447497395841 -0.0019950156670455895 -0.00055706814604086145 0.0025573615826358447 0.0013339868412950374 0.00040281707330081933 0.0018129835032070906 0.00065832052748138572 -0.00068092746045314058 -0.00022560946497651057 0.00070998578307533396 -0.001445005625276473 0.0016959574490726418 0.0023463223682658619 0.0028169827896300024 -0.0033391860525847439 -0.0022371886119691583 -0.0014217656129016988 -0.0022607161471768795 -0.0021380063092417728 4.3118243869334628e-05 -0.0028300006184900479 -0.0032446253945742167 -0.002388108650047805
leaf_weight=126 94 84 97 88 126 128 86 677 113 132 92 89 344 99 100 243 380 98 117 91 83 90 143 150 85 111 100 85 81
leaf_count=126 94 84 97 88 126 128 86 677 113 132 92 89 344 99 100 243 380 98 117 91 83 90 143 150 85 111 100 85 81
internal_value=1.52479e-06 -0.000581992 0.00280268 0.0021192 -0.000146197 0.00263018 0.000284637 0.000418654 0.000232271 -0.000740291 -0.000299167 -0.000630249 -0.000146797 0.000508655 -0.00170323 0.00131223 -0.0010844 0.00310241 0.0034947 0.0040699 -0.00198646 -0.00226477 -0.00175133 -0.00149615 -0.00114161 -0.000787862 -0.00236321 -0.00277104 -0.00291865
internal_weight=4332 3587 745 619 2740 531 1589 1503 1377 1151 792 660 1021 188 359 356 472 434 336 219 847 259 683 489 339 254 194 175 164
internal_count=4332 3587 745 619 2740 531 1589 1503 1377 1151 792 660 1021 188 359 356 472 434 336 219 847 259 683 489 339 254 194 175 164
is_linear=0
shrinkage=0.015492


Tree=37
num_leaves=29
num_cat=0
split_feature=79 66 12 51 12 51 26 85 83 32 61 47 51 17 84 72 84 29 55 47 57 5 12 44 77 44 77 4
split_gain=28.6556 8.90797 7.76644 6.61173 4.80508 4.31516 4.17687 2.91734 2.4316 2.20482 2.42989 1.78725 1.49632 1.40626 1.37804 1.29394 1.05069 0.810503 0.704356 0.915523 0.584781 0.628676 0.538184 0.433931 0.389529 0.327932 0.316764 0.0995365
threshold=101.71394007444387 -62.054765824741779 0.25000000000000011 104.22816956246344 0.25000000000000011 103.02861248634481 103.806300895479 486.33619036139834 -0.095291003390276172 70.598348055945522 0.52746245409292325 85.78230625859014 103.27412696114295 21.115226878590047 467.05283803752747 63.777416096197207 148.31852129264385 62.82998430834877 0.064716319560709126 90.608206237510416 3.6113251075976236 4.2507697049114439 -0.6830127018922193 99.094089612077809 104.5059006105529 102.82640469727694 104.19245288464761 100.02047531445822
decision_type=2 2 2 2 2 2 2 2 2 2 2 2 2 2 2 2 2 2 2 2 2 2 2 2 2 2 2 2
left_child=3 2 6 4 5 -1 -2 16 -5 10 15 -7 13 26 -13 -8 22 -12 19 -18 21 -20 25 -11 -14 27 -4 -3
right_child=1 7 12 8 -6 11 9 -9 -10 23 17 14 24 -15 -16 -17 18 -19 20 -21 -22 -23 -24 -25 -26 -27 -28 -29
leaf_value=0.0069429040917202613 0.0034115931084123261 -0.0026656841118208019 -0.0022968878540878031 0.0017295869295581977 0.00039021805106562212 0.001321713415719829 0.0011499249478607821 0.0010426683681436272 -0.0016461048557516566 0.0011788418879238613 0.00020975252601942808 0.0030167463831388256 -0.0018541956950665246 0.00081087141733439448 0.0055027972055353147 5.6636176945924226e-05 -0.001608004202301947 -0.0015862968434179052 -0.0026667740629169878 6.6705754015593038e-05 -0.00079400652969367335 -0.0012827290941806739 -0.003175500416021387 0.002783571348283232 -0.003250326492190001 -0.0012478365901073419 -0.00091519739370155321 -0.0019374901438535186
leaf_weight=113 111 115 86 129 90 81 414 97 81 92 82 154 111 81 97 691 151 218 185 159 126 153 121 82 115 128 84 185
leaf_count=113 111 115 86 129 90 81 414 97 81 92 82 154 111 81 97 691 151 218 185 159 126 153 121 82 115 128 84 185
internal_value=1.49542e-06 -0.000573197 5.2024e-05 0.00276028 0.00367066 0.00432724 0.000545125 -0.00152558 0.000422526 0.000337796 0.000132257 0.00338534 -0.00168772 -0.00084916 0.00402869 0.000468227 -0.00171578 -0.00109772 -0.00133862 -0.000755955 -0.00172074 -0.00205645 -0.00223771 0.00196817 -0.00259654 -0.00195319 -0.00164095 -0.00223932
internal_weight=4332 3587 2167 745 535 445 1690 1420 210 1579 1405 332 477 251 251 1105 1323 300 774 310 464 338 549 174 226 428 170 300
internal_count=4332 3587 2167 745 535 445 1690 1420 210 1579 1405 332 477 251 251 1105 1323 300 774 310 464 338 549 174 226 428 170 300
is_linear=0
shrinkage=0.015492


Tree=38
num_leaves=30
num_cat=0
split_feature=79 66 12 13 48 51 27 48 12 55 15 50 61 51 41 74 66 20 13 8 48 74 51 11 3 72 36 44 63
split_gain=27.795 8.63902 7.53373 6.50358 4.33464 3.63145 3.6178 2.90532 2.76286 2.06878 1.86943 1.79206 1.57853 1.4521 2.1259 1.07781 1.03263 1.02014 1.00597 0.843903 0.798763 1.20432 0.895792 0.842455 0.66905 0.638815 0.535756 0.525243 0.40797
threshold=101.71394007444387 -62.054765824741779 0.25000000000000011 -0.9330127018922193 85.165313886094978 104.22816956246344 104.43376815372045 96.879620767434474 0.25000000000000011 0.066064858674748358 22.896820024649305 103.08160521171713 0.43505513224337028 104.06148977535746 21.203544718247873 35.955108276936741 -75.029548821714172 98.192473096847564 0.6830127018922193 -1.0000000180025095e-35 86.64988100060711 36.944000021517276 108.86168702726012 -0.56174490092936669 20.386413955158659 64.021757544676504 106.47908343315126 102.56795816456831 1.2253371320133686
decision_type=2 2 2 2 2 2 2 2 2 2 2 2 2 2 2 2 2 2 2 2 2 2 2 2 2 2 2 2 2
left_child=3 2 6 4 -1 8 9 18 -5 -2 12 -6 17 14 24 -9 -12 -8 20 -20 23 27 -23 -3 -4 -18 -14 -22 -25
right_child=1 7 13 5 11 -7 10 15 -10 -11 16 -13 26 -15 -16 -17 25 -19 19 -21 21 22 -24 28 -26 -27 -28 -29 -30
leaf_value=0.001722979237940926 0.00095222286094390619 -0.0032145595956734473 -0.0024906460119650847 0.0038596441846682197 0.0073447174845352918 -0.00052204605204427977 1.6086955730895952e-05 -0.00080239651567925703 0.00038435784817135633 0.0041837698026816403 0.0021902232881011582 0.0043005687796584969 -8.6884154255488066e-05 -0.0032266036367603022 0.0008959933841106943 0.0016765181923794877 0.0011849415661599042 0.0014899845551737845 -0.0015282324152071391 -0.0034744615767135353 -0.0023197437810519128 0.00010777683601128801 -0.0015696781940216099 -0.0021757759117022658 -0.00093431090280272531 -0.00023388940041913577 -0.0015557249921343561 -0.0011205745440897798 -0.00075201896307551671
leaf_weight=118 101 119 160 141 81 155 640 82 90 91 142 160 88 108 88 81 180 134 100 135 218 201 120 108 121 129 185 162 94
leaf_count=118 101 119 160 141 81 155 640 82 90 91 142 160 88 108 88 81 180 134 100 135 218 201 120 108 121 129 185 162 94
internal_value=1.49954e-06 -0.000564497 5.12126e-05 0.00271855 0.00421314 0.00130763 0.00053687 -0.00150239 0.00252714 0.00252298 0.000277955 0.00539774 -8.17277e-05 -0.00166227 -0.00118301 0.000436544 0.00110844 0.000275889 -0.00175431 -0.00267481 -0.00153573 -0.00123317 -0.000527308 -0.00217958 -0.00183686 0.000595598 -0.00108835 -0.00182086 -0.00153329
internal_weight=4332 3587 2167 745 359 386 1690 1420 231 192 1498 241 1047 477 369 163 451 774 1257 235 1022 701 321 321 281 309 273 380 202
internal_count=4332 3587 2167 745 359 386 1690 1420 231 192 1498 241 1047 477 369 163 451 774 1257 235 1022 701 321 321 281 309 273 380 202
is_linear=0
shrinkage=0.015492


Tree=39
num_leaves=34
num_cat=0
split_feature=79 84 13 48 61 29 19 35 50 50 26 68 11 81 32 52 83 66 32 73 38 13 61 61 42 83 59 10 64 39 32 2 31
split_gain=26.96 8.38621 6.30896 4.20478 3.04782 2.56139 3.23155 4.55908 2.59964 2.28352 1.92243 1.61066 1.55379 1.47113 2.69435 1.75521 1.25148 1.22145 1.9563 1.07787 1.06546 0.764261 0.678823 0.638991 0.531598 0.620021 0.622803 0.550862 0.412647 0.388262 0.180541 0.108993 0.0556965
threshold=101.71394007444387 168.00456889655737 -0.9330127018922193 85.165313886094978 -3.430655929601627 67.42790709230637 93.755123580296853 33.360589289135412 111.3992566838088 104.33389584523661 103.12193412780762 0.053751282162146204 -0.56174490092936669 14.443606323064529 60.397366817792268 0.23419437110068017 -0.091349045049225683 -68.598935240109739 69.851597272025273 107.50252602809006 4.4148781065146112 0.6830127018922193 -0.34683227335965933 2.8757137242944144 23.57800561322107 18.019198645305892 0.057806616006104157 -1.0000000180025095e-35 0.25540888908356213 4.3832624219523568 83.244429505666133 34.740654465887303 77.724877594841857
decision_type=2 2 2 2 2 2 2 2 2 2 2 2 2 2 2 2 2 2 2 2 2 2 2 2 2 2 2 2 2 2 2 2 2
left_child=2 21 3 -1 -4 8 28 -8 13 11 -5 -6 -10 14 16 19 -3 18 -9 -15 -16 24 -17 -19 30 26 27 -26 -7 -14 -2 -23 -27
right_child=1 5 4 10 9 6 7 17 12 -11 -12 -13 29 15 20 22 -18 23 -20 -21 -22 31 -24 -25 25 32 -28 -29 -30 -31 -32 -33 -34
leaf_value=0.0016969146130963657 -0.0018069545476342263 0.0033956003451338719 -0.001146336993813982 0.0071621785441399752 0.00125375092213551 -0.0028500847884459319 0.0027814113016388872 -0.00090645906799803589 8.2766832772693144e-05 -7.0742555221693242e-05 0.0041034410947144474 0.0040632750048299575 0.0016389575956868093 -0.0014637828447627078 -0.00096090300564488607 0.0017424916736772551 0.00086277513043333653 -0.0022893048289317082 0.0017554487692177049 -0.00023024165809495194 0.0011006954625302611 -0.0031588594422423265 0.00012648706678311753 -0.0007915864924320636 0.00049261671091621845 -0.0016692172848201288 -0.0017116534149243159 -0.0010229710405475286 -0.001391650607638505 0.0031675888039105642 -0.0028645048598397518 -0.0021352036223809818 -0.0024422944204949451
leaf_weight=118 132 90 92 90 87 146 100 207 106 86 151 121 92 307 184 91 100 127 94 380 86 94 188 155 89 82 161 153 82 91 81 82 87
leaf_count=118 132 90 92 90 87 146 100 207 106 86 151 121 92 307 184 91 100 127 94 380 86 94 188 155 89 82 161 153 82 91 81 82 87
internal_value=1.51906e-06 -0.00055591 0.00267744 0.00414951 0.0012878 -0.000102125 -0.000764704 -0.000227982 0.000250465 0.00205348 0.00531623 0.00292129 0.00158263 -2.20674e-05 0.000696398 -0.000365324 0.00209535 -0.000755312 -6.62315e-05 -0.000785362 -0.000299297 -0.00179186 0.000666139 -0.00148251 -0.0015737 -0.00131486 -0.000972348 -0.000465977 -0.00234953 0.00243639 -0.00224195 -0.00272393 -0.00210151
internal_weight=4332 3587 745 359 386 2626 911 683 1715 294 241 208 289 1426 460 966 190 583 301 687 270 961 279 282 785 572 403 242 228 183 213 176 169
internal_count=4332 3587 745 359 386 2626 911 683 1715 294 241 208 289 1426 460 966 190 583 301 687 270 961 279 282 785 572 403 242 228 183 213 176 169
is_linear=0
shrinkage=0.015492


Tree=40
num_leaves=31
num_cat=0
split_feature=82 51 34 12 49 75 29 55 48 48 13 61 61 20 55 10 51 18 8 61 12 25 38 84 84 57 48 21 80 64
split_gain=26.0805 9.45361 9.0181 6.60887 4.40588 3.18115 3.15222 2.55403 2.08801 2.08425 1.98391 2.38166 1.80882 1.29303 1.26618 1.81937 0.957627 1.24711 0.929701 1.12454 0.983454 0.719301 0.683196 0.585563 0.582497 0.574832 0.48314 0.441169 0.377185 0.25182
threshold=24.437412019683777 104.22816956246344 44.120059072706439 0.25000000000000011 104.32891959578903 57.240413134627879 58.679856727917993 0.06367607409600104 95.95433334337342 85.165313886094978 0.6830127018922193 0.36192932329793598 -0.48511937270476929 98.041998277240353 0.24276340225817419 1.0000000180025095e-35 104.06148977535746 20.908161899778587 -1.0000000180025095e-35 2.5773159907014223 -0.6830127018922193 86.572498316235041 4.4216449046134976 412.41836004182215 161.81236721422366 1.6829271223802553 88.041106305579049 99.998993478351181 8.3194962214266344 0.26377529824849583
decision_type=2 2 2 2 2 2 2 2 2 2 2 2 2 2 2 2 2 2 2 2 2 2 2 2 2 2 2 2 2 2
left_child=1 5 3 4 7 -1 -5 -2 18 -7 11 13 -11 -6 15 -3 17 23 19 26 27 -21 -14 -8 -10 -13 -4 -20 -29 -28
right_child=2 14 8 6 10 9 16 -9 24 12 -12 25 22 -15 -16 -17 -18 -19 20 21 -22 -23 -24 -25 -26 -27 29 28 -30 -31
leaf_value=0.0065108088097608164 0.00097359654668280717 0.0025328203997056339 -0.0027084276247877986 0.0014013887166011089 8.4484362047009722e-05 0.0010262598818238991 -0.0011256303076936378 0.0046455639103073097 -0.0008292855689297459 0.0017756516757544611 0.0023188111591735516 -0.0016513449068597619 0.0033439713504265734 0.0012881755254194268 -0.00079797295866903368 -0.00014024966647421081 -0.0031492537679831253 -0.00019528966975624238 -0.0029307812580142193 -0.0014279886131867961 -0.0034038316174099742 0.0003320865399607965 0.0053553773244936712 -0.0026403387848494119 0.00090301168657600775 -0.00037730230450097574 -0.0019580830151913059 -0.0022617833884667035 -0.0012349446216915212 -0.00075349426114785438
leaf_weight=90 95 117 124 82 663 84 108 88 102 82 100 171 93 314 113 124 105 127 84 102 141 117 127 164 81 171 92 151 235 85
leaf_count=90 95 117 124 82 663 84 108 88 102 82 100 171 93 314 113 124 105 127 84 102 141 117 127 164 81 171 92 151 235 85
internal_value=1.56073e-06 0.00246585 -0.000583996 2.55712e-05 0.000540648 0.0038853 -0.0013782 0.00278386 -0.00159694 0.0032298 0.000246306 8.44648e-05 0.00382713 0.000474045 0.000541229 0.0011715 -0.00183594 -0.00147028 -0.00184478 -0.00134941 -0.00225803 -0.000495068 0.00455899 -0.00205709 -5.99726e-05 -0.00102294 -0.00196028 -0.00189571 -0.00165046 -0.00140115
internal_weight=4332 830 3502 2188 1602 476 586 183 1314 386 1419 1319 302 977 354 241 504 399 1131 520 611 219 220 272 183 342 301 470 386 177
internal_count=4332 830 3502 2188 1602 476 586 183 1314 386 1419 1319 302 977 354 241 504 399 1131 520 611 219 220 272 183 342 301 470 386 177
is_linear=0
shrinkage=0.015492


Tree=41
num_leaves=33
num_cat=0
split_feature=82 51 34 12 49 75 32 55 48 48 42 45 13 61 20 55 10 6 8 61 12 25 32 41 71 57 48 77 53 20 51 55
split_gain=25.2994 9.17118 8.74722 6.40998 4.28146 3.08674 2.90228 2.49983 2.02534 2.0216 2.97911 2.87361 1.95668 2.66964 1.22946 1.22818 1.76476 0.949641 0.901402 1.09084 0.953753 0.697773 0.598268 0.577797 0.566572 0.539929 0.468443 0.417767 0.543119 0.255945 0.206406 0.0930808
threshold=24.437412019683777 104.22816956246344 44.120059072706439 0.25000000000000011 104.45950074019257 57.240413134627879 58.933862366146521 0.045174306329233201 95.95433334337342 85.165313886094978 21.126706485284704 92.552462105574435 0.6830127018922193 0.36192932329793598 98.041998277240353 0.24276340225817419 1.0000000180025095e-35 102.57885154194304 -1.0000000180025095e-35 2.5773159907014223 -0.6830127018922193 86.572498316235041 63.505451435512974 20.383073694176151 104.61420823279356 1.6512296165250018 88.041106305579049 33.779943638510197 0.23765487915956765 93.001998809178687 108.04141240386083 0.043204864268482537
decision_type=2 2 2 2 2 2 2 2 2 2 2 2 2 2 2 2 2 2 2 2 2 2 2 2 2 2 2 2 2 2 2 2
left_child=1 5 3 4 7 -1 -5 -2 18 -7 11 -11 13 14 -6 16 -3 29 19 26 27 -21 -10 -19 -25 -15 -4 31 -29 -8 -28 -20
right_child=2 15 8 6 12 9 17 -9 22 10 -12 -13 -14 25 -16 -17 -18 23 20 21 -22 -23 -24 24 -26 -27 30 28 -30 -31 -32 -33
leaf_value=0.0064130310029874397 0.00051859465674316228 0.0024945125072309837 -0.0026674088103644748 0.0010953752483152043 9.1706965074273635e-05 0.0010108813374302954 -0.0014663225196820515 0.0040388961244139949 -0.001023687309750133 0.0029642275813796721 0.0019716514525016326 0.007147106468466064 0.0022838808692383088 -0.0017449536809899288 0.0012683981420922551 -0.00078591404912619147 -0.00013812560340095128 -0.0030599691553142962 -0.0018166906744824967 -0.001406465918467034 -0.0033521413869685214 0.00032706386111903062 0.00072990932119823115 -0.00078333187194180637 -0.0025654217344253023 -0.00049185482560472847 -0.00085232265085748735 -0.00072465386792240811 -0.0021773417985646278 -0.00025844413360693946 -0.0019544941292916509 -0.0026753428043110993
leaf_weight=90 82 117 124 95 653 84 84 119 82 85 133 84 100 166 314 113 124 146 82 102 141 117 101 90 86 168 96 137 117 85 81 134
leaf_count=90 82 117 124 95 653 84 84 119 82 85 133 84 100 166 314 113 124 146 82 102 141 117 101 90 86 168 96 137 117 85 81 134
internal_value=1.58512e-06 0.00242869 -0.000575135 2.5206e-05 0.000532474 0.00382678 -0.00135728 0.00263044 -0.00157275 0.00318108 0.00376937 0.00512762 0.000226703 6.38789e-05 0.000476485 0.000533033 0.00115377 -0.00183558 -0.00181684 -0.00132906 -0.00222376 -0.00048761 -5.90187e-05 -0.00232812 -0.00168155 -0.00112438 -0.00193071 -0.00186694 -0.00141084 -0.000873644 -0.00138011 -0.0023776
internal_weight=4332 830 3502 2188 1602 476 586 201 1314 386 302 169 1401 1301 967 354 241 491 1131 520 611 219 183 322 176 334 301 470 254 169 177 216
internal_count=4332 830 3502 2188 1602 476 586 201 1314 386 302 169 1401 1301 967 354 241 491 1131 520 611 219 183 322 176 334 301 470 254 169 177 216
is_linear=0
shrinkage=0.015492


Tree=42
num_leaves=30
num_cat=0
split_feature=79 84 12 51 12 51 26 48 65 50 18 78 11 44 36 42 33 42 25 48 12 85 42 71 44 33 11 3 84
split_gain=24.6768 7.56112 6.62807 6.0258 4.06533 3.96221 3.71549 2.8759 2.04612 1.62008 1.52985 1.51602 1.46442 1.44861 1.26388 2.08829 1.02289 1.14249 1.06981 0.848987 0.695906 0.519258 0.504104 0.496322 0.65644 0.668467 0.147493 0.135316 0.0959068
threshold=101.77534775257114 168.00456889655737 0.25000000000000011 104.22816956246344 0.25000000000000011 103.02861248634481 104.33312798606026 86.560115693145363 -0.41270496898226122 111.3992566838088 21.61647111839719 62.90948388642731 -0.56174490092936669 98.018319423287011 104.64216962602406 21.099418847251822 33.464715456432778 22.578506171813725 97.376956792407597 92.797930649828047 -0.6830127018922193 406.64461134389944 23.57800561322107 33.254486152695286 104.44946481964769 108.12782815509375 1.0000000180025095e-35 20.322319143083355 141.6373688206865
decision_type=2 2 2 2 2 2 2 2 2 2 2 2 2 2 2 2 2 2 2 2 2 2 2 2 2 2 2 2 2
left_child=3 20 6 4 5 -1 10 -7 -5 16 -3 12 -11 -13 15 21 17 -8 -18 -9 22 -4 26 -24 25 -25 -2 -23 -22
right_child=1 2 14 8 -6 7 9 19 -10 11 -12 13 -14 -15 -16 -17 18 -19 -20 -21 28 27 23 24 -26 -27 -28 -29 -30
leaf_value=0.0064835895473054333 -0.0025394213142949976 0.0035474243201948389 -0.00095686624535354305 0.0015097159061370532 0.00041733170429606424 0.00077593365194202556 -0.00024721724409258993 0.004675750978115966 -0.0015296700927148494 2.3742431438473794e-05 0.00070897703510667729 -0.0014352468893354137 0.0025616595685637772 0.0011782719373013731 -0.0028619406848696019 0.00083803918634762847 -0.00045828311653524519 0.0020575387316836063 0.0013351502099606771 0.0025595511018169483 -0.00301863585876398 -0.0027533373948219956 -0.0020604664819168016 -9.3850592211605212e-05 -0.002209968304152148 -0.0014588007150658964 -0.0015862867914189561 -0.0017506909821471291 -0.0020507988241187697
leaf_weight=115 121 107 121 137 92 94 108 159 83 82 81 97 161 101 144 94 1153 95 83 82 93 94 138 202 82 148 92 90 83
leaf_count=115 121 107 121 137 92 94 108 159 83 82 81 97 161 101 144 94 1153 95 83 82 93 94 138 202 82 148 92 90 83
internal_value=1.58315e-06 -0.000539029 -0.000106318 0.00252708 0.00340099 0.00400434 0.000294064 0.00310562 0.000357758 8.48112e-05 0.00235371 0.000903173 0.00171578 -0.00010384 -0.00162492 -0.00116117 -0.000167211 0.00084445 -0.000334993 0.0039943 -0.00171325 -0.00177965 -0.00150456 -0.00125206 -0.000981844 -0.00067838 -0.00215445 -0.00229747 -0.00260255
internal_weight=4332 3570 2611 762 542 450 2068 335 220 1880 188 441 243 198 543 399 1439 203 1236 241 959 305 783 570 432 350 213 184 176
internal_count=4332 3570 2611 762 542 450 2068 335 220 1880 188 441 243 198 543 399 1439 203 1236 241 959 305 783 570 432 350 213 184 176
is_linear=0
shrinkage=0.015492


Tree=43
num_leaves=29
num_cat=0
split_feature=79 84 12 13 48 26 61 50 26 50 29 11 68 86 17 1 25 4 50 12 42 45 45 2 84 32 52 84
split_gain=23.9345 7.33541 6.42979 6.06363 3.83449 3.60407 2.83123 2.22075 1.78028 1.57072 1.47178 1.4345 1.33972 1.26569 1.24242 1.03943 1.04065 1.03894 0.88155 0.675369 0.489134 0.519772 1.06535 0.554648 0.435487 0.1818 0.0997278 0.092974
threshold=101.77534775257114 168.00456889655737 0.25000000000000011 -0.9330127018922193 85.165313886094978 104.33312798606026 -3.430655929601627 104.380926822733 103.12193412780762 111.3992566838088 67.232209114498588 -0.56174490092936669 0.053751282162146204 253.01626353667794 21.711931131945725 33.464715456432778 97.376956792407597 94.992491485807662 102.30756433645884 -0.6830127018922193 23.594237388239964 104.24016001601115 103.79589449123101 35.998501927057909 411.93330409070887 83.98674856503807 0.198044008016142 141.6373688206865
decision_type=2 2 2 2 2 2 2 2 2 2 2 2 2 2 2 2 2 2 2 2 2 2 2 2 2 2 2 2
left_child=3 19 5 4 -1 13 -5 12 -6 15 11 -11 -8 -3 18 17 -17 -7 -4 20 25 22 23 -22 -20 -2 -26 -21
right_child=1 2 14 6 8 9 7 -9 -10 10 -12 -13 -14 -15 -16 16 -18 -19 24 27 21 -23 -24 -25 26 -27 -28 -29
leaf_value=0.001612611672717638 -0.001694927360156755 0.0011621453638100355 -0.00075483614558397439 -0.0011510119664470239 0.0068068870386365724 -0.00017997090146424288 0.0011970057449244484 -0.00020429043757615075 0.00388269836180244 8.0014159975534945e-05 -0.00032846182143314508 0.0023553750193828706 0.0037168651169227065 0.0037532019468147155 4.957837254149622e-05 -0.00045352723464519445 0.0013151508611535193 0.0020357984318297665 -0.0013240913486555405 -0.0029732578721262419 -0.0019012163476889081 -0.0022831570728268627 0.00034980789557346515 -0.00065994542735398813 -0.0029439514857912295 -0.0027348945817913793 -0.0020580456901938943 -0.0020200797042446406
leaf_weight=120 136 107 118 95 91 107 89 87 152 104 154 183 128 81 91 1156 83 93 87 93 217 93 106 150 164 81 83 83
leaf_count=120 136 107 118 95 91 107 89 87 152 104 154 183 128 81 91 1156 83 93 87 93 217 93 106 150 164 81 83 83
internal_value=1.57455e-06 -0.000530843 -0.00010464 0.00248879 0.00393134 0.000289708 0.00115766 0.00188339 0.00504415 8.36154e-05 0.000889415 0.00154003 0.00271261 0.00231823 -0.00160035 -0.000164537 -0.000332235 0.000864013 -0.00193096 -0.00168741 -0.00148182 -0.00122999 -0.00101034 -0.00140309 -0.00233634 -0.00211385 -0.00267341 -0.00256348
internal_weight=4332 3570 2611 762 363 2068 399 304 243 1880 441 287 217 188 543 1439 1239 200 452 959 783 566 473 367 334 217 247 176
internal_count=4332 3570 2611 762 363 2068 399 304 243 1880 441 287 217 188 543 1439 1239 200 452 959 783 566 473 367 334 217 247 176
is_linear=0
shrinkage=0.015492


Tree=44
num_leaves=26
num_cat=0
split_feature=79 84 12 13 48 26 51 12 26 1 48 32 61 32 45 48 84 12 56 45 63 74 51 41 84
split_gain=23.2152 7.23618 5.81391 5.60252 3.66806 3.32494 3.12677 2.45974 1.71479 1.6792 2.22041 2.00756 1.77257 1.25775 0.799069 0.732306 0.608164 0.554342 0.344793 0.421388 0.284574 0.176672 0.16393 0.363872 0.0396547
threshold=101.71394007444387 161.81236721422366 0.25000000000000011 -0.9330127018922193 85.165313886094978 103.806300895479 104.1815813748042 0.25000000000000011 103.12193412780762 42.259365615844736 96.879620767434474 69.851597272025273 0.58746386024687791 60.188601275549999 101.09490314059789 90.609733369173838 411.93330409070887 -0.6830127018922193 0.55377873017429136 103.79589449123101 1.2200387897602607 36.165093858109586 104.06148977535746 20.363320685978291 137.72465153352081
decision_type=2 2 2 2 2 2 2 2 2 2 2 2 2 2 2 2 2 2 2 2 2 2 2 2 2
left_child=3 17 5 4 -1 -3 7 -5 -6 11 15 12 -7 -4 -13 -11 -15 18 -2 20 21 -20 23 -18 -19
right_child=1 2 13 6 8 9 -8 -9 -10 10 -12 14 -14 16 -16 -17 22 24 19 -21 -22 -23 -24 -25 -26
leaf_value=0.0015811457519599684 -0.0022828498352219866 0.0026228819610628379 -0.00021262629367391848 0.0036177282096402485 0.0067025511424965885 0.00040479522331330866 -0.00048628695872002741 0.00032214669009879656 0.0038185894015198233 -0.0018708129842218001 0.0015876658895228938 0.00089301713417523881 -0.0009838024233941253 -0.001039021559285927 0.0029481726699650507 -0.00057947138971039126 -0.0026654549291320116 -0.0029585189741468537 -0.0020881996527548938 -0.00067541192361532019 -0.00079004378195548011 -0.0011732116984516123 -0.0029312212311618496 -0.0012360966879872734 -0.002136512754001178
leaf_weight=118 132 128 129 137 90 1084 159 90 151 182 84 106 274 127 82 255 100 81 229 157 82 83 100 89 83
leaf_count=118 132 128 129 137 90 1084 159 90 151 182 84 106 274 127 82 255 100 81 229 157 82 83 100 89 83
internal_value=1.59614e-06 -0.000515671 -0.000128136 0.00248473 0.00387181 0.000227881 0.00117559 0.00233163 0.00496151 7.61295e-05 -0.000682154 0.00033251 0.000123087 -0.00155591 0.00182043 -0.0011261 -0.00196798 -0.0017646 -0.00155722 -0.0013724 -0.00164309 -0.00185786 -0.00236181 -0.00202111 -0.00258651
internal_weight=4332 3587 2740 745 359 2195 386 227 241 2067 521 1546 1358 545 188 437 416 847 683 551 394 312 289 189 164
internal_count=4332 3587 2740 745 359 2195 386 227 241 2067 521 1546 1358 545 188 437 416 847 683 551 394 312 289 189 164
is_linear=0
shrinkage=0.015492


Tree=45
num_leaves=32
num_cat=0
split_feature=81 51 33 12 49 78 32 61 48 83 32 16 17 55 32 74 48 11 11 45 85 9 3 61 5 59 84 18 2 38 52
split_gain=22.0313 8.62051 7.20133 6.14188 3.90897 3.61387 2.30391 1.92002 1.74895 1.65128 1.6414 1.51417 1.45195 1.29552 1.23983 0.809631 0.837815 0.93849 0.790447 0.745143 0.719886 0.694878 0.584077 0.582376 0.57564 0.551348 0.48005 0.243036 0.105034 0.079026 0.0341098
threshold=14.118228284677128 104.43718461124986 41.869046545558511 0.25000000000000011 103.89861817819101 55.177905876768961 69.611252222061168 0.52746245409292325 96.108589335503396 -0.094202108051224767 59.429615794817614 21.827217018869195 23.622014158301884 0.046427922414868032 64.730598380830585 34.362252005404912 87.010193976009347 -0.56174490092936669 -0.22252093395631442 100.82329509222951 410.2368346716587 0.25881904510252057 22.627493749194681 -2.4431083871920865 4.0866301450464446 0.23312887942347518 159.87332771658308 21.14429185814328 31.672190310955052 4.0201580225427938 0.1261332009934544
decision_type=2 2 2 2 2 2 2 2 2 2 2 2 2 2 2 2 2 2 2 2 2 2 2 2 2 2 2 2 2 2 2
left_child=1 5 3 4 -2 -1 7 14 15 -3 -5 13 -11 -7 -6 28 17 -17 -15 -8 -12 23 -9 -18 -23 -19 -10 30 -4 -30 -22
right_child=2 9 8 10 6 11 19 22 26 12 20 -13 -14 18 -16 16 21 25 -20 -21 27 24 -24 -25 -26 -27 -28 -29 29 -31 -32
leaf_value=0.0058094621746455893 0.0036215893433792176 0.0014364007305026859 -0.0028997123989118719 0.00050453588039566562 0.00097011663405725292 0.0016423356353427946 0.00090352990964089465 -0.0015878321431809876 -0.00080123646111249691 -0.0021072651824675975 -0.00094139928321287588 0.000922547457608784 0.00044583930056223917 0.0026791481245174455 -0.0001251218481451965 -0.0032530248447655875 -0.0015680805307208615 -0.00074479736419532272 0.0045074340138718675 0.0029133088413652608 -0.0029751948150758233 -0.00066561491521312265 -1.1257472918873918e-05 -6.9240256087178814e-05 -0.0023745207725919871 -0.0023355866006224413 0.00082778917827496402 -0.001497662634549672 -0.0017714274173849635 -0.0024758186389677588 -0.0022418603449667561
leaf_weight=106 87 146 85 85 446 115 94 184 85 93 152 102 119 128 553 102 86 128 140 88 86 82 81 209 120 91 83 85 141 113 117
leaf_count=106 87 146 85 85 446 115 94 184 85 93 152 102 119 128 553 102 86 128 140 88 86 82 81 209 120 91 83 85 141 113 117
internal_value=1.57316e-06 0.00208392 -0.000583799 -9.85085e-06 0.000485586 0.00322867 0.000290111 5.36759e-05 -0.00147327 0.000183333 -0.00145152 0.00263388 -0.000686803 0.00307926 0.00036512 -0.00168725 -0.00141361 -0.00203141 0.00367182 0.00190562 -0.00183041 -0.00100513 -0.0011115 -0.000517279 -0.0017001 -0.00142766 3.44535e-06 -0.00228552 -0.00233003 -0.00210907 -0.00258975
internal_weight=4332 949 3383 2058 1533 591 1446 1264 1325 358 525 485 212 383 999 1157 818 321 268 182 440 497 265 295 202 219 168 288 339 254 203
internal_count=4332 949 3383 2058 1533 591 1446 1264 1325 358 525 485 212 383 999 1157 818 321 268 182 440 497 265 295 202 219 168 288 339 254 203
is_linear=0
shrinkage=0.015492


Tree=46
num_leaves=30
num_cat=0
split_feature=82 51 34 12 26 75 32 81 48 48 42 45 51 31 55 10 65 6 8 42 12 32 41 74 25 21 74 77 20
split_gain=21.8958 7.86912 7.64984 5.51205 4.18148 2.82441 2.61759 2.00834 1.81029 1.79018 2.8639 2.67794 1.44567 1.6828 1.16991 1.69383 1.00449 0.834783 0.793346 0.938823 0.890967 0.585226 0.520081 0.582486 0.465565 0.407492 0.40093 0.389559 0.245449
threshold=24.437412019683777 104.22816956246344 44.120059072706439 0.25000000000000011 103.59297448370192 57.240413134627879 58.933862366146521 20.044041401371192 95.95433334337342 85.165313886094978 21.126706485284704 92.552462105574435 111.5206079276403 67.57362303574881 0.24276340225817419 1.0000000180025095e-35 -0.53223058064777706 102.57885154194304 -1.0000000180025095e-35 23.655720593664388 -0.6830127018922193 63.505451435512974 20.383073694176151 104.85795796801646 86.0638961177402 99.998993478351181 38.688203363617262 33.864432874917988 93.001998809178687
decision_type=2 2 2 2 2 2 2 2 2 2 2 2 2 2 2 2 2 2 2 2 2 2 2 2 2 2 2 2 2
left_child=1 5 3 4 -2 -1 -5 12 18 -7 11 -11 16 -14 15 -3 -6 28 19 -4 25 -10 -19 -24 -21 -20 -26 -27 -8
right_child=2 14 8 6 7 9 17 -9 21 10 -12 -13 13 -15 -16 -17 -18 22 20 24 -22 -23 23 -25 26 27 -28 -29 -30
leaf_value=0.0060253001186525339 0.0034731882429960047 0.0024228811202523879 -0.0022438111631892291 0.0010730390980703338 0.001410512166186565 0.00089855327755021313 -0.0013883299154753921 0.0022737814621591329 -0.00099152920033425689 0.0027400673943133408 0.0017360021935812751 0.0067680848401709308 0.0016597877658493731 -0.00050628227161050702 -0.00078362500211530731 -0.00015588923996642473 -0.00033217817332754674 -0.0028651570806603925 -0.0027277377329252895 -0.0015813368829567017 -0.0031693670870153235 0.00074283448826663323 -0.00070231043011835807 -0.0025058840639533148 -0.0012533059313284934 -0.0020426301062501074 5.1377284549266825e-05 -0.0010276120029607937 -0.00020765678617652963
leaf_weight=90 103 117 155 95 84 84 84 110 82 85 133 84 253 128 113 124 924 146 84 120 141 101 95 81 84 176 161 210 85
leaf_count=90 103 117 155 95 84 84 84 110 82 85 133 84 253 128 113 124 924 146 84 120 141 101 95 81 84 176 161 210 85
internal_value=1.51344e-06 0.00225946 -0.000535011 2.64055e-05 0.000496803 0.00355452 -0.0012556 0.000286044 -0.00146796 0.00293838 0.00349179 0.00482149 0.000124243 0.000933489 0.000503406 0.00110933 -0.000183309 -0.00170992 -0.00169872 -0.00124116 -0.00208044 -3.71155e-05 -0.00217166 -0.00155949 -0.000801094 -0.00173649 -0.000404828 -0.00150219 -0.000808268
internal_weight=4332 830 3502 2188 1602 476 586 1499 1314 386 302 169 1389 381 354 241 1008 491 1131 520 611 183 322 176 365 470 245 386 169
internal_count=4332 830 3502 2188 1602 476 586 1499 1314 386 302 169 1389 381 354 241 1008 491 1131 520 611 183 322 176 365 470 245 386 169
is_linear=0
shrinkage=0.015492


Tree=47
num_leaves=28
num_cat=0
split_feature=79 84 12 35 75 27 45 42 55 42 38 1 40 42 36 42 64 12 62 42 83 59 53 32 58 36 22
split_gain=21.2416 6.50478 5.72554 5.50358 4.07186 2.82467 2.60418 2.57753 2.45988 1.61708 1.46137 1.63676 1.82828 1.39514 1.166 1.90934 0.955157 0.606766 0.521352 0.451186 0.523068 0.59604 0.447476 0.163679 0.119241 0.0823289 0.0725449
threshold=101.77534775257114 168.00456889655737 0.25000000000000011 42.233549734221576 57.426063649720618 104.43376815372045 90.603299673133421 21.126706485284704 0.23173230182981233 21.654292426970276 4.4979494319359468 41.855303831630287 23.000260032901064 20.457764323066787 104.64216962602406 21.099418847251822 0.24853418284776904 -0.6830127018922193 -0.011794369012394277 23.57800561322107 18.019198645305892 0.057806616006104157 0.23765487915956765 83.244429505666133 0.032776977464004993 34.740654465887303 101.95108045366077
decision_type=2 2 2 2 2 2 2 2 2 2 2 2 2 2 2 2 2 2 2 2 2 2 2 2 2 2 2
left_child=3 17 5 4 -1 9 -6 13 -9 -3 11 12 -7 -8 15 18 -13 19 -4 23 21 22 -21 -2 -20 -19 -22
right_child=1 2 14 -5 6 10 7 8 -10 -11 -12 16 -14 -15 -16 -17 -18 25 24 20 26 -23 -24 -25 -26 -27 -28
leaf_value=0.0051991754293371209 -0.0016015466885740085 0.00312251001594084 -0.00084263486009634363 -0.0012874763285102048 -0.00011929007145910299 -0.00010440982681414338 0.0023968986506350837 0.0031549244054181564 -0.00022999473201547045 0.00034814653009201073 0.0020434479002221797 0.00047946977692070068 0.0011657157061880914 0.004875930605954832 -0.0026975940020601283 0.00084548449795083852 -0.0013608226728707513 -0.0028008317343081513 -0.0026739332456618015 0.00026016313719575177 -0.0014323679343240497 -0.0015618622668359537 -0.0010701809576513866 -0.0025942934701663691 -0.0017213518124500869 -0.0019017855446468313 -0.0022277989363749715
leaf_weight=136 132 120 122 87 96 1042 111 95 108 87 84 87 365 129 144 94 283 94 81 132 81 161 108 81 102 82 88
leaf_count=136 132 120 122 87 96 1042 111 95 108 87 84 87 365 129 144 94 283 94 81 132 81 161 108 81 102 82 88
internal_value=1.55738e-06 -0.000500015 -9.86643e-05 0.00234468 0.00281639 0.000273459 0.0021909 0.00268929 0.00137534 0.0019774 8.11552e-05 -1.46688e-05 0.000226706 0.00377121 -0.00151009 -0.00106525 -0.000927512 -0.00158913 -0.00165679 -0.00139434 -0.00115579 -0.000840523 -0.000343646 -0.00200867 -0.0021779 -0.00241933 -0.00187706
internal_weight=4332 3570 2611 762 675 2068 539 443 203 207 1861 1777 1407 240 543 399 370 959 305 783 570 401 240 213 183 176 169
internal_count=4332 3570 2611 762 675 2068 539 443 203 207 1861 1777 1407 240 543 399 370 959 305 783 570 401 240 213 183 176 169
is_linear=0
shrinkage=0.015492


Tree=48
num_leaves=32
num_cat=0
split_feature=82 51 33 12 26 29 75 32 48 48 41 44 81 51 80 66 31 51 17 85 8 15 12 60 32 38 21 57 58 77 58
split_gain=20.6887 7.43179 7.18892 5.24021 3.96518 2.69088 2.67147 1.93235 1.72452 1.72418 1.66182 1.74544 1.24763 1.74814 1.16965 0.985317 1.56322 0.854148 1.17835 0.828446 0.753045 0.854363 0.852162 0.574791 0.571259 0.53841 0.392439 0.383772 0.382569 0.372765 0.235026
threshold=24.437412019683777 104.22816956246344 44.070790095859117 0.25000000000000011 103.59297448370192 58.679856727917993 57.240413134627879 70.598348055945522 85.165313886094978 95.95433334337342 21.278815811077759 93.093092418600023 15.121091452751301 110.91485987627949 26.417972527999037 -69.383891414006527 62.075307926601845 104.06148977535746 21.194056981934448 406.64461134389944 -1.0000000180025095e-35 23.602685817347638 -0.6830127018922193 2.104748299941122 63.505451435512974 4.4148781065146112 99.998993478351181 3.4705854580305302 0.0030031657329310239 33.864432874917988 -0.046663511340263135
decision_type=2 2 2 2 2 2 2 2 2 2 2 2 2 2 2 2 2 2 2 2 2 2 2 2 2 2 2 2 2 2 2
left_child=1 6 3 4 -2 -5 -1 12 -8 20 11 -10 13 -6 -14 -3 25 18 19 -7 21 27 26 30 -11 -17 -22 -4 -9 -28 -23
right_child=2 15 9 5 7 17 8 28 10 24 -12 -13 14 -15 -16 16 -18 -19 -20 -21 22 23 -24 -25 -26 -27 29 -29 -30 -31 -32
leaf_value=0.0058578160050165202 0.0033812120790493783 -0.00076276743271825112 -0.0026182807820003427 0.0013428033238995557 -0.00012895414228193236 -0.00062916311492224801 0.00085484647318533741 0.001010990758375647 0.0028212107787049844 -0.00097184920350817808 0.0019523117003827995 0.0060423144600786922 -0.00083684882950620901 0.0015653700533669013 0.00043199586058773808 0.00096352497406674306 -0.00070706636489356828 -0.0028712622024656882 0.00033272658256492738 -0.0023104126722676057 -0.0026578656260780884 -0.00062355252175520857 -0.0030866974577647122 0.00030362549702823798 0.00074169338787581835 0.0027605082529185863 -0.0019846344018887327 -0.001153728034658889 0.0025118739059742383 -0.00099228649088705734 -0.0016280891981833609
leaf_weight=90 103 104 110 82 338 111 84 86 97 82 124 81 453 254 280 86 83 107 83 204 84 121 141 94 101 81 176 82 88 210 112
leaf_count=90 103 104 110 82 338 111 84 86 97 82 124 81 453 254 280 86 83 107 83 204 84 121 141 94 101 81 176 82 88 210 112
internal_value=1.50732e-06 0.00219634 -0.000520018 2.38917e-05 0.000482831 -0.00122476 0.0034549 0.000277596 0.00285568 -0.00142497 0.00339876 0.0043594 7.43515e-05 0.00060186 -0.000352244 0.000489763 0.00101388 -0.00164702 -0.00129965 -0.00172917 -0.00165036 -0.00120401 -0.00202204 -0.000711829 -2.87686e-05 0.00186724 -0.00168582 -0.0020192 0.00179872 -0.00145618 -0.00112059
internal_weight=4332 830 3502 2189 1602 587 476 1499 386 1313 302 178 1325 592 733 354 250 505 398 315 1130 519 611 327 183 167 470 192 174 386 233
internal_count=4332 830 3502 2189 1602 587 476 1499 386 1313 302 178 1325 592 733 354 250 505 398 315 1130 519 611 327 183 167 470 192 174 386 233
is_linear=0
shrinkage=0.015492


Tree=49
num_leaves=30
num_cat=0
split_feature=82 51 34 12 26 29 75 81 61 48 42 19 48 46 26 20 51 42 12 42 80 48 28 32 62 86 32 61 18
split_gain=20.0705 7.20994 6.97929 5.04622 3.8501 2.60362 2.59184 1.89346 2.62882 1.67299 2.67201 1.98943 1.67162 1.13713 1.71179 1.10823 0.793956 1.26189 0.724393 0.664961 0.723635 0.606791 0.564262 0.554234 0.512738 0.319511 0.300597 0.0676013 0.0350027
threshold=24.437412019683777 104.22816956246344 44.120059072706439 0.25000000000000011 103.59297448370192 58.679856727917993 57.240413134627879 20.044041401371192 0.52746245409292325 85.165313886094978 21.058476508767516 92.671081528133826 95.95433334337342 93.195906756012576 105.42593832651777 98.041998277240353 104.06148977535746 21.042454562253429 -0.6830127018922193 23.57800561322107 8.3194962214266344 86.211240007347541 108.73272276242575 63.505451435512974 -0.018895103568141499 348.38720909076335 66.476281568739168 1.1281186170710387 23.999154622819699
decision_type=2 2 2 2 2 2 2 2 2 2 2 2 2 2 2 2 2 2 2 2 2 2 2 2 2 2 2 2 2
left_child=1 6 3 4 -2 -5 -1 8 15 -8 11 -11 18 14 -3 -6 17 24 19 26 -21 -10 -22 -14 -7 28 -4 -28 -20
right_child=2 13 12 5 7 16 9 -9 21 10 -12 -13 23 -15 -16 -17 -18 -19 25 20 22 -23 -24 -25 -26 -27 27 -29 -30
leaf_value=0.0057698446006479772 0.0033302368869170063 0.0023603170655633878 -0.0012960013831707258 0.0013226974568942859 0.00011296696441765575 -0.00081750525624987175 0.00084203657972675076 0.0022020358368115655 -0.0021232534535583821 0.002792896565440657 0.0017062754348632764 0.0063589014519225377 -0.00095729765040784853 -0.00053550303145798379 -0.00051101792669528713 0.0011567657789007073 -0.0028132878173659933 0.00042713021114086419 -0.0030351166233489706 -0.002067488383845737 -0.00042311279680128176 -0.00063363005010253414 -0.0015845739326463295 0.00073051755554320343 -0.0021647874186038383 -0.0014603536650779991 -0.002870568720607257 -0.0019888172158999359 -0.0022353319449447042
leaf_weight=90 103 123 96 82 749 107 84 110 107 81 138 83 82 150 81 360 105 81 100 142 315 173 147 101 211 83 81 86 81
leaf_count=90 103 123 96 82 749 107 84 110 107 81 138 83 82 150 81 360 105 81 100 142 315 173 147 101 211 83 81 86 81
internal_value=1.57416e-06 0.00216337 -0.0005121 2.41454e-05 0.00047423 -0.00120249 0.00340299 0.000271998 0.000114903 0.00281278 0.00334768 0.00467574 -0.00140322 0.00048245 0.00122844 0.000453972 -0.00161862 -0.00128634 -0.00162497 -0.00139943 -0.00110664 -0.0012188 -0.000800287 -2.83701e-05 -0.00172299 -0.00234254 -0.0020525 -0.00245789 -0.00271777
internal_weight=4332 830 3502 2188 1602 586 476 1499 1389 386 302 164 1314 354 204 1109 504 399 1131 867 604 280 462 183 318 264 263 167 181
internal_count=4332 830 3502 2188 1602 586 476 1499 1389 386 302 164 1314 354 204 1109 504 399 1131 867 604 280 462 183 318 264 263 167 181
is_linear=0
shrinkage=0.015492


Tree=50
num_leaves=32
num_cat=0
split_feature=82 51 33 12 49 29 78 55 40 48 51 32 55 10 55 10 83 51 18 39 51 8 15 12 60 18 84 21 77 53 58
split_gain=19.4715 6.99537 6.76736 4.92903 3.46942 2.53196 2.43626 2.37071 1.6511 1.62251 1.17055 1.43107 1.10482 1.62116 1.00538 2.20269 0.908252 0.804515 1.05012 0.746128 0.934058 0.718846 0.815707 0.809829 0.558995 0.545539 0.469317 0.375755 0.351303 0.323622 0.228686
threshold=24.437412019683777 104.22816956246344 44.070790095859117 0.25000000000000011 104.45950074019257 58.679856727917993 55.177905876768961 0.045174306329233201 23.000260032901064 95.95433334337342 110.88498875149975 64.730598380830585 0.24276340225817419 1.0000000180025095e-35 0.062620213336673294 -1.0000000180025095e-35 -0.11080459132776979 104.06148977535746 20.908161899778587 4.1508719175391731 110.91485987627949 -1.0000000180025095e-35 23.602685817347638 -0.6830127018922193 2.104748299941122 24.119040967888306 412.41836004182215 99.998993478351181 33.864432874917988 0.33649273150146403 -0.046663511340263135
decision_type=2 2 2 2 2 2 2 2 2 2 2 2 2 2 2 2 2 2 2 2 2 2 2 2 2 2 2 2 2 2 2
left_child=1 6 3 4 7 -5 -1 -2 10 21 16 -12 13 -3 -8 -16 -6 18 26 -10 -21 22 29 27 30 -11 -7 -23 -29 -4 -24
right_child=2 12 9 5 8 17 14 -9 19 25 11 -13 -14 -15 15 -17 -18 -19 -20 20 -22 23 24 -25 -26 -27 -28 28 -30 -31 -32
leaf_value=0.0054267129888826626 0.0003081037753145026 0.0023491379823076244 -0.0025200326439293627 0.0013028926640608785 0.00072592966839354878 -0.00096504108268453807 0.0015072613874355836 0.0037279819537271407 0.0022372902145186852 0.00074119448553306073 0.001807656664945257 -7.5771350896991439e-05 -0.00077537708721926637 -0.00017329594351874183 0.0019581123381578274 0.0049510281181892775 -0.00087828240294957115 -0.0027854131713645779 -8.6316315212627137e-05 1.9145604299116207e-06 0.001992969298693368 -0.0025870899208719155 -0.00059785085417430619 -0.0030018378155577353 0.00031667982843154628 -0.00093010646060258698 -0.0023187077265949311 -0.0019249362436462875 -0.00096161531534037271 -0.0011679261685305421 -0.0015878084314244329
leaf_weight=106 82 117 109 82 101 108 121 119 98 99 131 349 113 124 142 107 467 107 126 174 81 84 121 141 94 84 164 176 210 83 112
leaf_count=106 82 117 109 82 101 108 121 119 98 99 131 349 113 124 142 107 467 107 126 174 81 84 121 141 94 84 164 176 210 83 112
internal_value=1.5644e-06 0.00213085 -0.000504386 2.33346e-05 0.000468439 -0.00118767 0.00335189 0.00235699 0.000193206 -0.0013824 -0.000116005 0.000445679 0.00047513 0.00106403 0.00272042 0.00328593 -0.000590678 -0.00159728 -0.00126015 0.00110505 0.000649705 -0.00160105 -0.0011651 -0.00196411 -0.000684322 -2.7977e-05 -0.00179708 -0.00163644 -0.00141193 -0.00196154 -0.00108748
internal_weight=4332 830 3502 2189 1602 587 476 201 1401 1313 1048 480 354 241 370 249 568 505 398 353 255 1130 519 611 327 183 272 470 386 192 233
internal_count=4332 830 3502 2189 1602 587 476 201 1401 1313 1048 480 354 241 370 249 568 505 398 353 255 1130 519 611 327 183 272 470 386 192 233
is_linear=0
shrinkage=0.015492


Tree=51
num_leaves=32
num_cat=0
split_feature=82 51 34 40 75 48 42 20 13 18 29 48 32 32 51 46 29 51 61 30 11 85 58 51 53 22 32 13 31 32 55
split_gain=18.8863 6.78563 6.5698 3.2357 2.46831 1.60196 2.58788 1.67682 1.59887 2.96597 2.19492 1.573 1.3439 1.80137 1.22172 1.10012 1.55643 1.08924 1.08175 0.927373 0.732219 0.643218 0.699171 0.88377 0.638361 0.585724 0.538307 0.263543 0.415172 0.0260843 0.015579
threshold=24.437412019683777 104.22816956246344 44.120059072706439 22.14497592325564 57.240413134627879 85.165313886094978 21.058476508767516 92.671081528133826 -0.9330127018922193 20.977557875845168 69.538505963219578 95.95433334337342 69.323362171385014 67.688244099617052 111.5206079276403 93.195906756012576 61.144889135890537 104.41024708915641 -2.5833480685066266 60.587589523527363 1.0000000180025095e-35 423.85560282896557 1.0000000180025095e-35 108.74596851967001 0.18491123878281315 94.722441718843257 63.505451435512974 0.6830127018922193 67.57362303574881 82.686634029812268 0.034906615092320896
decision_type=2 2 2 2 2 2 2 2 2 2 2 2 2 2 2 2 2 2 2 2 2 2 2 2 2 2 2 2 2 2 2
left_child=1 4 3 8 -1 -6 7 -7 9 -2 18 21 13 14 17 16 -3 -5 -10 -20 -16 29 23 24 -23 30 -13 28 -24 -4 -12
right_child=2 15 11 12 5 6 -8 -9 10 -11 25 26 -14 -15 20 -17 -18 -19 19 -21 -22 22 27 -25 -26 -27 -28 -29 -30 -31 -32
leaf_value=0.005610450067287243 0.0024282804468230158 0.0023933201801311439 -0.0018767980602242356 0.0018917527134058932 0.00079824050912449048 0.0028492638977178401 0.0016349596900849925 0.0061468164086351173 -0.0016287923754900509 -0.00082089726060964596 -0.0020264263465523849 -0.00094307556750656575 0.0021817124015600692 -0.0014665533637207766 0.0008950077258019001 -0.00053322667346632116 -0.00030468519811477265 -6.527495127111868e-06 0.0012580490104220298 -0.0003064112652668909 0.0027476359887163818 0.00069531248300464714 -0.0010196828226958121 -0.002038377484220462 -0.00088652466592107444 -0.0010638832344612324 0.00072031003772383127 -0.0024905254412292428 -0.0020748636303425209 -0.0024956766869100627 -0.0027030229244620614
leaf_weight=90 114 113 85 85 84 83 138 81 113 157 81 82 126 98 121 150 91 416 112 434 92 83 188 114 213 144 101 105 190 153 95
leaf_count=90 114 113 85 85 84 83 138 81 113 157 81 82 126 98 121 150 91 416 112 434 92 83 188 114 213 144 101 105 190 153 95
internal_value=1.60033e-06 0.00209865 -0.000496689 2.35863e-05 0.00330125 0.00272554 0.00324888 0.00455542 -0.000492004 0.000556609 -0.000783135 -0.00136127 0.000710178 0.000474916 0.000746273 0.000467934 0.00120172 0.000324214 -0.000269035 1.91952e-05 0.00172125 -0.00157638 -0.0013768 -0.000895815 -0.00044028 -0.0018299 -2.7581e-05 -0.00177728 -0.00156182 -0.00229977 -0.00242928
internal_weight=4332 830 3502 2188 476 386 302 164 1250 271 979 1314 938 812 714 354 204 501 659 546 213 1131 893 410 296 320 183 483 378 238 176
internal_count=4332 830 3502 2188 476 386 302 164 1250 271 979 1314 938 812 714 354 204 501 659 546 213 1131 893 410 296 320 183 483 378 238 176
is_linear=0
shrinkage=0.015492


Tree=52
num_leaves=25
num_cat=0
split_feature=79 2 35 12 44 66 26 78 5 1 81 17 48 51 51 51 12 31 80 45 48 7 4 51
split_gain=18.2865 5.72991 4.96945 4.73755 3.74058 2.70157 2.64031 2.33464 1.37022 1.90724 1.7481 1.06048 0.911845 0.712901 1.05198 0.652931 0.505041 0.387667 0.383956 0.317057 0.227488 0.146848 0.20654 0.0644432
threshold=101.77534775257114 38.719038755628809 42.233549734221576 0.25000000000000011 90.749905474274257 -71.095906354056453 103.806300895479 55.589477359983668 4.4979494319359468 42.259365615844736 20.044041401371192 21.711931131945725 90.609733369173838 103.7829390917001 103.12051189166529 103.3329325106409 -0.6830127018922193 89.552360752953433 26.285516598379321 103.97622322011044 84.348090800058273 61.884547543525706 100.61251611640996 103.89611553633655
decision_type=2 2 2 2 2 2 2 2 2 2 2 2 2 2 2 2 2 2 2 2 2 2 2 2
left_child=2 16 4 6 -1 -6 -3 -7 9 10 -8 15 -11 14 -9 18 17 19 20 21 -5 -2 -23 -17
right_child=1 3 -4 11 5 7 8 13 -10 12 -12 -13 -14 -15 -16 23 -18 -19 -20 -21 -22 22 -24 -25
leaf_value=-0.00013773587308645713 -0.0020234164157418989 0.0023820959829455343 -0.0012745737674658844 -0.0020846100498258073 0.0004787714731145095 0.0052477903884881969 0.00010902149052124341 0.0033820351595680791 0.0019866737060040304 -0.0015927140585336433 0.0021144416791282739 0.00011259342462402039 -0.00023895222130823586 0.0037557330997399522 0.001213878765464232 -0.0019732613220456332 -0.0024009543544865203 -0.002113028695858824 -0.00032442515546153404 -0.00059388342976336478 -0.00097753458066176884 -0.0018862203200081288 -0.00096291174095438357 -0.0028357358214773976
leaf_weight=100 85 123 87 107 82 139 1389 102 83 218 110 91 263 131 121 81 151 144 82 160 91 87 214 91
leaf_count=100 85 123 87 107 82 139 1389 102 83 218 110 91 263 131 121 81 151 144 82 160 91 87 214 91
internal_value=1.65079e-06 -0.000463725 0.00217569 -0.000118575 0.002624 0.00310277 0.00020352 0.00353379 7.04877e-05 -1.25249e-05 0.000259965 -0.00140973 -0.000858441 0.0028241 0.00223606 -0.00171519 -0.00157944 -0.00139043 -0.00123183 -0.00118973 -0.00159727 -0.00143035 -0.00124522 -0.00246875
internal_weight=4332 3570 762 2729 675 575 2186 493 2063 1980 1499 543 481 354 223 452 841 690 280 546 198 386 301 172
internal_count=4332 3570 762 2729 675 575 2186 493 2063 1980 1499 543 481 354 223 452 841 690 280 546 198 386 301 172
is_linear=0
shrinkage=0.015492


Tree=53
num_leaves=33
num_cat=0
split_feature=82 34 51 12 49 72 55 51 48 46 40 51 61 31 43 20 66 12 14 60 49 17 42 65 79 38 56 86 32 34 61 18
split_gain=17.8724 6.61454 6.04215 4.82081 3.75485 2.73243 2.53999 2.45118 1.73412 1.69647 1.61574 1.60934 1.52928 1.31043 1.27428 0.931908 0.785418 0.781948 0.750436 0.72158 0.708554 1.25099 0.663527 0.752952 0.750683 0.566992 0.360551 0.31518 0.291308 0.0901574 0.0784587 0.0199406
threshold=24.226112651214205 44.120059072706439 104.1815813748042 0.25000000000000011 104.45950074019257 58.653905087908122 0.038878555616317347 102.8436794059365 96.879620767434474 93.300085188900979 23.000260032901064 103.7829390917001 0.43505513224337028 60.997824276288355 96.190555916892151 98.192473096847564 -75.029548821714172 -0.6830127018922193 20.963210258483873 0.49308437444899061 104.36487090322709 21.21868747976092 23.57800561322107 72.470795522795797 106.27675613482792 3.9794524870647332 2.1905709587172844 348.38720909076335 66.476281568739168 108.03423707962038 1.1281186170710387 23.945302779674535
decision_type=2 2 2 2 2 2 2 2 2 2 2 2 2 2 2 2 2 2 2 2 2 2 2 2 2 2 2 2 2 2 2 2
left_child=2 3 7 4 6 -5 -2 -1 17 13 12 14 15 -4 -9 -6 -12 22 -8 -18 21 25 28 24 -24 -7 -14 31 -3 -25 -30 -19
right_child=1 8 9 5 10 20 18 11 -10 -11 16 -13 26 -15 -16 -17 19 27 -20 -21 -22 -23 23 29 -26 -27 -28 -29 30 -31 -32 -33
leaf_value=0.0057889198678762882 -3.3493614730937824e-05 -0.0011967923864139088 0.0029577982063168488 0.0014569709684210596 -1.9879430436779848e-05 -0.00078109362396862651 0.0020613111837960996 0.00084870854194882197 0.00031770142996838131 -0.00070890841822514718 0.0020639792849371334 0.0043254998803428256 -0.0014580340651314009 0.00023397582134250763 0.0033824554080106408 0.0013446570707881858 0.0011582246865216965 -0.0029194125010635272 0.004220916125771316 -0.00062785417630145484 -0.0027078847569367154 0.00047622185366021075 -0.0013226646699621392 -0.0013783017668088998 -4.2271597667758758e-05 -0.0021215059921076821 -0.00025057769537551155 -0.0013641563817129141 -0.0027465762010446082 -0.0021185858084604094 -0.0018567142301755028 -0.0022052374807261105
leaf_weight=89 83 98 84 83 659 123 83 115 141 131 124 109 195 84 82 144 153 92 92 81 99 81 199 118 242 218 87 83 81 100 87 92
leaf_count=89 83 98 84 83 659 123 83 115 141 131 124 109 195 84 82 144 153 92 92 81 99 81 199 118 242 218 87 83 81 100 87 92
internal_value=1.61686e-06 -0.00043341 0.00227466 6.91573e-05 0.000491409 -0.00111659 0.00220207 0.00352574 -0.00130081 0.000603952 0.000181766 0.00282 -0.00011653 0.00162295 0.00193691 0.000228589 0.00107986 -0.00149263 0.00324645 0.000539479 -0.00153243 -0.00124019 -0.00127183 -0.00100027 -0.000625014 -0.00164872 -0.00109205 -0.00223579 -0.0019266 -0.00174117 -0.00232482 -0.00260177
internal_weight=4332 3638 694 2305 1701 604 258 395 1333 299 1443 306 1085 168 197 803 358 1192 175 234 521 422 925 659 441 341 282 267 266 218 168 184
internal_count=4332 3638 694 2305 1701 604 258 395 1333 299 1443 306 1085 168 197 803 358 1192 175 234 521 422 925 659 441 341 282 267 266 218 168 184
is_linear=0
shrinkage=0.015492


Tree=54
num_leaves=32
num_cat=0
split_feature=82 33 50 12 49 72 51 61 48 40 59 61 42 51 57 35 32 12 50 42 8 42 65 79 62 59 78 32 61 35 47
split_gain=17.3388 6.41618 6.21203 4.70957 3.66242 2.65685 2.54007 1.80613 1.68325 1.55945 1.51431 1.4913 1.41414 1.51097 1.08578 1.03559 0.917429 0.765656 0.718224 1.22996 0.69299 0.644014 0.730547 0.727922 0.589798 0.39371 0.348574 0.282681 0.076125 0.0748654 0.0340974
threshold=24.226112651214205 44.070790095859117 104.33389584523661 0.25000000000000011 104.45950074019257 58.653905087908122 102.8436794059365 -0.048789726230850754 96.879620767434474 23.000260032901064 0.072950108492797497 0.43505513224337028 21.806574984501918 103.7829390917001 1.4447483015507416 35.221653029123949 64.730598380830585 -0.6830127018922193 104.22736099455093 21.079205920696264 -0.37940952255126059 23.57800561322107 72.470795522795797 106.27675613482792 -0.011794369012394277 -0.016864156325659959 61.334315317339374 66.476281568739168 1.1281186170710387 107.92913363562691 87.860595311412126
decision_type=2 2 2 2 2 2 2 2 2 2 2 2 2 2 2 2 2 2 2 2 2 2 2 2 2 2 2 2 2 2 2
left_child=2 3 6 4 7 -5 -1 15 17 11 -4 16 13 -8 26 -2 -6 21 19 24 -19 27 23 -23 -7 -13 -11 -3 -29 -24 -22
right_child=1 8 10 5 9 18 12 -9 -10 14 -12 25 -14 -15 -16 -17 -18 20 -20 -21 30 22 29 -25 -26 -27 -28 28 -30 -31 -32
leaf_value=0.0057020130993768649 0.0023348247468959974 -0.0011787742092960207 0.0014548274485321655 0.0014351468198921921 0.00088431790874450708 -0.00074150692593330731 0.0010104016094751866 0.0039324099197187443 0.00031287685596183431 0.0011048995278364431 -0.00088361836304201905 -0.0016126664503301885 0.0044592646480263367 0.0034035929559146812 0.002112692130076357 -7.0973336284138299e-05 -0.0001877537438575356 -0.0011721434917705874 -0.0026809464958274009 0.00046079598314065093 -0.0023602640911592251 -0.0013024624868263101 -0.0013722160153488759 -4.1624318078431717e-05 -0.0021119857051924047 -0.00044579007928338129 -0.00014271435602690449 -0.0027054685636703183 -0.0018288599270745508 -0.0020626096059390554 -0.0032231752362483642
leaf_weight=89 88 98 137 83 310 122 142 89 141 88 124 150 85 117 140 81 492 104 101 83 81 199 117 242 216 133 130 81 87 101 81
leaf_count=89 88 98 137 83 310 122 142 89 141 88 124 150 85 117 140 81 492 104 101 83 81 199 117 242 216 133 130 81 87 101 81
internal_value=1.63844e-06 -0.000426845 0.00224049 6.78367e-05 0.000485443 -0.00110293 0.00337255 0.00217492 -0.00128164 0.000179633 0.000345956 -0.000113422 0.00272784 0.00211704 0.00106194 0.00119913 0.000228188 -0.00147078 -0.00151224 -0.00121556 -0.00220775 -0.00125264 -0.000985102 -0.000615469 -0.00162788 -0.00107447 0.000368247 -0.00189772 -0.00229 -0.0017149 -0.00284038
internal_weight=4332 3638 694 2306 1701 605 433 258 1332 1443 261 1085 344 259 358 169 802 1191 522 421 266 925 659 441 338 283 218 266 168 218 162
internal_count=4332 3638 694 2306 1701 605 433 258 1332 1443 261 1085 344 259 358 169 802 1191 522 421 266 925 659 441 338 283 218 266 168 218 162
is_linear=0
shrinkage=0.015492


Tree=55
num_leaves=27
num_cat=0
split_feature=79 2 13 12 1 36 51 49 47 12 86 38 1 40 17 83 25 51 12 31 80 22 10 28 22 77
split_gain=16.6743 5.27812 4.77483 4.34971 2.8369 3.2998 2.50294 2.42152 2.07606 1.76407 1.51132 1.3761 1.51147 1.46631 0.991517 0.855623 0.818789 0.601447 0.457867 0.366623 0.365727 0.30638 0.799335 0.217472 0.195665 0.0619282
threshold=101.77534775257114 38.719038755628809 -0.9330127018922193 0.25000000000000011 39.203008611996971 103.49463734520808 104.1815813748042 104.32891959578903 88.862519951043325 0.25000000000000011 249.41845954164435 4.4979494319359468 41.855303831630287 23.000260032901064 21.711931131945725 -0.1026485869424844 86.0638961177402 103.3329325106409 -0.6830127018922193 89.552360752953433 26.285516598379321 102.4864878262414 -1.0000000180025095e-35 102.57050014177959 101.149851881663 104.79451415657999
decision_type=2 2 2 2 2 2 2 2 2 2 2 2 2 2 2 2 2 2 2 2 2 2 2 2 2 2
left_child=2 18 4 7 5 -1 9 10 -7 -4 -3 12 13 -9 17 -8 -14 20 19 21 23 24 -23 -5 -2 -19
right_child=1 3 6 14 -6 8 15 11 -10 -11 -12 -13 16 -15 -16 -17 -18 25 -20 -21 -22 22 -24 -25 -26 -27
leaf_value=0.0067240681653246582 -0.0010984023782384931 0.00050431788148267581 0.0030187673526434595 -0.0010268104736458337 0.0011393793850025986 0.0010689483929219963 0.0005611680712085934 -8.0477710268372921e-05 0.0044688332073334032 0.00025475303435339565 0.0033570270496533611 0.0019386202386590101 -0.0018233573407085769 0.0010527914895100206 0.00012289430020585669 -0.001617288464034497 -0.00039663644206626729 -0.0019299680340439549 -0.0022960749376927971 -0.0020357597176911854 -0.00029544997269065717 0.00019438402813887383 -0.0014823893144138831 -0.002109165709480762 -0.0019824604595497365 -0.0027654553378321511
leaf_weight=84 151 92 139 109 103 82 84 1064 94 92 86 85 130 366 91 84 363 90 151 144 82 119 155 89 121 82
leaf_count=84 151 92 139 109 103 82 84 1064 94 92 86 85 130 366 91 84 363 90 151 144 82 119 155 89 121 82
internal_value=1.63606e-06 -0.000442751 0.00207763 -0.000111489 0.00335733 0.00421382 0.000897671 0.000197136 0.00292745 0.0019348 0.00191418 4.2394e-05 -4.41137e-05 0.000211027 -0.00134866 -0.000536328 -0.000781323 -0.00164404 -0.00151358 -0.0013335 -0.00118014 -0.00113854 -0.000759317 -0.00153672 -0.00150843 -0.00236726
internal_weight=4332 3570 762 2729 363 260 399 2186 176 231 178 2008 1923 1430 543 168 493 452 841 690 280 546 274 198 272 172
internal_count=4332 3570 762 2729 363 260 399 2186 176 231 178 2008 1923 1430 543 168 493 452 841 690 280 546 274 198 272 172
is_linear=0
shrinkage=0.015492


Tree=56
num_leaves=27
num_cat=0
split_feature=79 2 35 44 66 78 85 26 85 29 22 60 5 78 30 35 44 51 51 1 4 5 44 45 59 63
split_gain=16.1755 5.11883 4.55317 3.44576 2.50058 2.0698 1.99422 1.56147 1.34848 1.54769 1.80592 1.10359 0.987062 0.916441 0.828993 0.814482 1.80979 0.661361 0.999631 0.621099 0.460812 0.423939 0.297066 0.730939 0.245034 0.260515
threshold=101.77534775257114 38.719038755628809 42.233549734221576 90.749905474274257 -71.095906354056453 55.589477359983668 430.84193263263188 104.27232464472455 489.67734540914466 64.67250848452251 101.28689802487692 -1.0416216669744853 4.0916305269135371 59.043256865607347 68.718571177588643 36.084235322740355 94.882307477880417 103.7829390917001 103.12051189166529 35.524370674557161 95.923713436126732 4.3293662561310677 104.44946481964769 103.79589449123101 -1.4853733848362436 1.2271685885577923
decision_type=2 2 2 2 2 2 2 2 2 2 2 2 2 2 2 2 2 2 2 2 2 2 2 2 2 2
left_child=2 21 3 -1 -5 -6 11 -8 12 -10 -11 -3 19 -13 -14 16 -15 18 -7 -9 -17 22 23 24 -2 -26
right_child=1 6 -4 4 5 17 7 8 9 10 -12 13 14 15 -16 20 -18 -19 -20 -21 -22 -23 -24 -25 25 -27
leaf_value=-0.00017398931250048652 -0.0024508127613740104 0.00052919712700153767 -0.0012554585701473864 0.0004124516368300983 0.0049641201907472798 0.0032319810241057284 0.0020660504192372997 0.0014985830346987185 0.0023923098440073922 -0.00099701900132605453 0.0015354788306974317 0.00047201090874026574 -0.00014761885569402312 -0.0015724684653465276 -0.0012246483120348991 -0.001167523395510709 0.00093888418770184383 0.0035771773233407907 0.0011216810380387733 -0.00014084728056965295 -0.0024426844364663853 -0.00047850816492945046 -0.0024443084996070329 -0.0001692947911382845 -0.0017161043781400635 -0.00079276918980628345
leaf_weight=100 91 131 87 82 139 102 95 125 111 137 128 85 1037 183 203 147 107 131 121 97 143 92 95 89 373 101
leaf_count=100 91 131 87 82 139 102 95 125 111 137 128 85 1037 183 203 147 107 131 121 97 143 92 95 89 373 101
internal_value=1.64529e-06 -0.000436044 0.00204635 0.00247553 0.00293506 0.00334969 -0.000109818 0.00015901 5.7356e-05 0.000881172 0.000229209 -0.000760991 -0.000155753 -0.00101645 -0.000326407 -0.00123598 -0.000645445 0.00268105 0.00211584 0.000789137 -0.00181421 -0.00149059 -0.00161251 -0.0014815 -0.00168616 -0.00152544
internal_weight=4332 3570 762 675 575 493 2729 1933 1838 376 265 796 1462 665 1240 580 290 354 223 222 290 841 749 654 565 474
internal_count=4332 3570 762 675 575 493 2729 1933 1838 376 265 796 1462 665 1240 580 290 354 223 222 290 841 749 654 565 474
is_linear=0
shrinkage=0.015492


Tree=57
num_leaves=32
num_cat=0
split_feature=82 1 50 12 49 72 55 43 48 55 59 15 61 57 66 72 20 50 17 85 8 61 12 38 65 35 74 75 57 48 57
split_gain=15.9466 5.86305 5.6941 4.31157 3.29653 2.47623 2.37844 1.73198 1.582 1.56345 1.46275 1.46194 1.49529 0.983262 1.17715 0.884391 0.883874 0.726266 1.20462 0.714648 0.630351 0.873945 0.735707 0.560982 0.510562 0.483193 0.454067 0.439997 0.396399 0.264528 0.0271662
threshold=24.226112651214205 43.396425510512465 104.33389584523661 0.25000000000000011 104.45950074019257 58.653905087908122 0.038878555616317347 96.472885218019854 96.879620767434474 0.23173230182981233 0.072950108492797497 22.896820024649305 0.43505513224337028 1.4146847788922179 -74.937881979412481 58.880427889823913 98.192473096847564 104.22736099455093 21.21868747976092 423.85560282896557 0.12940952255126045 2.5773159907014223 -0.6830127018922193 3.9794524870647332 72.470795522795797 35.221653029123949 38.874031656914291 63.236808321542235 1.6397744321496435 89.930029469949247 1.9552873785801526
decision_type=2 2 2 2 2 2 2 2 2 2 2 2 2 2 2 2 2 2 2 2 2 2 2 2 2 2 2 2 2 2 2
left_child=2 3 7 4 6 -5 -2 15 19 -9 -4 12 16 27 -15 -1 -6 18 23 30 21 29 24 -7 -22 -8 -23 -13 -14 -21 -3
right_child=1 8 10 5 11 17 25 9 -10 -11 -12 13 28 14 -16 -17 -18 -19 -20 20 22 26 -24 -25 -26 -27 -28 -29 -30 -31 -32
leaf_value=0.0013490000350705315 -8.7318600441444767e-05 -0.0024027355859702797 0.001424745548294988 0.0013933346949473978 -4.0483933745255146e-05 -0.00069476934811030721 0.003873176867096774 0.0059410219687270928 0.00032350703861022575 0.0027861458647712141 -0.00087351636427458984 0.0009978982543658308 -0.0017757355361978488 0.0031123280634871601 0.00064261208575832338 0.0032005894384049545 0.0013356535170848123 -0.0026187966136854905 0.0005285632786689575 -0.0019609500300638598 -0.00035664350203040018 -0.00096542868966763317 -0.0029459249153177477 -0.0020312130358695535 -0.0017072686242736981 0.0020839387338275743 0.00042829562004134886 -0.00033277731065099411 -0.00056130676568934691 -0.0010092277165711129 -0.0018230518986102665
leaf_weight=117 83 132 137 83 616 122 93 86 141 82 124 105 123 83 105 148 134 102 81 119 97 90 85 215 231 81 139 131 141 201 105
leaf_count=117 83 132 137 83 616 122 93 86 141 82 124 105 123 83 105 148 134 102 81 119 97 90 85 215 231 81 139 131 141 201 105
internal_value=1.67507e-06 -0.000409246 0.00214876 6.58698e-05 0.000466181 -0.00105614 0.00207218 0.00323261 -0.00122251 0.00447362 0.000334869 0.000175574 -0.000144142 0.000936254 0.00176354 0.00240641 0.000209382 -0.00145274 -0.00115222 -0.00140473 -0.00121004 -0.000858251 -0.0016684 -0.00155751 -0.00131461 0.00308763 -0.000124195 0.00026372 -0.00114034 -0.00137757 -0.00217093
internal_weight=4332 3638 694 2298 1695 603 257 433 1340 168 261 1438 1014 424 188 265 750 520 418 1199 962 549 413 337 328 174 229 236 264 320 237
internal_count=4332 3638 694 2298 1695 603 257 433 1340 168 261 1438 1014 424 188 265 750 520 418 1199 962 549 413 337 328 174 229 236 264 320 237
is_linear=0
shrinkage=0.015492


Tree=58
num_leaves=33
num_cat=0
split_feature=82 33 50 12 26 72 51 57 48 15 59 48 48 61 57 66 20 12 50 42 8 42 35 45 62 5 32 72 84 32 61 1
split_gain=15.4682 5.71013 5.52391 4.22862 3.31886 2.41194 2.33825 1.59322 1.54635 1.47318 1.41873 1.37752 2.24938 1.28557 0.964482 1.12933 0.9463 0.714038 0.667671 1.12583 0.655382 0.617599 0.642683 0.740364 0.55759 0.535094 0.462846 0.418556 0.298885 0.26619 0.0789584 0.0139896
threshold=24.226112651214205 44.070790095859117 104.33389584523661 0.25000000000000011 104.54321834140354 58.653905087908122 102.8436794059365 2.7281736803291023 96.879620767434474 22.896820024649305 0.072950108492797497 92.989039719281394 87.307481533156505 0.45589715414579507 1.4146847788922179 -74.937881979412481 98.192473096847564 -0.6830127018922193 104.22736099455093 21.079205920696264 -0.37940952255126059 23.57800561322107 108.18112626923457 103.59043015753782 -0.011794369012394277 4.4613732481002826 65.811395548714572 63.75819301790667 161.81236721422366 66.476281568739168 1.1281186170710387 105.02486023796929
decision_type=2 2 2 2 2 2 2 2 2 2 2 2 2 2 2 2 2 2 2 2 2 2 2 2 2 2 2 2 2 2 2 2
left_child=2 3 6 4 7 -5 -1 -2 17 13 -4 12 -8 16 27 -16 -6 21 19 24 -19 29 23 -23 -7 -14 -15 -11 -24 -3 -31 -22
right_child=1 8 10 5 9 18 11 -9 -10 14 -12 -13 25 26 15 -17 -18 20 -20 -21 31 22 28 -25 -26 -27 -28 -29 -30 30 -32 -33
leaf_value=0.0054174471554849146 0.0010001877002116244 -0.0011154559552981331 0.0014031219807195221 0.0013724638111166946 -9.8871144794645711e-05 -0.00068391586500153362 0.0011133477795262916 0.0034486227153785113 0.00031859428552831373 0.0010539773593799772 -0.00086028705970669515 0.00091771911179237831 0.0031296151934708341 -0.0018303297198547252 0.0030657081866842478 0.0006509679210552463 0.0013143875711475986 -0.0010968622402442467 -0.0025620344372678512 0.0004535504499775557 -0.0030519130791751871 -0.00096562249942749021 -0.0020471109326079188 0.00044926923298251379 -0.0020148565319780252 0.0051901421290947315 -0.00048146115266227348 -0.00026310452292010902 -0.00090199733233770616 -0.0026047289459924412 -0.0017356549244660622 -0.0022882615614449953
leaf_weight=89 155 98 137 83 626 122 88 110 141 93 124 93 82 115 83 106 136 104 101 83 81 297 133 124 216 81 133 144 105 81 87 81
leaf_count=89 155 98 137 83 626 122 88 110 141 93 124 93 82 115 83 106 136 104 101 83 81 297 133 124 216 81 133 144 105 81 87 81
internal_value=1.72164e-06 -0.000402987 0.00211635 6.36817e-05 0.000459393 -0.00104569 0.00318388 0.00204266 -0.00120938 0.000163699 0.000329768 0.0025661 0.0031594 -0.000158823 0.000924553 0.00174157 0.000157195 -0.00139068 -0.0014357 -0.00114992 -0.00210197 -0.00118022 -0.000918637 -0.000548458 -0.00154442 0.00422548 -0.00112095 0.000259722 -0.00155888 -0.0018114 -0.00219155 -0.00271665
internal_weight=4332 3638 694 2306 1701 605 433 265 1332 1436 261 344 251 1010 426 189 762 1191 522 421 266 925 659 421 338 163 248 237 238 266 168 162
internal_count=4332 3638 694 2306 1701 605 433 265 1332 1436 261 344 251 1010 426 189 762 1191 522 421 266 925 659 421 338 163 248 237 238 266 168 162
is_linear=0
shrinkage=0.015492


Tree=59
num_leaves=29
num_cat=0
split_feature=78 33 12 35 26 35 39 48 81 61 14 20 29 57 68 48 8 44 51 11 61 65 64 59 36 59 35 80
split_gain=14.7906 5.54477 5.09955 4.37686 4.36018 3.0217 2.0268 1.70797 1.64906 1.97239 1.58943 1.18628 0.936043 0.731567 0.685404 0.680458 0.776973 0.759013 0.677586 0.610475 0.587832 0.526664 0.684733 0.360635 0.392123 0.335045 0.259029 0.117743
threshold=57.340571262439106 41.869046545558511 0.25000000000000011 42.233549734221576 103.42163519223534 32.469391685326897 4.4754375199476879 96.879620767434474 20.044041401371192 0.52746245409292325 21.756281303829624 98.192473096847564 62.298879571490822 2.0723580801526613 0.084547888437910515 86.64988100060711 0.12940952255126045 102.56795816456831 108.91569170886677 -0.56174490092936669 -1.0440220672554188 -0.95706130133734735 0.2573238756308483 0.23312887942347518 36.329714899063127 0.0057909261297410817 105.83856381310359 25.810929805688584
decision_type=2 2 2 2 2 2 2 2 2 2 2 2 2 2 2 2 2 2 2 2 2 2 2 2 2 2 2 2
left_child=3 2 4 5 -2 -1 13 15 9 11 21 -6 -11 25 -8 19 18 26 20 -3 -17 -4 27 24 -21 -7 -18 -23
right_child=1 7 10 -5 8 6 14 -9 -10 12 -12 -13 -14 -15 -16 16 17 -19 -20 23 -22 22 -24 -25 -26 -27 -28 -29
leaf_value=0.00014281874142889952 0.0035397013681940904 -0.0026264181919831882 -0.00044258845049384383 -0.00053350836167766723 0.00014135536639836672 0.00095888581699621279 0.0055727288104118339 0.00039634920876076263 0.0021132883326250699 0.00048482881710383785 0.00070392101809459216 0.0012134133282726298 -0.0014264136267217978 0.0033790178086036664 0.0033185088755070024 -0.0010560619663262194 -0.0028510210846209049 -0.0006165787543721624 -0.0014953465384832255 -0.0015962191811166729 0.00032949671756259553 -0.0018745361855051585 -0.00091829922530169725 -0.0020985970161249614 -0.00020264432312646694 0.0023844263962670871 -0.0016717352260388438 -0.0027242874870880025
leaf_weight=91 104 150 84 120 841 85 90 153 110 82 86 349 229 109 81 116 81 129 140 105 190 120 137 110 90 84 149 117
leaf_count=91 104 150 84 120 841 85 90 153 110 82 86 349 229 109 81 116 81 129 140 105 190 120 137 110 90 84 149 117
internal_value=1.75219e-06 -0.000382428 9.38301e-05 0.0021318 0.000508523 0.00272394 0.00324268 -0.00114256 0.000306899 0.000170717 -0.00120921 0.000457981 -0.000922377 0.00238351 0.00457715 -0.00132996 -0.00105218 -0.00158727 -0.000613939 -0.00181166 -0.000200346 -0.00157076 -0.00181866 -0.00139013 -0.000965627 0.00169567 -0.00211716 -0.00232171
internal_weight=4332 3672 2259 660 1715 540 449 1413 1611 1501 544 1190 311 278 171 1260 805 359 446 455 306 458 374 305 195 169 230 237
internal_count=4332 3672 2259 660 1715 540 449 1413 1611 1501 544 1190 311 278 171 1260 805 359 446 455 306 458 374 305 195 169 230 237
is_linear=0
shrinkage=0.015492


Tree=60
num_leaves=32
num_cat=0
split_feature=82 34 50 12 26 72 19 57 48 15 59 54 47 57 66 58 29 2 49 17 12 8 84 50 77 48 50 11 75 54 23
split_gain=14.5882 5.37881 5.21942 3.94187 3.14672 2.29436 1.54076 1.52112 1.45336 1.41052 1.37375 1.20819 0.981206 0.936187 1.01111 0.856603 0.81795 0.674888 0.627396 1.07055 0.625403 0.643262 0.596461 0.531712 0.47894 0.739314 0.725699 0.707046 0.376022 0.0907746 0.0479166
threshold=24.226112651214205 44.120059072706439 104.33389584523661 0.25000000000000011 104.54321834140354 58.653905087908122 96.238202383253324 2.7281736803291023 95.95433334337342 22.896820024649305 0.072950108492797497 0.11877505083206095 93.347860919811112 1.4447483015507416 -74.737894079420286 -0.094393583309699367 64.720968728595324 104.19278722763063 104.36487090322709 21.21868747976092 -0.6830127018922193 -0.37940952255126059 161.81236721422366 102.30756433645884 33.864432874917988 86.64988100060711 108.68292526262779 -0.22252093395631442 63.236808321542235 0.034256551938054512 87.963169932895241
decision_type=2 2 2 2 2 2 2 2 2 2 2 2 2 2 2 2 2 2 2 2 2 2 2 2 2 2 2 2 2 2 2
left_child=2 3 6 4 7 -5 15 -2 20 12 -4 -8 16 28 -15 -1 -6 -17 19 23 24 -22 -10 -7 29 27 -27 -26 -11 -3 -23
right_child=1 8 10 5 9 18 11 -9 22 13 -12 -13 -14 14 -16 17 -18 -19 -20 -21 21 30 -24 -25 25 26 -28 -29 -30 -31 -32
leaf_value=0.0035519883087214831 0.00096123565621197154 -0.0012863837503736563 0.0013749699750823393 0.0013477017112700257 0.00030345209551092313 -0.00051113518363469937 0.0055966806796029578 0.0033470223849767617 -0.00070278507549492925 0.0009460387735881232 -0.00085223421782252846 0.0028687368464373553 0.0012743350591638729 0.0029801881293592025 0.00064958441705234549 0.00054385502290289181 -0.00066519166803451224 0.0025048270042454788 -0.0024963221246933694 0.00046997796898508456 -0.0010469879613662549 -0.0021725553236873253 0.0010188161774761205 -0.0018809141391037669 -0.0027998686075493637 -0.00011406864365006142 -0.0014180903979430506 -0.00092800324337205759 -0.00026428436235627177 -0.0020385150829163329 -0.0030374416835028655
leaf_weight=84 155 84 137 83 322 98 83 111 103 107 124 95 100 82 99 81 587 90 99 81 104 82 86 243 83 284 158 122 138 146 81
leaf_count=84 155 84 137 83 322 98 83 111 103 107 124 95 100 82 99 81 587 90 99 81 104 82 86 243 83 284 158 122 138 146 81
internal_value=1.75026e-06 -0.000391278 0.00205535 6.19166e-05 0.000443744 -0.00101029 0.00309304 0.00198199 -0.00117346 0.00015519 0.000318718 0.0042092 -0.00016065 0.000899586 0.00173566 0.00227577 -0.000322091 0.00160053 -0.00139138 -0.001117 -0.00138092 -0.00204204 8.36167e-05 -0.00149499 -0.00117359 -0.000949881 -0.000586492 -0.00171423 0.000268736 -0.00178326 -0.00264756
internal_weight=4332 3638 694 2305 1701 604 433 266 1333 1435 261 178 1009 426 181 255 909 171 521 422 1144 267 189 341 877 647 442 205 245 230 163
internal_count=4332 3638 694 2305 1701 604 433 266 1333 1435 261 178 1009 426 181 255 909 171 521 422 1144 267 189 341 877 647 442 205 245 230 163
is_linear=0
shrinkage=0.015492


Tree=61
num_leaves=34
num_cat=0
split_feature=82 34 50 12 26 55 72 51 48 15 48 48 61 19 24 61 66 60 12 8 49 17 42 28 22 35 50 32 63 32 84 61 47
split_gain=14.1525 5.21869 5.06431 3.8232 3.05184 2.59248 2.22559 2.21631 1.41518 1.36822 1.30436 2.14845 1.1943 0.878687 0.855233 0.710184 0.698962 0.672131 0.660325 0.624232 0.608898 1.03825 0.572574 0.649453 0.641535 0.571252 0.515429 0.458278 0.328482 0.250062 0.234121 0.0813418 0.0466747
threshold=24.226112651214205 44.120059072706439 104.33389584523661 0.25000000000000011 104.54321834140354 0.036844233597214844 58.653905087908122 102.8436794059365 96.879620767434474 22.896820024649305 92.989039719281394 87.307481533156505 0.45589715414579507 98.192473096847564 95.302670539220173 -0.09766817960476358 -75.029548821714172 0.5415795742140973 -0.6830127018922193 -0.37940952255126059 104.36487090322709 21.21868747976092 23.57800561322107 108.73272276242575 102.4864878262414 35.221653029123949 102.30756433645884 65.811395548714572 1.0527136891580045 66.476281568739168 161.3015242805489 1.1281186170710387 87.93361710813312
decision_type=2 2 2 2 2 2 2 2 2 2 2 2 2 2 2 2 2 2 2 2 2 2 2 2 2 2 2 2 2 2 2 2 2
left_child=2 3 7 4 5 -2 -5 -1 18 12 11 -9 13 -6 15 -4 -11 -18 22 -20 21 26 29 24 -24 -7 -8 -14 -13 -3 -25 -31 -21
right_child=1 8 14 6 9 25 20 10 -10 16 -12 28 27 -15 -16 -17 17 -19 19 32 -22 -23 23 30 -26 -27 -28 -29 -30 31 -32 -33 -34
leaf_value=0.0052197442925289491 -0.00035205953961597679 -0.0010607553438550647 -3.1204371024579408e-05 0.0013275143372821008 -0.00010177449792054062 0.0037860851944103518 -0.00050343982916005957 0.0010262061981356318 0.00030598657394366338 0.0017634909099707391 0.00084410321257054886 0.003137471498813665 -0.0017978349533782515 0.0012562479614786006 -0.00094162745424113483 0.0019196899841875783 0.00094322232854574981 -0.00065808782135196487 -0.0010311994919544639 -0.0021396837452744527 -0.0024587283245163893 0.00046294387500702246 -0.0010438634194447959 -0.0020139070038736658 0.00014890494930369956 0.001940587120977072 -0.0018521119106160373 -0.00045360438620108167 0.0048639841545697633 -0.0025132663928051141 -0.0009616416885706205 -0.0016510668040269029 -0.0029923265662760716
leaf_weight=89 81 98 91 83 625 97 98 88 141 142 93 82 114 137 85 85 194 90 104 82 99 81 243 121 192 88 243 133 81 81 103 87 81
leaf_count=89 81 98 91 83 625 97 98 88 141 142 93 82 114 137 85 85 194 90 104 82 99 81 243 121 192 88 243 133 81 81 103 87 81
internal_value=1.79925e-06 -0.000385315 0.0020245 6.10825e-05 0.000437119 0.001952 -0.000994865 0.00304666 -0.00115577 0.000152948 0.00244602 0.00302312 -0.000158119 0.00014603 0.000313862 0.000926028 0.000886095 0.000433965 -0.00132907 -0.00201143 -0.0013702 -0.00109989 -0.00112646 -0.000874663 -0.000519649 0.00295134 -0.00147214 -0.00108776 0.00406461 -0.00173409 -0.00154855 -0.00210218 -0.00260794
internal_weight=4332 3638 694 2305 1701 266 604 433 1333 1435 344 251 1009 762 261 176 426 284 1192 267 521 422 925 659 435 185 341 247 163 266 224 168 163
internal_count=4332 3638 694 2305 1701 266 604 433 1333 1435 344 251 1009 762 261 176 426 284 1192 267 521 422 925 659 435 185 341 247 163 266 224 168 163
is_linear=0
shrinkage=0.015492


Tree=62
num_leaves=31
num_cat=0
split_feature=82 33 50 12 49 55 72 51 59 15 61 85 61 24 20 12 14 66 60 50 17 85 65 8 38 25 77 72 32 1
split_gain=13.7309 5.06374 4.91367 3.73703 2.97617 2.24854 2.1644 2.15008 1.31941 1.28011 1.32574 1.10366 1.00385 1.52166 0.804409 0.790065 0.704861 0.687 0.644637 0.617829 1.07683 0.583619 0.685935 0.550248 0.531482 0.449009 0.381124 0.255417 0.0542944 0.0158484
threshold=24.226112651214205 44.070790095859117 104.33389584523661 0.25000000000000011 104.45950074019257 0.038878555616317347 58.653905087908122 102.8436794059365 0.072950108492797497 22.896820024649305 0.43505513224337028 486.33619036139834 -0.50217019992111733 90.017357661989067 98.192473096847564 -0.6830127018922193 20.963210258483873 -75.029548821714172 0.50734268528444926 104.22736099455093 21.21868747976092 423.85560282896557 70.992985871251449 -0.37940952255126059 3.9794524870647332 89.382738788392828 108.10285672863326 65.510327993697629 89.010233473247965 105.02486023796929
decision_type=2 2 2 2 2 2 2 2 2 2 2 2 2 2 2 2 2 2 2 2 2 2 2 2 2 2 2 2 2 2
left_child=2 3 7 4 5 -2 -5 -1 -4 10 14 15 -9 -14 -6 21 -7 -11 -19 20 24 28 25 -17 -8 -23 -12 -24 -3 -25
right_child=1 11 8 6 9 16 19 12 -10 17 26 -13 13 -15 -16 23 -18 18 -20 -21 -22 22 27 29 -26 -27 -28 -29 -30 -31
leaf_value=0.0051413822813322066 -0.00014465713916203996 -0.0014761197822163478 0.0013443311830638838 0.0013076293684119989 -4.7655125122266054e-05 0.0018023286576321343 -0.00061830400034717278 0.0011125415094285552 -0.00083836217296384674 0.0017367069774610034 -0.0014675672183296858 0.00058465050041790084 0.0012457273773156517 0.0038820313079735271 0.0012643630326312596 -0.0010748488708111059 0.0038763134276454244 0.00095135156222361111 -0.00058625628752714137 -0.0024352574733895712 0.00051230722445211004 -0.00098760232656818305 -0.00073716300584976012 -0.0028917574278321794 -0.0019135481167337149 5.7280413299958582e-05 -0.00018565844051760786 -0.0015755871645056028 -0.0022017978197443723 -0.0021563201906301191
leaf_weight=89 83 85 137 83 620 83 122 106 124 142 183 82 85 153 134 103 92 185 98 101 81 173 139 81 218 224 81 279 85 81
leaf_count=89 83 85 137 83 620 83 122 106 124 142 183 82 85 153 134 103 92 185 98 101 81 173 139 81 218 224 81 279 85 81
internal_value=1.81436e-06 -0.000379489 0.00199416 5.9971e-05 0.000431973 0.00195496 -0.000982922 0.003001 0.000309148 0.000156304 -0.000142092 -0.00113887 0.00240939 0.00296667 0.000189271 -0.00125307 0.00293767 0.000867452 0.00041805 -0.00135241 -0.00107783 -0.00104534 -0.000867385 -0.00200559 -0.00145802 -0.000401609 -0.00108075 -0.00130385 -0.00186971 -0.00256809
internal_weight=4332 3638 694 2306 1701 258 605 433 261 1443 1018 1332 344 238 754 1250 175 425 283 522 421 985 815 265 340 397 264 418 170 162
internal_count=4332 3638 694 2306 1701 258 605 433 261 1443 1018 1332 344 238 754 1250 175 425 283 522 421 985 815 265 340 397 264 418 170 162
is_linear=0
shrinkage=0.015492


Tree=63
num_leaves=34
num_cat=0
split_feature=82 33 50 12 49 55 14 38 68 48 40 61 57 24 31 61 14 50 12 8 42 28 22 48 10 17 42 48 1 11 84 45 47
split_gain=13.3185 4.91216 4.76646 3.62429 2.88755 2.18157 2.0553 1.44496 1.40808 1.3512 1.2474 1.23737 0.974606 0.820634 0.815166 0.685519 0.683733 0.660654 0.626054 0.568762 0.551152 0.634266 0.618844 0.476374 0.589062 0.458026 0.424334 0.377273 0.341583 0.279731 0.219022 0.163052 0.0442072
threshold=24.226112651214205 44.070790095859117 104.33389584523661 0.25000000000000011 104.45950074019257 0.038878555616317347 21.934906079504231 4.4877582413620436 0.084547888437910515 96.879620767434474 23.000260032901064 0.43505513224337028 1.6323943577411273 95.302670539220173 64.78799805323284 -0.09766817960476358 20.963210258483873 102.30756433645884 -0.6830127018922193 -0.37940952255126059 23.57800561322107 108.73272276242575 102.4864878262414 74.722407650373611 -0.60785761079279388 20.437001677619083 21.251918291471629 90.665822088276926 35.644385673734881 1.0000000180025095e-35 161.3015242805489 101.67560529153752 87.860595311412126
decision_type=2 2 2 2 2 2 2 2 2 2 2 2 2 2 2 2 2 2 2 2 2 2 2 2 2 2 2 2 2 2 2 2 2
left_child=2 3 7 4 5 -2 17 25 -9 18 11 14 27 15 -6 -4 -7 -5 20 -20 29 22 -22 -19 -25 -1 -27 -12 -13 31 -23 -3 -21
right_child=1 9 13 6 10 16 -8 8 -10 -11 12 28 -14 -15 -16 -17 -18 23 19 32 21 30 -24 24 -26 26 -28 -29 -30 -31 -32 -33 -34
leaf_value=0.0012094024141992648 -0.0001424903037781663 -0.0025920333932789967 -3.6157617104337519e-05 -0.00040443534021031291 0.00078889501287417608 0.0017753313854380701 0.0011779582511969729 0.0055462087501395993 0.0025661897765166751 0.00030649681947445299 0.00087175610053624264 -0.0016171578710852126 0.0021615350948007181 -0.00092533754286342103 -0.00021076696994404395 0.0018803834035331561 0.0038180610518805161 -0.00063738641570569869 -0.0010206460532957223 -0.0020709274499827353 -0.0010113924113869226 -0.0019634835641055967 0.00015994018640699446 -0.00095778948150184156 -0.0024659072344125543 0.0033582495581184909 0.0017276157497336073 -0.00035141010701348317 -0.00051674797421447159 -0.0010021227370018253 -0.0009445095399381369 -0.0014915290518583639 -0.0029015962734909159
leaf_weight=86 83 84 91 136 331 83 89 82 86 141 155 117 107 85 471 85 92 87 104 81 243 121 192 99 194 97 82 96 166 101 103 81 81
leaf_count=86 83 84 91 136 331 83 89 82 86 141 155 117 107 85 471 85 92 87 104 81 243 121 192 99 194 97 82 96 166 101 103 81 81
internal_value=1.82034e-06 -0.000373714 0.00196402 5.91181e-05 0.000425466 0.0019256 -0.000967923 0.00295566 0.0040893 -0.00112164 0.000153931 -0.000108145 0.000943052 0.000304438 0.000203031 0.000904123 0.00289357 -0.00134264 -0.00129112 -0.00195702 -0.00109412 -0.000847178 -0.000496506 -0.00167269 -0.00197073 0.00220089 0.00265041 0.000404887 -0.000983551 -0.00169017 -0.00151303 -0.00208671 -0.00252966
internal_weight=4332 3638 694 2306 1701 258 605 433 168 1332 1443 1085 358 261 802 176 175 516 1191 266 925 659 435 380 293 265 179 251 283 266 224 165 162
internal_count=4332 3638 694 2306 1701 258 605 433 168 1332 1443 1085 358 261 802 176 175 516 1191 266 925 659 435 380 293 265 179 251 283 266 224 165 162
is_linear=0
shrinkage=0.015492


Tree=64
num_leaves=31
num_cat=0
split_feature=78 33 12 26 33 4 32 53 61 85 14 61 32 54 29 48 58 51 23 32 9 11 83 64 63 10 59 37 11 47
split_gain=12.8013 4.75406 4.4109 3.8868 3.46447 2.3906 2.06428 1.66982 1.83222 1.54232 1.44561 1.24346 1.10714 0.971644 0.775212 0.723468 0.86094 0.865368 0.685933 0.607908 0.575498 0.563792 0.541668 0.67131 0.520433 0.473996 0.365865 0.435436 0.152552 0.145551
threshold=57.340571262439106 41.869046545558511 0.25000000000000011 103.42163519223534 43.460201428731288 97.265547155804128 69.611252222061168 0.10234235602250201 -0.67287246255958866 487.23292353359574 21.756281303829624 0.52746245409292325 64.730598380830585 0.073057840538676158 62.298879571490822 86.64988100060711 -0.018354594210780558 109.36670847371774 91.853105693393275 78.537180905871892 1.0000000180025095e-35 -0.56174490092936669 -0.23998487637914181 0.2573238756308483 1.1365388513559114 1.0000000180025095e-35 0.23312887942347518 36.329714899063127 1.0000000180025095e-35 92.498287963690601
decision_type=2 2 2 2 2 2 2 2 2 2 2 2 2 2 2 2 2 2 2 2 2 2 2 2 2 2 2 2 2 2
left_child=4 2 3 -2 5 7 11 -1 -9 15 22 12 -5 -7 -13 21 17 19 -10 -17 25 -3 -4 28 -8 -18 27 -23 -24 -22
right_child=1 9 10 6 -6 13 24 8 18 -11 -12 14 -14 -15 -16 16 20 -19 -20 -21 29 26 23 -25 -26 -27 -28 -29 -30 -31
leaf_value=-0.00026841860462755362 0.0033329797951733983 -0.0024832369732005611 -0.00031612027498886564 0.0007921699831836776 -0.00061185098798863182 0.0047696554156418831 0.0010314103643208042 0.0005143282910991181 0.0020390966620195323 0.00085874216760333075 0.00069746834665666228 0.00046954921062352604 -0.00018082857761899464 0.0024445048895430708 -0.0012893003711265624 -0.00046578980478577473 -0.00023106824162642952 -0.0017018355833912995 0.0040939745890309727 0.0010073062200816965 -0.0013901672992627961 -0.0015272752147071254 -0.0025522290652783917 -0.00082871905979423923 0.0026825318330582783 -0.0015837921062823541 -0.002009308456970641 -6.3155094856165783e-05 -0.0016192096574874657 -0.0022669371439380964
leaf_weight=81 104 149 82 564 103 114 112 97 84 92 86 81 554 87 217 195 143 87 94 99 102 106 146 137 83 109 109 89 93 133
leaf_count=81 104 149 82 564 103 114 112 97 84 92 86 81 554 87 217 195 143 87 94 99 102 106 146 137 83 109 109 89 93 133
internal_value=1.83142e-06 -0.000355579 8.54135e-05 0.000471096 0.00198347 0.00246422 0.000280745 0.00167896 0.00224975 -0.00105942 -0.00112645 7.34258e-05 0.000310707 0.00381179 -0.000811011 -0.00119464 -0.000927082 -0.00037115 0.00317203 3.48501e-05 -0.00135715 -0.00169813 -0.00147131 -0.00171875 0.00176308 -0.000827658 -0.00129361 -0.000869988 -0.00221283 -0.00190791
internal_weight=4332 3672 2259 1715 660 557 1611 356 275 1413 544 1416 1118 201 298 1321 868 381 178 294 487 453 458 376 195 252 304 195 239 235
internal_count=4332 3672 2259 1715 660 557 1611 356 275 1413 544 1416 1118 201 298 1321 868 381 178 294 487 453 458 376 195 252 304 195 239 235
is_linear=0
shrinkage=0.015492


Tree=65
num_leaves=29
num_cat=0
split_feature=78 66 35 12 26 35 38 32 85 61 42 44 10 57 48 77 58 19 58 11 29 63 50 61 45 62 61 60
split_gain=12.4184 4.90035 3.8009 3.24072 4.55125 2.71799 2.04532 1.71366 1.47093 1.46404 1.1734 1.14871 1.09893 1.0866 0.781252 0.901981 0.839864 0.794666 0.662803 0.660894 0.550543 0.546945 0.533191 0.376547 0.313044 0.306964 0.196452 0.135806
threshold=57.340571262439106 -65.787067917717806 42.233549734221576 0.25000000000000011 103.42163519223534 32.469391685326897 4.5080780343876929 70.598348055945522 487.23292353359574 0.52746245409292325 20.295370473442258 94.9910764724237 1.0000000180025095e-35 2.084412401894935 86.64988100060711 35.463509191936915 -0.074461807707949731 95.966152231428367 -0.42285519897937535 -0.22252093395631442 62.507394079632235 1.0961668391941537 102.59698711448247 2.4053931255967247 103.97622322011044 -0.0094301069638245121 1.229197129894182 -0.90975507316807114
decision_type=2 2 2 2 2 2 2 2 2 2 2 2 2 2 2 2 2 2 2 2 2 2 2 2 2 2 2 2
left_child=2 3 5 4 -2 -1 10 9 14 12 -7 22 -6 -12 17 24 18 -3 -17 26 -11 -18 -5 -21 27 -9 -19 -16
right_child=1 8 -4 11 7 6 -8 25 -10 20 13 -13 -14 -15 15 16 21 19 -20 23 -22 -23 -24 -25 -26 -27 -28 -29
leaf_value=5.9887747174505112e-05 0.0037765731121145339 -0.00026505912671580533 -0.00052948384168650443 -0.0008179340455415461 0.00078077741493985122 0.00070742079905342483 0.0046117856115124737 0.0010189545777816605 0.00096920654975678211 0.00018588665247759332 0.0019894796483205151 3.3251897702727913e-05 -0.00018812821648442755 0.0042713461772258491 -0.0020816288881766241 -0.0005614921548733699 -0.0016445771951823836 -0.0031523275446938359 0.00093654072261592405 -0.0018390680272431055 -0.0012873921768759506 -0.00017205528939353965 -0.0023264475291947281 -0.00070950647622827832 -0.00060940399265905078 0.0023995805491060606 -0.0019816939935334951 -0.0013321662439592776
leaf_weight=91 90 98 120 96 599 86 133 86 85 83 147 131 525 83 106 138 145 81 140 157 218 104 151 138 107 81 108 205
leaf_count=91 90 98 120 96 599 86 133 86 85 83 147 131 525 83 106 138 145 81 140 157 218 104 151 138 107 81 108 205
internal_value=1.83512e-06 -0.000350189 0.00195361 0.000150458 0.000442036 0.00250545 0.00299741 0.000247077 -0.000989167 7.15493e-05 0.00228261 -0.00114037 0.000328808 0.0028554 -0.00109984 -0.000820352 -0.000390518 -0.00154729 0.000194442 -0.00180368 -0.00088291 -0.00103878 -0.00175647 -0.00132277 -0.00135577 0.00171806 -0.00252312 -0.00160443
internal_weight=4332 3672 660 2060 1682 540 449 1592 1612 1425 316 378 1124 230 1527 945 527 582 278 484 301 249 247 295 418 167 189 311
internal_count=4332 3672 660 2060 1682 540 449 1592 1612 1425 316 378 1124 230 1527 945 527 582 278 484 301 249 247 295 418 167 189 311
is_linear=0
shrinkage=0.015492


Tree=66
num_leaves=33
num_cat=0
split_feature=82 34 50 12 26 55 51 72 15 11 61 5 10 57 66 20 24 51 61 12 49 17 9 8 80 51 85 83 8 32 75 32
split_gain=12.2319 4.49352 4.38836 3.28034 2.66517 2.37172 2.01123 1.98014 1.23531 1.10742 1.04022 0.997997 0.918034 0.876367 0.937471 0.864025 0.781101 0.701854 0.648421 0.614381 0.574586 0.939243 0.506299 0.495781 0.48046 0.479113 0.771634 0.714634 0.432538 0.425931 0.373346 0.178056
threshold=24.226112651214205 44.120059072706439 104.33389584523661 0.25000000000000011 104.54321834140354 0.036844233597214844 103.02861248634481 58.653905087908122 22.896820024649305 1.0000000180025095e-35 0.45589715414579507 4.2658777127663337 1.0000000180025095e-35 1.4447483015507416 -74.737894079420286 98.192473096847564 95.302670539220173 103.68119598538789 -0.09766817960476358 -0.6830127018922193 104.36487090322709 21.21868747976092 0.1294095225512602 -0.25881904510252113 26.285516598379321 108.74596851967001 424.85637142283775 17.964770006027326 -0.37940952255126059 65.811395548714572 63.236808321542235 85.749557889302579
decision_type=2 2 2 2 2 2 2 2 2 2 2 2 2 2 2 2 2 2 2 2 2 2 2 2 2 2 2 2 2 2 2 2
left_child=2 3 6 4 5 -2 -1 -5 10 22 15 19 -13 30 -15 -6 18 -11 -4 25 21 24 -8 -7 -9 26 31 -28 -21 -12 -10 -3
right_child=1 11 16 7 8 23 9 20 13 17 29 12 -14 14 -16 -17 -18 -19 -20 28 -22 -23 -24 -25 -26 -27 27 -29 -30 -31 -32 -33
leaf_value=0.0047077253033796689 -0.00038219617701209602 -0.0010848048524849914 -3.9316122717247789e-05 0.0012683314836004654 -0.00011733589777759284 0.0018134162394842493 0.0021085245719770257 -0.0016954274318801543 0.00090084050466933863 0.0019896848883822959 -0.001708574723096443 0.00057302390098619514 -0.0011123714727293735 0.0028424894247352757 0.00059953363023209575 0.0012330397950968402 -0.00090977697618367648 0.0041388333939282006 0.0018245003858900143 -0.0010853809359513344 -0.0023322140797201007 0.0004715126106034563 0.00038822300770312274 0.0035375216875397496 -0.00032766639803521102 -0.0018986685022507595 -6.7647317134835101e-05 -0.0013765384573528282 -0.0024634209616240781 -0.0004135135352120592 -0.0003048253155515744 -0.0021024940819412974
leaf_weight=104 81 83 91 83 626 86 83 258 107 83 114 149 156 82 99 136 85 81 85 94 99 81 82 99 83 140 288 151 159 133 138 113
leaf_count=104 81 83 91 83 626 86 83 258 107 83 114 149 156 82 99 136 85 81 85 94 99 81 82 99 83 140 288 151 159 133 138 113
internal_value=1.8282e-06 -0.000358059 0.00188228 5.61616e-05 0.000404483 0.00182014 0.00283378 -0.000921944 0.000138927 0.00220589 -0.000156627 -0.00107298 -0.000291039 0.000835566 0.00164439 0.000127247 0.00028989 0.0031041 0.000875017 -0.00130346 -0.00127603 -0.0010141 0.00127516 0.00277608 -0.00136823 -0.00107951 -0.00089111 -0.000524016 -0.00196951 -0.00102422 0.000225666 -0.00169364
internal_weight=4332 3638 694 2305 1701 266 433 604 1435 329 1009 1333 305 426 181 762 261 164 176 1028 521 422 165 185 341 775 635 439 253 247 245 196
internal_count=4332 3638 694 2305 1701 266 433 604 1435 329 1009 1333 305 426 181 762 261 164 176 1028 521 422 165 185 341 775 635 439 253 247 245 196
is_linear=0
shrinkage=0.015492


Tree=67
num_leaves=35
num_cat=0
split_feature=82 33 50 12 49 55 51 72 48 48 48 3 51 30 10 57 66 24 14 18 50 17 85 78 29 8 16 12 50 2 65 38 57 51
split_gain=11.8662 4.36003 4.25758 3.2072 2.5831 2.04745 1.95269 1.92571 1.26141 1.24651 1.96759 1.16046 0.924829 1.0372 0.966188 0.807527 0.782521 0.757856 0.65169 0.589014 0.583084 0.977066 0.550889 0.509765 0.497915 0.496288 0.597079 0.545755 0.487149 0.386653 0.357518 0.328481 0.254981 0.0250681
threshold=24.226112651214205 44.070790095859117 104.33389584523661 0.25000000000000011 104.45950074019257 0.038878555616317347 102.8436794059365 58.653905087908122 95.95433334337342 92.989039719281394 87.307481533156505 22.866164598994789 110.88498875149975 64.724162630505035 0.6078576107927941 1.4447483015507416 -74.737894079420286 95.302670539220173 20.963210258483873 24.176271095010971 104.22736099455093 21.21868747976092 421.42668548297968 61.334315317339374 61.144889135890537 0.12940952255126045 23.643887350294321 -0.6830127018922193 102.30756433645884 38.719038755628809 72.470795522795797 4.4613732481002826 2.9653549224030278 106.06769533978569
decision_type=2 2 2 2 2 2 2 2 2 2 2 2 2 2 2 2 2 2 2 2 2 2 2 2 2 2 2 2 2 2 2 2 2 2
left_child=2 3 6 4 5 -2 -1 -5 22 10 -8 12 14 -14 -6 23 -17 24 -7 -10 21 28 33 -13 -4 26 32 30 -9 -28 -27 -12 -24 -3
right_child=1 8 17 7 11 18 9 20 19 -11 31 15 13 -15 -16 16 -18 -19 -20 -21 -22 -23 25 -25 -26 27 29 -29 -30 -31 -32 -33 -34 -35
leaf_value=0.0048291743257358726 -0.00018335414222579255 -0.0023642919354419376 0.0016846850638955705 0.0012493329865497736 -0.00014386196496274993 0.0016689383110037579 0.00088511173419577769 -0.00041728196693651938 0.00086107021543924296 0.00066904252339494339 0.0028867447918092507 0.0010844517764678316 0.00156835723991416 -9.0580770077300921e-05 -0.0015423760899525769 0.0026878235808836023 0.00062472338475139783 -0.00089613871380150119 0.0036572677296720446 -0.00085751107382190652 -0.0023102932225920712 0.00052044248575141129 -0.0020814512530118435 -0.0003063653117018417 4.7218406609353589e-05 -0.0004740727636161816 -0.001064761460966855 -0.0025723418244381533 -0.0017260064130398295 -5.9902806334734207e-06 -0.0015453710097991563 0.0045707378363089458 -0.00089542550898041341 -0.001713459703366465
leaf_weight=89 83 84 86 83 401 83 88 98 107 93 82 102 124 314 166 82 97 85 92 82 101 81 89 157 90 115 129 89 242 223 232 81 98 84
leaf_count=89 83 84 86 83 401 83 88 98 107 93 82 102 124 314 166 82 97 85 92 82 101 81 89 157 90 115 129 89 242 223 232 81 98 84
internal_value=1.88977e-06 -0.000352578 0.00185402 5.52024e-05 0.000399829 0.00181868 0.00279123 -0.000910933 -0.00105722 0.00222847 0.00279196 0.00014301 -0.000147215 0.000385955 -0.000559108 0.000805794 0.00159755 0.000285534 0.00275647 0.000113325 -0.0012595 -0.000993397 -0.00125065 0.000246858 0.000861893 -0.0011032 -0.000781517 -0.00149304 -0.00135563 -0.000399674 -0.00119732 0.00378809 -0.00148307 -0.00207331
internal_weight=4332 3638 694 2306 1701 258 433 605 1332 344 251 1443 1005 438 567 438 179 261 175 189 522 421 1143 259 176 975 539 436 340 352 347 163 187 168
internal_count=4332 3638 694 2306 1701 258 433 605 1332 344 251 1443 1005 438 567 438 179 261 175 189 522 421 1143 259 176 975 539 436 340 352 347 163 187 168
is_linear=0
shrinkage=0.015492


Tree=68
num_leaves=30
num_cat=0
split_feature=82 33 50 12 49 55 72 54 42 42 13 61 85 72 55 12 14 8 50 17 53 85 65 58 8 38 54 23 32
split_gain=11.5122 4.23022 4.13092 3.11066 2.50596 1.98647 1.86799 1.35062 1.60142 1.47017 1.13697 1.72173 0.961718 0.879132 0.70716 0.694721 0.632158 0.58209 0.565865 0.947608 0.515778 0.515327 0.610491 0.640795 0.480231 0.478163 0.262188 0.0522839 0.049888
threshold=24.226112651214205 44.070790095859117 104.33389584523661 0.25000000000000011 104.45950074019257 0.038878555616317347 58.653905087908122 0.02617248263713726 21.14295786332201 20.432764543405295 0.6830127018922193 0.52746245409292325 486.33619036139834 63.777416096197207 0.24753366064332397 -0.6830127018922193 20.963210258483873 0.37940952255126054 104.22736099455093 21.21868747976092 0.16369846309051422 423.85560282896557 70.992985871251449 -0.069733901011506547 -0.37940952255126059 3.9794524870647332 0.042018294919847314 87.898060771094393 89.010233473247965
decision_type=2 2 2 2 2 2 2 2 2 2 2 2 2 2 2 2 2 2 2 2 2 2 2 2 2 2 2 2 2
left_child=2 3 7 4 5 -2 -5 -1 9 -9 11 13 15 -6 20 21 -7 -13 19 25 -4 28 23 -23 -17 -8 -24 -26 -3
right_child=1 12 14 6 10 16 18 8 -10 -11 -12 17 -14 -15 -16 24 -18 -19 -20 -21 -22 22 26 -25 27 -27 -28 -29 -30
leaf_value=0.0044337785746939229 -0.00018060765340533974 -0.0013564789558694532 0.0016274732886011796 0.0012306191073856298 0.00095658263821617661 0.0016439391051354865 -0.00053999431889623138 0.0016452862096434184 0.00097368513220972045 0.0043685866122417294 0.0017108351453933664 -0.0015425817634957125 0.00056707790347269773 2.1891901957479503e-06 -0.0008700181622075245 -0.00098459433980503598 0.003602307206476103 -0.0001444232922875963 -0.0022754817297776972 0.00051265309288281598 -3.1393112489747066e-05 0.00027214150390815614 -0.00070755732824021825 -0.00096497111807880272 -0.0019234896203600899 -0.0017666931387443413 -0.0015185772234449146 -0.00275185225130441 -0.0020416087933236866
leaf_weight=91 83 85 91 83 344 83 122 93 141 108 100 184 82 698 84 103 92 117 101 81 86 199 169 198 81 218 249 81 85
leaf_count=91 83 85 91 83 344 83 122 93 141 108 100 184 82 698 84 103 92 117 101 81 86 199 169 198 81 218 249 81 85
internal_value=1.94357e-06 -0.000347196 0.00182624 5.44675e-05 0.000393868 0.00179137 -0.000897015 0.0027494 0.00226812 0.00314949 0.000140912 2.05835e-05 -0.00104127 0.000319097 0.00028125 -0.00114789 0.00271509 -0.00100584 -0.00124032 -0.000978176 0.00083322 -0.000953255 -0.000786209 -0.000347109 -0.00185325 -0.00133491 -0.00119788 -0.00237851 -0.00172749
internal_weight=4332 3638 694 2306 1701 258 605 433 342 201 1443 1343 1332 1042 261 1250 175 301 522 421 177 985 815 397 265 340 418 162 170
internal_count=4332 3638 694 2306 1701 258 605 433 342 201 1443 1343 1332 1042 261 1250 175 301 522 421 177 985 815 397 265 340 418 162 170
is_linear=0
shrinkage=0.015492


Tree=69
num_leaves=32
num_cat=0
split_feature=82 34 50 12 26 55 14 43 55 59 48 15 61 4 72 66 60 50 35 12 42 28 45 34 48 10 11 86 84 45 62
split_gain=11.1673 4.10354 4.00737 2.99272 2.45104 2.18757 1.80886 1.32539 1.40343 1.22199 1.21126 1.15096 0.971023 0.986224 0.789641 0.607235 0.611494 0.570094 0.544949 0.540711 0.492511 0.618623 0.577236 0.464958 0.452494 0.535348 0.260555 0.257494 0.189022 0.151533 0.0127589
threshold=24.226112651214205 44.120059072706439 104.33389584523661 0.25000000000000011 104.54321834140354 0.036844233597214844 21.934906079504231 96.472885218019854 0.23173230182981233 0.072950108492797497 96.879620767434474 22.896820024649305 0.36192932329793598 98.317152716318802 58.880427889823913 -75.029548821714172 0.5415795742140973 102.30756433645884 35.221653029123949 -0.6830127018922193 23.57800561322107 108.73272276242575 103.59043015753782 35.879860951105762 74.722407650373611 -0.60785761079279388 1.0000000180025095e-35 348.38720909076335 161.81236721422366 101.67560529153752 -0.0078841913298295357
decision_type=2 2 2 2 2 2 2 2 2 2 2 2 2 2 2 2 2 2 2 2 2 2 2 2 2 2 2 2 2 2 2
left_child=2 3 7 4 5 -2 17 14 -9 -4 19 12 13 -6 -1 -13 -17 -5 -7 20 26 22 -22 -14 -19 -26 29 30 -23 -3 -21
right_child=1 10 9 6 11 18 -8 8 -10 -11 -12 15 23 -15 -16 16 -18 24 -20 27 21 28 -24 -25 25 -27 -28 -29 -30 -31 -32
leaf_value=0.00099996739908995015 -0.00037074420824053712 -0.002431348203838119 0.0012734117824103057 -0.00036166228093701601 -0.00012336329477984567 0.0034712494652310612 0.0011320451372434062 0.0051698419647193978 0.0022198662324261942 -0.00082703602114378048 0.00032651742590928475 0.0016220643942786734 -0.0016575525045107798 0.0013579374508347099 0.0027347129380468202 0.00086918068059129111 -0.00065784344847291882 -0.00053533380517979884 0.0016889506608688278 -0.0023657398632273121 -0.0007897371944133668 -0.0018263948123968532 0.00043400935120705412 -0.00035929700242375565 -0.00086800974705187283 -0.0023044112060336161 -0.00090470760274514778 -0.0010294798299142151 -0.00087387635468487814 -0.0013783417715245016 -0.0017803645378161471
leaf_weight=117 81 84 137 136 612 97 89 86 82 124 141 142 119 128 148 194 90 87 88 100 305 126 130 150 99 193 101 83 98 81 84
leaf_count=117 81 84 137 136 612 97 89 86 82 124 141 142 119 128 148 194 90 87 88 100 305 126 130 150 99 193 101 83 98 81 84
internal_value=1.9526e-06 -0.000341918 0.00179872 5.39189e-05 0.000386621 0.00174422 -0.000880322 0.00270797 0.00379137 0.000277004 -0.00102512 0.000131957 -0.000153321 0.000136958 0.00198787 0.000804396 0.000383234 -0.00123257 0.0026623 -0.00118547 -0.00100222 -0.000769047 -0.000423375 -0.000945267 -0.00153983 -0.00183077 -0.00156534 -0.00180275 -0.00142623 -0.00194703 -0.00213012
internal_weight=4332 3638 694 2305 1701 266 604 433 168 261 1333 1435 1009 740 265 426 284 515 185 1192 925 659 435 269 379 292 266 267 224 165 184
internal_count=4332 3638 694 2305 1701 266 604 433 168 261 1333 1435 1009 740 265 426 284 515 185 1192 925 659 435 269 379 292 266 267 224 165 184
is_linear=0
shrinkage=0.015492


Tree=70
num_leaves=29
num_cat=0
split_feature=82 33 50 40 51 70 49 10 29 48 51 9 51 64 13 7 18 78 24 85 29 18 50 13 6 13 19 51
split_gain=10.8328 3.98241 3.8876 2.02588 1.87496 1.48839 1.35525 1.22646 1.22483 1.17598 1.0703 1.38073 0.933709 0.812208 0.992047 1.10076 0.72604 0.827747 0.715947 0.553465 0.486715 0.457408 0.651363 0.721189 0.470099 0.296098 0.0940203 0.0243459
threshold=24.226112651214205 44.070790095859117 104.33389584523661 22.105424485383221 103.02861248634481 0.61471060223048835 104.56539194071735 -0.8783796973249266 61.24260998778874 96.879620767434474 103.7829390917001 0.1294095225512602 103.50116498152416 0.23846949792644995 0.6830127018922193 65.051932888031004 19.790028414461347 58.390269360012482 95.302670539220173 421.42668548297968 61.076938947571655 23.598657491207128 108.68292526262779 0.6830127018922193 110.10448655976191 1.0000000180025095e-35 101.1423699537913 106.06769533978569
decision_type=2 2 2 2 2 2 2 2 2 2 2 2 2 2 2 2 2 2 2 2 2 2 2 2 2 2 2 2
left_child=2 3 4 5 -1 7 -5 12 -7 19 11 -6 -2 -8 15 -15 -9 -18 20 27 -4 25 23 -23 -24 -21 -27 -3
right_child=1 9 18 6 10 8 13 16 -10 -11 -12 -13 -14 14 -16 -17 17 -19 -20 21 -22 22 24 -25 -26 26 -28 -29
leaf_value=0.0044749146343067304 -0.00051524047008261967 -0.0022768189855868187 0.0016742954753633948 0.0023475227205383407 0.0024820257503077449 0.0021415798587812234 0.0018390882893630782 -0.0017452290373131459 -0.00041252607043149882 0.00032155896273148812 0.0030284141662152977 -0.00020975422816685071 0.0016021961756881155 0.00058139680352354488 0.0016654842469440343 -0.00064383363100687827 0.00056417546637859046 -0.00079782511597711566 -0.00087566780832583888 -0.00093212660333763053 5.3911142394051207e-05 -0.0001599932141874501 -0.0020967781200430767 -0.0015820682713580793 -0.00060424282442448349 -0.0014327602794670072 -0.0022738511311675065 -0.0016454844324204133
leaf_weight=104 96 84 83 92 95 95 82 153 82 141 149 85 99 393 100 314 125 675 85 135 93 380 128 108 88 83 101 84
leaf_count=104 96 84 83 92 95 95 82 153 82 141 149 85 99 393 100 314 125 675 85 135 93 380 128 108 88 83 101 84
internal_value=1.93897e-06 -0.000336742 0.00177159 5.29784e-05 0.00266715 -0.000341813 0.000585745 -0.000546044 0.00097001 -0.00101018 0.00206201 0.00122692 0.000566892 0.000396426 0.000243787 3.67117e-05 -0.000774871 -0.000583659 0.000272782 -0.00116831 0.000833025 -0.00102742 -0.000800905 -0.000482232 -0.00150485 -0.00151557 -0.00192248 -0.00199429
internal_weight=4332 3638 694 2306 433 1325 981 1148 177 1332 329 180 195 889 807 707 953 800 261 1191 176 1023 704 488 216 319 184 168
internal_count=4332 3638 694 2306 433 1325 981 1148 177 1332 329 180 195 889 807 707 953 800 261 1191 176 1023 704 488 216 319 184 168
is_linear=0
shrinkage=0.015492


Tree=71
num_leaves=29
num_cat=0
split_feature=78 33 12 35 26 35 32 42 81 85 14 81 50 55 58 48 45 50 63 48 65 48 11 11 55 37 37 18
split_gain=10.4553 3.8365 3.65327 3.33357 3.29334 2.47699 1.85849 1.79678 1.47062 1.34088 1.26714 1.10323 1.13839 0.759087 0.649447 0.677502 0.780567 0.83097 0.513058 0.47375 0.452321 0.431704 0.396817 0.348417 0.177837 0.215384 0.170015 0.139252
threshold=57.340571262439106 41.869046545558511 0.25000000000000011 42.233549734221576 103.42163519223534 32.469391685326897 69.611252222061168 20.40102671885932 13.734086889044633 487.23292353359574 21.702686921490564 15.121091452751301 111.23568364478926 0.041187523832403983 -0.018354594210780558 86.873882361385583 99.289433328398971 109.07637476179336 1.1365388513559114 95.95433334337342 -0.95706130133734735 74.722407650373611 -0.22252093395631442 1.0000000180025095e-35 0.077093258929409728 36.825469807518857 102.85893628650244 23.131218468348191
decision_type=2 2 2 2 2 2 2 2 2 2 2 2 2 2 2 2 2 2 2 2 2 2 2 2 2 2 2 2
left_child=3 2 4 5 -2 -1 11 -7 23 14 20 12 -6 -13 15 22 -17 -18 -8 24 -4 -22 -3 -9 25 -16 -23 -26
right_child=1 9 10 -5 6 7 18 8 -10 -11 -12 13 -14 -15 19 16 17 -19 -20 -21 21 26 -24 -25 27 -27 -28 -29
leaf_value=-2.0598869411088344e-05 0.0030604522070399073 -0.0021231019683267331 -0.00031033955271214935 -0.00053188257280413704 4.7210384043682757e-05 0.0011734720153373304 0.00093465016200575796 0.0033239354425100291 0.0017197148655466986 0.00083457829580392865 0.00057325883562710418 -0.0012051810148412179 0.0013570535402884132 -6.6546237924281875e-05 -0.0015831651400892515 0.00092315927489570668 -6.1298049807110579e-05 -0.0018067107558311765 0.0025684125410953564 -0.00034597009603590359 -0.00059183049175902565 -0.0012222661637936755 -0.00078002341042025857 0.0048312212969364148 -0.0024070736236845992 -0.00072822297481272148 -0.0021426825830268407 -0.0015785848164208383
leaf_weight=91 104 94 81 120 483 126 112 121 97 92 96 192 235 506 194 93 181 100 83 93 83 83 129 105 83 124 201 230
leaf_count=91 104 94 81 120 483 126 112 121 97 92 96 192 235 506 194 93 181 100 83 93 83 83 129 105 83 124 201 230
internal_value=1.95411e-06 -0.000321048 7.51064e-05 0.00179283 0.000426113 0.00230967 0.000250906 0.00277931 0.00338976 -0.000953332 -0.00102777 5.42213e-05 0.000479702 -0.000383495 -0.00107944 -0.000695548 -0.000288177 -0.000694622 0.0016574 -0.00139191 -0.00137249 -0.0016025 -0.00136615 0.00407591 -0.00154369 -0.00125947 -0.00188877 -0.00181824
internal_weight=4332 3672 2259 660 1715 540 1611 449 323 1413 544 1416 718 698 1321 597 374 281 195 724 448 367 223 226 631 318 284 313
internal_count=4332 3672 2259 660 1715 540 1611 449 323 1413 544 1416 718 698 1321 597 374 281 195 724 448 367 223 226 631 318 284 313
is_linear=0
shrinkage=0.015492


Tree=72
num_leaves=31
num_cat=0
split_feature=82 33 50 12 49 55 45 54 42 42 59 3 61 5 10 20 14 86 12 49 18 11 45 55 11 50 3 8 8 59
split_gain=10.215 3.7462 3.66857 2.79316 2.28287 1.8642 1.72535 1.28044 1.56597 1.36291 1.17661 1.0425 1.14514 0.878563 0.872393 0.825076 0.600673 0.553154 0.534671 0.460282 0.767884 0.428156 0.784733 0.53164 0.428402 0.42073 0.406673 0.372735 0.300761 0.140452
threshold=24.226112651214205 44.070790095859117 104.33389584523661 0.25000000000000011 104.45950074019257 0.038878555616317347 98.997706404703635 0.02617248263713726 21.14295786332201 20.432764543405295 0.072950108492797497 22.866164598994789 0.43505513224337028 4.2658777127663337 1.0000000180025095e-35 98.041998277240353 20.963210258483873 276.2582634929538 -0.6830127018922193 104.36487090322709 21.165688967439859 -0.56174490092936669 103.37979466129234 0.040428254962037453 0.81174490092936691 109.49933558459377 20.553514129320789 -0.37940952255126059 0.37940952255126054 -0.13870290650263681
decision_type=2 2 2 2 2 2 2 2 2 2 2 2 2 2 2 2 2 2 2 2 2 2 2 2 2 2 2 2 2 2
left_child=2 3 7 4 5 -2 19 -1 9 -9 -4 12 15 18 -15 -6 -7 -13 21 20 26 23 24 -3 -23 -19 -5 -20 -14 -25
right_child=1 13 10 6 11 16 -8 8 -10 -11 -12 17 28 14 -16 -17 -18 25 27 -21 -22 22 -24 29 -26 -27 -28 -29 -30 -31
leaf_value=0.0042276954254564731 -0.00020289054990723612 -0.00043549869382558096 0.001242227119486771 -0.0017668474125477416 -9.041325733319222e-05 0.0015599841374235386 0.001194032624364229 0.0015475262788442929 0.00084656617618549641 0.0041672436937944994 -0.00081881426161307144 -0.00018710357938230202 -0.0014300798469900364 0.00059507395632021627 -0.0010476966150464806 0.0011925845601112675 0.0034651210808490213 0.0019812658459637273 -0.00099960321157951189 -0.0021508384192305439 0.00023830125894809092 -0.0012663720974845037 0.00056934142426275536 -0.0023933766380259788 -8.6774158346903657e-05 0.0007244614060247219 -0.00064151436436987773 -0.0022798501531613546 -0.00035317413416790329 -0.0014085355578648134
leaf_weight=91 83 81 137 192 592 83 83 93 141 108 124 110 160 149 156 148 92 88 94 95 99 327 91 96 96 240 136 158 105 84
leaf_count=91 83 81 137 192 592 83 83 93 141 108 124 110 160 149 156 148 92 88 94 95 99 327 91 96 96 240 136 158 105 84
internal_value=1.96096e-06 -0.000326919 0.0017204 5.10655e-05 0.000372681 0.00170653 -0.00085055 0.00259038 0.00212321 0.00299404 0.000264428 0.000131251 -0.000143814 -0.000980079 -0.000246791 0.000169648 0.0026014 0.000759452 -0.00119648 -0.00118052 -0.000951643 -0.000988009 -0.000721403 -0.00149929 -0.00100123 0.00107604 -0.00131003 -0.00181912 -0.00101199 -0.0019633
internal_weight=4332 3638 694 2306 1701 258 605 433 342 201 261 1443 1005 1332 305 740 175 438 1027 522 427 775 514 261 423 328 328 252 265 180
internal_count=4332 3638 694 2306 1701 258 605 433 342 201 261 1443 1005 1332 305 740 175 438 1027 522 427 775 514 261 423 328 328 252 265 180
is_linear=0
shrinkage=0.015492


Tree=73
num_leaves=26
num_cat=0
split_feature=82 34 51 12 46 26 11 3 26 53 48 60 24 14 39 54 48 3 51 60 51 12 9 86 9
split_gain=9.90859 3.63392 3.6093 2.68703 2.61229 2.23304 2.03379 1.6805 1.35061 1.28466 1.09717 1.07219 1.38734 1.24912 0.977729 0.750396 0.566351 0.824832 0.499232 0.437303 0.410637 0.602421 0.40545 0.399038 0.247013
threshold=24.226112651214205 44.120059072706439 103.02861248634481 0.25000000000000011 95.204398110354376 104.54321834140354 1.0000000180025095e-35 21.990481390953061 104.54321834140354 0.18491123878281315 96.879620767434474 1.7697438863913322 93.604779947068963 23.002243411276076 4.3476018178462992 0.060614082481172137 88.117330649340616 20.553514129320789 105.53575605498422 2.9513373405873655 108.74596851967001 -0.6830127018922193 0.1294095225512602 322.52216119744111 -0.12940952255126037
decision_type=2 2 2 2 2 2 2 2 2 2 2 2 2 2 2 2 2 2 2 2 2 2 2 2 2
left_child=2 3 -1 5 6 9 15 16 -8 -2 18 12 13 -7 -14 -4 17 23 -3 20 21 -20 -17 -5 -22
right_child=1 10 4 7 -6 11 8 -9 -10 -11 -12 -13 14 -15 -16 22 -18 -19 19 -21 24 -23 -24 -25 -26
leaf_value=0.0043211640018371153 0.00039230460673410366 -0.0019840957139127154 0.0018339057309455231 -0.00051277003321465787 -0.00096937655490092933 -0.00024939868550216964 0.0037028835813809149 0.0012105861713360311 0.0012249823933790335 0.0025743232836124173 0.00032137981638423409 -0.0014971228102195701 0.00037288116057395434 0.00093262961085921155 0.0026540172374284908 0.00084186316299577691 -0.0019835119661300322 5.6877894854780273e-05 -0.00066039130656968888 8.647922805374296e-05 -0.0010281745719666288 -0.0017468945430193917 -0.00067286391421450694 -0.0018859898198611562 -0.0020859493061955205
leaf_weight=104 113 141 91 81 106 886 138 81 91 153 141 89 94 280 86 83 143 151 574 82 103 156 81 148 136
leaf_count=104 113 141 91 81 106 886 138 81 91 153 141 89 94 280 86 83 143 151 574 82 103 156 81 148 136
internal_value=1.99018e-06 -0.00032192 0.00169447 5.05764e-05 0.00121281 0.000365832 0.00169378 -0.000834664 0.00274568 0.00166165 -0.000964837 0.000122761 0.000232864 3.59522e-05 0.00148755 0.000728935 -0.00115642 -0.000832531 -0.00111746 -0.000996071 -0.00108776 -0.00089857 9.44888e-05 -0.00141289 -0.00164789
internal_weight=4332 3638 694 2305 590 1701 484 604 229 266 1333 1435 1346 1166 180 255 523 380 1192 1051 969 730 164 229 239
internal_count=4332 3638 694 2305 590 1701 484 604 229 266 1333 1435 1346 1166 180 255 523 380 1192 1051 969 730 164 229 239
is_linear=0
shrinkage=0.015492


Tree=74
num_leaves=29
num_cat=0
split_feature=78 66 35 12 37 35 42 86 32 61 85 10 44 61 48 77 58 43 11 58 63 50 51 36 42 45 61 51
split_gain=9.59318 3.76066 3.12522 2.48434 3.65533 2.32721 1.71673 1.45671 1.42453 1.3382 1.27574 1.00232 0.978301 0.891465 0.679137 0.801147 0.784087 0.724817 0.642357 0.608027 0.522551 0.449977 0.389785 0.366031 0.352405 0.269248 0.212421 0.210688
threshold=57.340571262439106 -65.787067917717806 42.233549734221576 0.25000000000000011 103.8196385436588 32.469391685326897 20.275074476886683 263.47850022538557 70.598348055945522 0.52746245409292325 487.23292353359574 1.0000000180025095e-35 94.9910764724237 0.11163646863568745 86.64988100060711 35.463509191936915 -0.074461807707949731 95.989697159307994 -0.22252093395631442 -0.42285519897937535 1.0961668391941537 102.59698711448247 108.11780449469886 106.60730416403878 23.481979369719824 103.97622322011044 1.229197129894182 106.96968164920808
decision_type=2 2 2 2 2 2 2 2 2 2 2 2 2 2 2 2 2 2 2 2 2 2 2 2 2 2 2 2
left_child=2 3 5 4 -2 -1 -7 -8 9 11 14 -6 21 -9 17 25 19 -3 26 -17 -18 -5 -10 -11 -20 27 -19 -16
right_child=1 10 -4 12 8 6 7 13 22 23 -12 -13 -14 -15 15 16 20 18 24 -21 -22 -23 -24 -25 -26 -27 -28 -29
leaf_value=-4.0154609680052661e-05 0.0033087826033109838 -0.00018687290478680069 -0.00053306673999166756 -0.00070733840959581284 0.0007242006863004436 0.00069045311254701809 0.0019532256839924645 0.0048425615781069534 0.0023059923332818906 -0.00015151096498296294 0.00095575078221972433 -0.00020039153347722503 8.2957968436090515e-05 0.0025786858624794132 -0.0020787241797614263 -0.00046570552314301444 -0.0015238919061207818 -0.0029806053184592562 -0.0017829730331573317 0.00096947186100101882 -8.7200346536989187e-05 -0.0020907676085927837 0.00078383732840181465 -0.0012865893709976515 -0.00067988958251032907 -0.00052398021590076619 -0.0017981016507027314 -0.0011549365895643323
leaf_weight=91 94 101 120 96 597 87 156 125 81 108 85 528 131 81 92 138 145 81 124 140 104 151 87 187 168 107 108 219
leaf_count=91 94 101 120 96 597 87 156 125 81 108 85 528 131 81 92 138 145 81 124 140 104 151 87 187 168 107 108 219
internal_value=2.01298e-06 -0.000307385 0.00171746 0.000131192 0.000386491 0.00221792 0.00267313 0.0031403 0.000207852 4.68939e-05 -0.00086715 0.000290769 -0.000998995 0.00400002 -0.000970265 -0.000710026 -0.000305392 -0.00138716 -0.00163644 0.000259228 -0.000931934 -0.00156759 0.0015444 -0.000876742 -0.00116129 -0.00121446 -0.00234199 -0.00144484
internal_weight=4332 3672 660 2060 1682 540 449 362 1588 1420 1612 1125 378 206 1527 945 527 582 481 278 249 247 168 295 292 418 189 311
internal_count=4332 3672 660 2060 1682 540 449 362 1588 1420 1612 1125 378 206 1527 945 527 582 481 278 249 247 168 295 292 418 189 311
is_linear=0
shrinkage=0.015492


Tree=75
num_leaves=30
num_cat=0
split_feature=82 51 34 12 46 49 11 55 45 49 48 3 23 55 10 14 18 37 86 51 8 14 1 51 18 3 48 77 11
split_gain=9.34188 3.43658 3.42794 2.52393 2.50044 2.09484 1.95927 1.78806 1.61936 1.374 1.05399 0.987566 0.921384 0.868637 0.741177 0.592153 0.570862 0.539471 0.532736 0.601104 0.463262 0.674067 0.654213 0.459264 0.804559 0.36086 0.357937 0.54492 0.294213
threshold=24.226112651214205 103.02861248634481 44.120059072706439 0.25000000000000011 95.204398110354376 104.45950074019257 1.0000000180025095e-35 0.038878555616317347 98.997706404703635 104.83740451600819 95.95433334337342 22.866164598994789 93.601649861865596 0.057215131283488367 -0.8783796973249266 20.963210258483873 24.176271095010971 104.42872338824803 276.2582634929538 109.10481493331768 -0.78656609248549303 23.792754967742496 103.67404531055028 104.06148977535746 21.130144845379728 20.553514129320789 89.510428119147278 33.940011357665071 -0.22252093395631442
decision_type=2 2 2 2 2 2 2 2 2 2 2 2 2 2 2 2 2 2 2 2 2 2 2 2 2 2 2 2 2
left_child=1 -1 3 5 6 7 13 -2 23 -8 20 12 14 -3 -7 -9 -12 -15 -13 -20 21 -4 -22 24 25 -5 28 -28 -24
right_child=2 4 10 8 -6 11 9 15 -10 -11 16 18 -14 17 -16 -17 -18 -19 19 -21 22 -23 26 -25 -26 -27 27 -29 -30
leaf_value=0.0042083521740015322 -0.00023629847313140273 0.001961070187134273 -0.0013104952881113378 -0.0017080948482295708 -0.00095935144843087652 0.00075098587319459163 0.003582021116839796 0.0014794286202479006 0.0011715813301577886 0.0010513227871234952 0.00086853903800612254 -0.000193733646433719 0.0011437643996667075 -0.00084427429976046081 -0.00049981932335909707 0.0033647665430442315 -0.00082341952218246734 0.00087001907112903276 0.0021843210873776823 0.00065131453896448584 -0.0024043686471402303 0.00029933625694163749 -0.0020058698068935962 -0.0020616347255175689 0.00031335962274960306 -0.00063503810724955254 -0.0014584325122718562 -0.00031405608252790042 -0.0010893966628533851
leaf_weight=104 83 84 122 186 106 131 145 83 83 84 107 110 115 81 759 92 82 90 81 247 108 123 148 101 100 134 169 244 230
leaf_count=104 83 84 122 186 106 131 145 83 83 84 107 110 115 81 759 92 82 90 81 247 108 123 148 101 100 134 169 244 230
internal_value=1.98865e-06 0.00164535 -0.000312521 4.92626e-05 0.00117541 0.000354801 0.001646 0.00163253 -0.000808689 0.00267838 -0.000936952 0.000123529 -0.00014418 0.000699233 -0.000313809 0.002509 0.000132678 5.69507e-05 0.000734962 0.00104567 -0.00111363 -0.000507773 -0.00127653 -0.00112898 -0.000892138 -0.00126857 -0.00111437 -0.000789315 -0.00146075
internal_weight=4332 694 3638 2305 590 1701 484 258 604 229 1333 1443 1005 255 890 175 189 171 438 328 1144 245 899 521 420 320 791 413 378
internal_count=4332 694 3638 2305 590 1701 484 258 604 229 1333 1443 1005 255 890 175 189 171 438 328 1144 245 899 521 420 320 791 413 378
is_linear=0
shrinkage=0.015492


Tree=76
num_leaves=27
num_cat=0
split_feature=81 33 13 48 81 22 14 3 42 85 45 72 32 32 51 77 66 23 4 46 48 58 14 51 83 74
split_gain=9.08237 4.15719 2.40682 2.80285 1.99111 2.39467 2.23228 1.86252 1.507 1.34643 1.10408 1.08726 1.03913 1.13957 1.11392 0.945427 0.925225 0.912861 0.625378 0.605742 0.567749 0.583599 0.633161 0.356479 0.297031 0.264727
threshold=13.715546600422071 44.070790095859117 -0.9330127018922193 88.117330649340616 14.443606323064529 90.949472476111524 22.10004219214122 21.599075228373216 21.126706485284704 487.23292353359574 97.998677245246071 87.150415082308982 70.598348055945522 67.688244099617052 111.5206079276403 107.24961859835518 -68.197071142726458 90.536178386476308 95.954322401682546 80.824196174762861 96.414699770256334 -0.018354594210780558 24.445085236496396 108.74596851967001 15.32232221941017 39.260092957748313
decision_type=2 2 2 2 2 2 2 2 2 2 2 2 2 2 2 2 2 2 2 2 2 2 2 2 2 2
left_child=2 4 3 -1 5 -2 11 -4 17 20 -10 15 13 14 -8 18 -12 -7 -6 -17 21 22 23 -3 -23 -26
right_child=1 9 7 -5 6 8 12 -9 10 -11 16 -13 -14 -15 -16 19 -18 -19 -20 -21 -22 24 -24 -25 25 -27
leaf_value=0.0011469254371651047 -0.00099094428118422099 -0.00074356126191684119 0.0023426610291188894 0.0043866824047660586 -0.00076681822025165237 0.0014199699681277269 6.5690449022421909e-05 -0.00083070089566669085 -0.00046224795592225335 0.00094341306849946471 0.00023032933133258882 0.0010358222055188741 0.0018307249002097853 -0.0011955089815052927 0.0014728217435720256 0.001005031650625751 0.0024342262737479083 0.003596299225466673 -0.0018507647305448208 -0.0004659894175131987 -9.9688583637219701e-05 -0.0022839324303949395 0.00047749501954276029 -0.0017902428760305212 -0.0014713961978497303 -0.0005136912298049595
leaf_weight=114 127 339 81 152 405 109 422 92 121 85 85 88 115 107 196 85 98 87 190 283 137 96 81 103 447 87
leaf_count=114 127 339 81 152 405 109 422 92 121 85 85 88 115 107 196 85 98 87 190 283 137 96 81 103 447 87
internal_value=2.03224e-06 -0.00023668 0.00210701 0.00302534 0.000137494 0.000891956 -0.00011358 0.000668439 0.00137329 -0.00092083 0.000679369 -0.000588765 0.000480842 0.00026029 0.000516806 -0.000739924 0.00143021 0.00242403 -0.00112025 -0.00012088 -0.00104554 -0.00115733 -0.000767586 -0.000997548 -0.00147584 -0.00131908
internal_weight=4332 3893 439 266 2518 627 1891 173 500 1375 304 1051 840 725 618 963 183 196 595 368 1290 1153 523 442 630 534
internal_count=4332 3893 439 266 2518 627 1891 173 500 1375 304 1051 840 725 618 963 183 196 595 368 1290 1153 523 442 630 534
is_linear=0
shrinkage=0.015492


Tree=77
num_leaves=33
num_cat=0
split_feature=82 51 33 12 46 26 32 35 57 38 15 10 51 32 48 18 10 57 66 48 19 26 12 8 18 35 80 15 12 78 36 47
split_gain=8.81071 3.29901 3.22311 2.4191 2.36556 2.04743 1.53381 1.49511 1.43985 1.24614 1.14889 1.11508 1.06561 1.0521 0.996462 0.887187 0.746264 0.744994 0.832361 0.497017 0.479626 0.555589 0.466767 0.454213 0.374463 0.750749 0.554245 0.355038 0.31491 0.287018 0.179343 0.059145
threshold=24.226112651214205 103.02861248634481 44.070790095859117 0.25000000000000011 95.204398110354376 104.90044399049548 58.933862366146521 41.621031255722052 2.7281736803291023 4.503476802110673 22.896820024649305 1.0000000180025095e-35 110.88498875149975 64.730598380830585 96.879620767434474 21.305765706963026 0.6078576107927941 1.4447483015507416 -74.737894079420286 91.266708933689003 92.954520185258659 102.7017646598816 -0.6830127018922193 -0.37940952255126059 23.517289708455412 108.18112626923457 8.3194962214266344 20.536940213044478 -0.93301270189221908 61.222181791199581 39.964349391725335 87.860595311412126
decision_type=2 2 2 2 2 2 2 2 2 2 2 2 2 2 2 2 2 2 2 2 2 2 2 2 2 2 2 2 2 2 2 2
left_child=1 -1 3 5 7 8 -5 9 15 11 12 19 16 -14 22 -2 -7 29 -19 -3 -8 -22 24 -24 28 26 -26 -23 -4 -12 -27 -25
right_child=2 4 14 6 -6 10 20 -9 -10 -11 17 -13 13 -15 -16 -17 -18 18 -20 -21 21 27 23 31 25 30 -28 -29 -30 -31 -32 -33
leaf_value=0.0041090873950399859 0.0016124905224219285 0.0029432907039619884 -0.00069190424404227458 0.00093080448644037325 -0.00093858101651703781 -0.00028043787851166633 -0.0018520272069094013 -0.0002881396512219019 0.0026939474001169555 0.0036235432812622066 0.00090311476777018673 0.00028168960637282517 0.0015610668165888561 -0.0001124785283562311 0.00031634615740383179 -0.00052185289928816732 -0.001543427772036433 0.0026347469162236428 0.00052312135796140464 0.0013324112160276835 0.00010014669126304985 -0.0017603512069388134 -0.0007973495609978385 -0.0016987401831243367 -0.0012123953389610287 -0.0016895033361261297 4.9798895092456351e-05 -0.00054139306275399269 -0.0018117896377052977 -0.00020757770482241717 -0.00075720526642630273 -0.0025065069535244329
leaf_weight=104 92 104 105 101 106 363 156 83 131 86 84 115 122 323 141 90 161 82 99 96 110 131 104 81 111 154 312 107 159 154 84 81
leaf_count=104 92 104 105 101 106 363 156 83 131 86 84 115 122 323 141 90 161 82 99 96 110 131 104 81 111 154 312 107 159 154 84 81
internal_value=2.09137e-06 0.00159805 -0.000303346 4.72548e-05 0.0011377 0.000346564 -0.000791815 0.00159543 0.0014724 0.0019848 9.01308e-05 0.00150872 -0.000203043 0.000353134 -0.000909192 0.000564772 -0.000674894 0.000765149 0.00150619 0.0022 -0.00114048 -0.000808842 -0.00105476 -0.001629 -0.000885053 -0.000682652 -0.000287088 -0.00122555 -0.00137882 0.000190096 -0.00137364 -0.00213941
internal_weight=4332 694 3638 2306 590 1701 605 484 313 401 1388 315 969 445 1332 182 524 419 181 200 504 348 1191 266 925 661 423 238 264 238 238 162
internal_count=4332 694 3638 2306 590 1701 605 484 313 401 1388 315 969 445 1332 182 524 419 181 200 504 348 1191 266 925 661 423 238 264 238 238 162
is_linear=0
shrinkage=0.015492


Tree=78
num_leaves=26
num_cat=0
split_feature=81 1 12 26 12 48 18 45 53 48 58 60 23 35 27 18 42 48 65 82 66 58 61 48 51
split_gain=8.57787 3.93222 3.02585 2.96112 2.16545 2.59799 1.75851 1.63776 1.34545 1.13371 1.13241 1.14606 1.05167 0.919608 0.485792 0.697494 0.439792 0.454372 0.570255 0.930573 0.431997 0.416252 0.26023 0.33671 0.185393
threshold=13.715546600422071 43.396425510512465 0.25000000000000011 104.54321834140354 1.0000000180025095e-35 88.117330649340616 21.004659698274395 98.997706404703635 0.11136129029890386 96.879620767434474 -0.96419758205060535 1.7697438863913322 93.601649861865596 33.073918789757634 104.47414156172012 21.130144845379728 23.57800561322107 81.216899391280307 72.470795522795797 26.340605496496021 -68.417796103159574 -0.022043353076336199 -2.6893559903568653 87.010193976009347 106.96968164920808
decision_type=2 2 2 2 2 2 2 2 2 2 2 2 2 2 2 2 2 2 2 2 2 2 2 2 2
left_child=4 2 3 8 6 -6 -1 14 -2 16 -5 12 -12 -10 15 21 22 -18 19 -19 -15 -4 -3 -24 -20
right_child=1 9 7 10 5 -7 -8 -9 13 -11 11 -13 -14 20 -16 -17 17 18 24 -21 -22 -23 23 -25 -26
leaf_value=0.0022770181019652197 5.6293824751408781e-05 -0.0021100871687489706 -0.0018737486871539856 -0.0013113458902294301 0.0010913051133655141 0.0041974555162348926 -0.00083016462291946177 0.0011764826009478977 0.0035175871235010722 0.00035115790396534415 0.00018896594623976016 -0.0014665825357928822 0.0014284922227867287 0.00072174507734308212 -0.0020716858859164537 0.00023813299495711247 -0.0017782316245131243 -0.00089085474368772843 -0.0019341036741443748 0.00048238212131708171 0.0022001187517744825 -0.00074037416098696358 -0.0016164396635453934 -0.00036716059811414133 -0.00099562501804694239
leaf_weight=81 95 120 137 117 114 155 89 84 86 155 1120 84 190 88 103 101 111 346 83 177 112 191 149 82 162
leaf_count=81 95 120 137 117 114 155 89 84 86 155 1120 84 190 88 103 101 111 346 83 177 112 191 149 82 162
internal_value=2.10244e-06 -0.000229885 0.000136067 0.000443124 0.00204779 0.00290659 0.000662903 -0.000804598 0.00165827 -0.000891547 0.000134128 0.000257933 0.000371515 0.00218429 -0.00112215 -0.000881841 -0.00104867 -0.000858177 -0.00071902 -0.000425844 0.00156929 -0.00122606 -0.00151474 -0.0011832 -0.00133245
internal_weight=4332 3893 2508 1892 439 269 170 616 381 1385 1511 1394 1310 286 532 429 1230 879 768 523 200 328 351 231 245
internal_count=4332 3893 2508 1892 439 269 170 616 381 1385 1511 1394 1310 286 532 429 1230 879 768 523 200 328 351 231 245
is_linear=0
shrinkage=0.015492


Tree=79
num_leaves=31
num_cat=0
split_feature=81 1 13 48 78 14 22 3 10 48 32 32 32 51 51 72 18 18 70 51 58 3 11 32 9 47 59 55 57 54
split_gain=8.31973 3.81375 2.21278 2.64207 1.97902 1.94524 1.8716 1.71271 1.27131 1.10109 1.03991 1.0111 1.24839 1.20588 1.00752 1.26731 0.881954 0.800175 0.719217 0.453733 0.403513 0.548455 0.721232 0.347907 0.267668 0.384836 0.298401 0.205196 0.152501 0.0542993
threshold=13.715546600422071 43.396425510512465 -0.9330127018922193 88.117330649340616 58.390269360012482 22.083862070507479 90.949472476111524 21.599075228373216 -0.8783796973249266 96.414699770256334 65.438258241017706 70.598348055945522 67.688244099617052 111.5206079276403 102.52791177202157 58.425624161693797 21.004659698274395 24.119040967888306 0.64215414683023664 110.24460457687027 0.016481480688078424 24.33027830150392 -0.22252093395631442 66.842167599995975 1.0000000180025095e-35 90.856464203551965 0.078926320429232547 0.14223528275970046 2.7281736803291023 0.042018294919847314
decision_type=2 2 2 2 2 2 2 2 2 2 2 2 2 2 2 2 2 2 2 2 2 2 2 2 2 2 2 2 2 2
left_child=2 4 3 -1 6 8 -2 -4 10 20 -6 12 13 -7 -8 -16 -17 -11 19 -10 21 22 28 -24 25 29 -27 -26 -3 -22
right_child=1 9 7 -5 5 11 14 -9 18 17 -12 -13 -14 -15 15 16 -18 -19 -20 -21 24 -23 23 -25 27 26 -28 -29 -30 -31
leaf_value=0.0010748098360675272 -0.00081838797774458393 -0.0019435207307983249 0.0022429382607312568 0.0042187247759726708 -0.0004178487725996221 6.621710671075138e-05 0.0030224324925722103 -0.00080006242719394183 -0.0011227656248247791 0.0011761239730737356 0.001804187665039192 0.0017783395014665173 -0.0012299302345869954 0.0014460759495176774 -0.00050663375425573798 0.0027912221326495882 0.00071439760301621408 -0.00084090847861824196 0.00044431987385419071 -0.0002427986358624686 -0.0011098862632958392 0.00041549003067906364 0.00031284509279413107 -0.00082331381852096552 -0.0012211184614570351 0.00017141703053627833 -0.0011254700479428077 -0.0021355855667547509 -0.0010534798592793211 -0.00174784913784511
leaf_weight=114 100 129 81 152 109 494 84 92 613 98 90 116 115 217 83 97 102 86 103 185 81 82 102 168 135 85 81 135 93 110
leaf_count=114 100 129 81 152 109 494 84 92 613 98 90 116 115 217 83 97 102 86 103 185 81 82 102 168 135 85 81 135 93 110
internal_value=2.06895e-06 -0.000226401 0.00201674 0.00289727 0.000133996 -7.42684e-05 0.00104171 0.000637416 -0.000516171 -0.00087802 0.000597908 0.000441661 0.000248383 0.000491559 0.00155257 0.00108864 0.0017522 0.000234457 -0.000763437 -0.000920459 -0.00104868 -0.000745111 -0.000939998 -0.000394987 -0.00132184 -0.00102733 -0.000469171 -0.00169616 -0.00158909 -0.00149799
internal_weight=4332 3893 439 266 2508 2042 466 173 1100 1385 199 942 826 711 366 282 199 184 901 798 1201 574 492 270 627 357 166 270 222 191
internal_count=4332 3893 439 266 2508 2042 466 173 1100 1385 199 942 826 711 366 282 199 184 901 798 1201 574 492 270 627 357 166 270 222 191
is_linear=0
shrinkage=0.015492


Tree=80
num_leaves=28
num_cat=0
split_feature=81 1 12 26 13 48 3 14 86 55 85 58 60 86 85 48 41 55 85 58 59 48 51 83 48 76 51
split_gain=8.06906 3.69988 2.8896 2.83186 2.14572 2.56211 1.66178 1.58374 1.40328 1.29105 1.26122 1.09223 1.1091 1.16043 0.938993 0.703139 0.802534 0.589969 0.533845 0.520104 0.650346 0.492832 0.363721 0.361477 0.347162 0.266708 0.0178755
threshold=13.715546600422071 43.396425510512465 0.25000000000000011 104.54321834140354 -0.9330127018922193 88.117330649340616 21.599075228373216 22.040003545284268 253.25108515023535 0.04606633914167161 487.23292353359574 -0.96419758205060535 1.7697438863913322 311.83363266973964 445.33248009406094 88.528469845409759 20.383073694176151 0.058153524929220803 421.42668548297968 -0.018354594210780558 -0.11615414049889237 90.312217391861836 108.74596851967001 15.404156491225384 95.95433334337342 103.40643320570392 106.06769533978569
decision_type=2 2 2 2 2 2 2 2 2 2 2 2 2 2 2 2 2 2 2 2 2 2 2 2 2 2 2
left_child=4 2 3 8 5 -1 -6 15 9 -2 18 -5 13 -13 -10 16 25 -18 26 20 22 -22 -20 -21 -25 -4 -3
right_child=1 10 7 11 6 -7 -8 -9 14 -11 -12 12 -14 -15 -16 -17 17 -19 19 23 21 -23 -24 24 -26 -27 -28
leaf_value=0.001058563918713193 -0.00062011633677732064 -0.0020401023848600733 -0.00071551942296745963 -0.0012896450786214527 0.0022093684918675386 0.004154567904843867 -0.00078803925748122334 0.0011873422911066875 0.0036851614541608237 0.0019560412075084231 0.00093952862797241291 0.00022003550381547932 -0.0014449158597306473 0.0018513572444650861 0.0014922959765416169 -0.0019801787987270177 0.00074927718661449286 -0.00097980059082271331 -0.00057085821600640085 -0.0020140191268172964 -0.00066471300988583211 0.00076340751803549473 -0.0017770624746461317 -0.0011537762458292133 -6.0071425861661095e-05 -0.0019083566911619429 -0.0014858762390656387
leaf_weight=114 95 85 83 117 81 152 92 82 89 87 85 1198 84 112 110 152 106 81 180 99 102 127 91 447 83 112 86
leaf_count=114 95 85 83 117 81 152 92 82 89 87 85 1198 84 112 110 152 106 81 180 99 102 127 91 447 83 112 86
internal_value=2.08238e-06 -0.000222919 0.000132056 0.000432122 0.00198617 0.00285325 0.000627895 -0.000787185 0.00162045 0.000622006 -0.000864737 0.000129948 0.00025154 0.00036328 0.00251154 -0.00109523 -0.000730857 -2.67236e-06 -0.000984568 -0.000858198 -0.000480858 0.00012657 -0.000990454 -0.0011545 -0.000983897 -0.00141865 -0.00179072
internal_weight=4332 3893 2508 1892 439 266 173 616 381 182 1385 1511 1394 1310 199 534 382 187 1300 1129 500 229 271 629 530 195 171
internal_count=4332 3893 2508 1892 439 266 173 616 381 182 1385 1511 1394 1310 199 534 382 187 1300 1129 500 229 271 629 530 195 171
is_linear=0
shrinkage=0.015492


Tree=81
num_leaves=28
num_cat=0
split_feature=81 1 12 26 13 48 3 14 86 55 85 58 85 18 61 48 41 55 85 58 9 3 51 48 55 47 51
split_gain=7.82625 3.58832 2.80263 2.74767 2.08069 2.48458 1.61236 1.53645 1.36133 1.25259 1.22346 1.05934 0.911109 0.847532 1.01024 0.681763 0.77846 0.57238 0.518202 0.504145 0.522777 0.515341 0.486463 0.489533 0.262236 0.17203 0.017326
threshold=13.715546600422071 43.396425510512465 0.25000000000000011 104.54321834140354 -0.9330127018922193 88.117330649340616 21.599075228373216 22.040003545284268 253.25108515023535 0.04606633914167161 487.23292353359574 -0.96419758205060535 445.33248009406094 23.751217105123732 0.36192932329793598 88.528469845409759 20.383073694176151 0.058153524929220803 421.42668548297968 -0.018354594210780558 1.0000000180025095e-35 24.445085236496396 109.36670847371774 85.612359593885941 0.034906615092320896 92.552299817049956 106.06769533978569
decision_type=2 2 2 2 2 2 2 2 2 2 2 2 2 2 2 2 2 2 2 2 2 2 2 2 2 2 2
left_child=4 2 3 8 5 -1 -6 15 9 -2 18 -5 -10 14 -13 16 24 -18 26 22 21 -21 23 -20 -4 -22 -3
right_child=1 10 7 11 6 -7 -8 -9 12 -11 -12 13 -14 -15 -16 -17 17 -19 19 20 25 -23 -24 -25 -26 -27 -28
leaf_value=0.0010425635423832096 -0.00061078856440528837 -0.0020095196657150924 -0.00082339081293412997 -0.0012701396993621676 0.0021763011769470259 0.0040913867205042325 -0.00077619680498694683 0.0011695641714607732 0.0036298375931105692 0.0019266968527162764 0.00092544435184093105 0.00037791778933340492 0.0014697595978040822 0.0014606177785290962 -0.00062994843023894925 -0.0019500649310395552 0.00073797245677194919 -0.00096513604945684412 -0.0010773844433795159 -0.0012861699077160137 -0.0012248266444454721 -9.2739322851801521e-05 -0.0015076944053692323 9.2321889311525732e-05 -0.0019949029893490833 -0.0020520717441968209 -0.0014635934173583222
leaf_weight=114 95 85 103 117 81 152 92 82 89 87 85 956 110 123 315 152 106 81 118 182 149 165 87 295 92 133 86
leaf_count=114 95 85 103 117 81 152 92 82 89 87 85 956 110 123 315 152 106 81 118 182 149 165 87 295 92 133 86
internal_value=2.0564e-06 -0.000219534 0.000130048 0.000425564 0.00195606 0.00280991 0.000618516 -0.000775251 0.00159609 0.000612681 -0.000851601 0.000127914 0.00247377 0.000247663 0.000127215 -0.00107867 -0.000719865 -2.67723e-06 -0.000969625 -0.000845121 -0.00113684 -0.000724304 -0.000473608 -0.000246747 -0.00139727 -0.00163187 -0.00176388
internal_weight=4332 3893 2508 1892 439 266 173 616 381 182 1385 1511 199 1394 1271 534 382 187 1300 1129 629 347 500 413 195 282 171
internal_count=4332 3893 2508 1892 439 266 173 616 381 182 1385 1511 199 1394 1271 534 382 187 1300 1129 629 347 500 413 195 282 171
is_linear=0
shrinkage=0.015492


Tree=82
num_leaves=28
num_cat=0
split_feature=81 1 12 26 13 48 3 45 86 55 85 58 60 86 85 85 58 59 9 3 48 51 18 58 51 83 51
split_gain=7.59086 3.48057 2.71841 2.66593 2.01763 2.40939 1.56442 1.48304 1.32063 1.21527 1.18691 1.02747 1.06483 1.11601 0.884053 0.502938 0.488802 0.626559 0.507074 0.499729 0.473569 0.451918 0.669974 0.415981 0.347233 0.16809 0.0167931
threshold=13.715546600422071 43.396425510512465 0.25000000000000011 104.54321834140354 -0.9330127018922193 88.117330649340616 21.599075228373216 98.997706404703635 253.25108515023535 0.04606633914167161 487.23292353359574 -0.96419758205060535 1.7697438863913322 311.83363266973964 445.33248009406094 421.42668548297968 -0.018354594210780558 -0.11615414049889237 1.0000000180025095e-35 24.445085236496396 90.312217391861836 104.06148977535746 21.165688967439859 -0.022043353076336199 108.74596851967001 16.810251858874178 106.06769533978569
decision_type=2 2 2 2 2 2 2 2 2 2 2 2 2 2 2 2 2 2 2 2 2 2 2 2 2 2 2
left_child=4 2 3 8 5 -1 -6 21 9 -2 15 -5 13 -13 -10 26 17 24 19 -18 -19 22 23 -4 -17 -20 -3
right_child=1 10 7 11 6 -7 -8 -9 14 -11 -12 12 -14 -15 -16 16 18 20 25 -21 -22 -23 -24 -25 -26 -27 -28
leaf_value=0.0010268050050970057 -0.00060160106755853321 -0.0019793954154476352 -0.0018259265546570552 -0.0012509293397773981 0.0021437287828974219 0.004029166384533457 -0.00076453227580040503 0.0011216101003180636 0.0035753442489101991 0.0018977926555213606 0.00091157121817071578 0.00021288721592390694 -0.0014183723135637431 0.0018126691202869168 0.0014475635646005319 -0.00055672153475777825 -0.0012665509457343608 -0.00064607091032779849 -0.0022063190998307517 -9.1326939867542422e-05 0.00075387701068862221 -0.0019600919248354423 0.0002665121330309503 -0.00068662403299364519 -0.0017352541607652549 -0.0013204170748703445 -0.0014416447632055037
leaf_weight=114 95 85 134 117 81 152 92 84 89 87 85 1198 84 112 110 180 182 102 85 165 127 107 101 190 91 197 86
leaf_count=114 95 85 134 117 81 152 92 84 89 87 85 1198 84 112 110 180 182 102 85 165 127 107 101 190 91 197 86
internal_value=2.01652e-06 -0.000216215 0.000128078 0.00041912 0.00192641 0.00276722 0.000609276 -0.000763515 0.0015721 0.000603495 -0.00083872 0.00012593 0.000243864 0.000353357 0.00243656 -0.000954969 -0.000832311 -0.000466489 -0.00111956 -0.00071326 0.000129663 -0.00106571 -0.000828806 -0.00116987 -0.000966688 -0.0016071 -0.00173744
internal_weight=4332 3893 2508 1892 439 266 173 616 381 182 1385 1511 1394 1310 199 1300 1129 500 629 347 229 532 425 324 271 282 171
internal_count=4332 3893 2508 1892 439 266 173 616 381 182 1385 1511 1394 1310 199 1300 1129 500 629 347 229 532 425 324 271 282 171
is_linear=0
shrinkage=0.015492


Tree=83
num_leaves=26
num_cat=0
split_feature=82 51 84 46 12 51 72 35 38 10 51 30 1 57 10 55 48 50 42 62 21 21 63 59 63
split_gain=7.35835 3.08316 2.74917 2.01524 1.62956 1.7667 1.38521 1.33535 1.09338 1.01885 0.98546 1.3244 1.26624 1.18613 0.904156 0.904055 0.567091 0.519138 0.722323 0.449984 0.304394 0.764407 0.261779 0.145219 0.174899
threshold=24.226112651214205 103.02861248634481 158.17030313163016 95.204398110354376 0.25000000000000011 103.83549051902914 58.653905087908122 41.621031255722052 4.503476802110673 1.0000000180025095e-35 111.5206079276403 67.243766795264364 33.073918789757634 1.6323943577411273 1.0000000180025095e-35 0.11298587220544011 90.697467301068485 104.22736099455093 21.079205920696264 -0.011794369012394277 104.19051542282106 103.37345364676584 1.2271685885577923 -1.1614947613521662 1.127853447384078
decision_type=2 2 2 2 2 2 2 2 2 2 2 2 2 2 2 2 2 2 2 2 2 2 2 2 2
left_child=1 -1 20 7 5 -4 -6 8 9 15 12 16 13 -7 -14 -3 -12 18 19 -8 21 22 23 -2 -25
right_child=2 3 4 -5 6 10 17 -9 -10 -11 11 -13 14 -15 -16 -17 -18 -19 -20 -21 -22 -23 -24 24 -26
leaf_value=0.0038871402752851713 -0.001935481575103804 0.0031679114016170901 0.0017468149892939868 -0.00089981043494359017 0.0010779253401207601 -0.00019547065807702627 -0.00033618883778914488 -0.0003395537513815396 0.0033404706299924804 0.00019074234772931589 0.00051378903212383176 -0.00051773607116749267 3.6121955972855749e-05 0.0021344842069430598 -0.00072919946977469184 0.0010464132293328415 0.0020179546055306072 -0.0019925795045926866 0.0004910630243116584 -0.0015154118681042555 -0.0018297634708051794 0.00037544763752080177 -0.00054215156521358215 -0.00091105150743502755 -0.0016638248038365435
leaf_weight=104 87 89 150 106 83 102 122 83 86 115 107 132 859 104 648 111 143 109 83 222 116 88 132 228 123
leaf_count=104 87 89 150 106 83 102 122 83 86 115 107 132 859 104 648 111 143 109 83 222 116 88 132 228 123
internal_value=1.9781e-06 0.00146048 -0.000277151 0.001016 -5.5351e-05 0.000138843 -0.000757214 0.00143856 0.00180662 0.00136145 2.1461e-05 0.000729976 -0.000137434 0.000993433 -0.000293656 0.00202207 0.00138753 -0.00104574 -0.000792256 -0.00110363 -0.00109455 -0.00095749 -0.00116427 -0.00134686 -0.00118634
internal_weight=4332 694 3638 590 2864 2245 619 484 401 315 2095 382 1713 206 1507 200 250 536 427 344 774 658 570 438 351
internal_count=4332 694 3638 590 2864 2245 619 484 401 315 2095 382 1713 206 1507 200 250 536 427 344 774 658 570 438 351
is_linear=0
shrinkage=0.015492


Tree=84
num_leaves=28
num_cat=0
split_feature=81 66 12 51 51 14 45 57 39 51 26 86 40 34 25 41 66 75 85 80 28 58 76 21 21 25 22
split_gain=7.18049 3.28291 2.54267 2.69328 1.8294 1.49923 1.4075 1.11322 1.12267 1.08286 1.06761 1.44598 1.40527 0.855272 0.559941 0.650847 0.591256 0.422258 0.419588 0.399837 0.43254 0.37205 0.242884 0.228599 0.443651 0.209118 0.0824048
threshold=13.715546600422071 -0.54950201776293983 0.25000000000000011 103.27412696114295 104.43718461124986 22.040003545284268 96.286710942321363 1.2095804080389725 4.3220428352885811 103.70615137894951 104.54321834140354 254.41021680819713 22.325252848907756 33.464715456432778 89.471991564432784 20.383073694176151 -66.271683946185632 63.037636384566632 421.42668548297968 8.993910775749848 108.21617212507461 -0.074461807707949731 103.342137006455 104.05926787588332 102.4864878262414 88.623210044437045 101.05535439385308
decision_type=2 2 2 2 2 2 2 2 2 2 2 2 2 2 2 2 2 2 2 2 2 2 2 2 2 2 2
left_child=4 2 3 -2 6 14 9 8 13 -1 11 -9 -12 -5 15 22 -17 -10 -3 23 21 -21 -4 24 26 -22 -20
right_child=1 18 5 7 -6 -7 -8 10 17 -11 12 -13 -14 -15 -16 16 -18 -19 19 20 25 -23 -24 -25 -26 -27 -28
leaf_value=0.00022050030548777561 0.0027652353610411622 -0.0016525705647746837 -0.00068542747990989444 0.00069351639459452029 0.00017776041218795443 0.0011453463678768785 0.003518300813137005 4.7626515141883416e-05 0.00092159374060402251 0.0026893414520529724 -0.00031537378630184929 0.0027272705459613711 0.00085415235856315861 -0.00099692430276278657 -0.0018890817680868633 0.0008356469427162242 -0.00082909857389599194 -0.00012187131296890975 -0.0009259869127612217 0.0007718766866370814 -0.0015381772804263269 -0.00049686582167637666 -0.001812138765184402 -0.0017913908512360419 -0.00019343670456734285 -0.00048443915972586353 -0.0014778242815654398
leaf_weight=87 101 160 81 85 114 82 156 86 193 82 462 108 523 405 146 84 122 176 144 94 82 127 123 88 143 106 172
leaf_count=87 101 160 81 85 114 82 156 86 193 82 462 108 523 405 146 84 122 176 144 94 82 127 123 88 143 106 172
internal_value=2.01435e-06 -0.000210236 7.51118e-05 0.000331221 0.00187367 -0.000781061 0.00246158 0.00020687 -0.000216848 0.00144358 0.000515437 0.00155767 0.000306185 -0.000701197 -0.00106971 -0.000766724 -0.000147714 0.000426533 -0.000918748 -0.000791307 -0.000420262 4.53344e-05 -0.00138076 -0.00106498 -0.00091535 -0.000960572 -0.00123713
internal_weight=4332 3893 2777 2139 439 638 325 2038 859 169 1179 194 985 490 556 410 206 369 1116 956 409 221 204 547 459 188 316
internal_count=4332 3893 2777 2139 439 638 325 2038 859 169 1179 194 985 490 556 410 206 369 1116 956 409 221 204 547 459 188 316
is_linear=0
shrinkage=0.015492


Tree=85
num_leaves=24
num_cat=0
split_feature=78 2 12 26 61 26 14 53 48 38 10 26 66 26 85 53 71 32 14 9 12 84 55
split_gain=6.9394 2.72298 2.39102 2.49753 2.12252 1.63702 1.11127 0.942618 0.990892 0.856487 0.767966 1.42721 1.15211 0.524765 0.402002 0.339263 0.359996 0.437605 0.179951 0.176465 0.174796 0.0943749 0.0833513
threshold=57.227969041665389 38.719038755628809 0.25000000000000011 103.42163519223534 -1.3367545872666253 102.7517790359921 21.860203025076121 0.088531434215583169 88.117330649340616 4.4929026292430043 1.0000000180025095e-35 105.14113608996074 -75.207086007330162 104.21196401172215 406.64461134389944 0.21894507457652027 33.113213439782463 67.929299406475465 20.80421214712992 0.37940952255126048 -0.93301270189221908 418.32778068045383 0.10492780447349988
decision_type=2 2 2 2 2 2 2 2 2 2 2 2 2 2 2 2 2 2 2 2 2 2 2
left_child=4 15 3 -3 -1 -6 14 -7 -9 10 11 -5 -12 -10 -4 16 -2 19 21 -18 -17 -16 -22
right_child=1 2 6 9 5 7 -8 8 13 -11 12 -13 -14 -15 18 20 17 -19 -20 -21 22 -23 -24
leaf_value=-0.00013413756271470615 -0.0013902139319683824 0.0023444745419401868 -0.00046650860342326917 0.0017670927759344155 0.0038655172486647574 6.372846420309084e-05 0.00073643143767840042 0.00045283512238918175 0.0030257702013193129 0.001562181611806171 0.00056055116758998123 8.3397895377577706e-05 -0.00064604200204371556 0.00139931785276564 -0.001392133272872294 -0.0008515331611715992 -0.00042455676572257669 0.00023732084668331142 -0.00097750966944090646 -0.0014193209956896793 -0.0012189559390178724 -0.0021492720201481612 -0.0018588339829460931
leaf_weight=145 135 121 151 135 90 82 85 82 144 87 261 983 677 83 135 124 89 133 150 87 117 87 149
leaf_count=145 135 121 151 135 90 82 85 82 144 87 261 983 677 83 135 124 89 133 150 87 117 87 149
internal_value=2.00411e-06 -0.000253124 -2.64764e-05 0.000205328 0.00150685 0.0019996 -0.000886725 0.00154509 0.00193375 8.1559e-05 1.67935e-05 0.00029075 -0.000309533 0.00245611 -0.00115325 -0.00103077 -0.000729534 -0.000430566 -0.00142612 -0.00093152 -0.00136573 -0.00171266 -0.00159357
internal_weight=4332 3706 2872 2264 626 481 608 391 309 2143 2056 1118 938 227 523 834 444 309 372 176 390 222 266
internal_count=4332 3706 2872 2264 626 481 608 391 309 2143 2056 1118 938 227 523 834 444 309 372 176 390 222 266
is_linear=0
shrinkage=0.015492


Tree=86
num_leaves=25
num_cat=0
split_feature=81 1 12 26 13 48 16 14 18 42 85 58 18 35 48 41 55 48 58 14 11 55 65 64
split_gain=6.7682 3.12869 2.41622 2.38369 1.851 2.30493 1.44133 1.36635 1.20584 1.63713 1.11155 0.979984 0.787535 0.720695 0.632732 0.693445 0.547881 0.466716 0.473537 0.558904 0.595233 0.246603 0.200703 0.190946
threshold=13.715546600422071 43.396425510512465 0.25000000000000011 104.54321834140354 -0.9330127018922193 88.117330649340616 21.19588819238874 22.040003545284268 21.086030514240267 20.40102671885932 487.23292353359574 -0.96419758205060535 23.751217105123732 35.369164548450051 88.528469845409759 20.383073694176151 0.058153524929220803 96.414699770256334 -0.018354594210780558 24.445085236496396 -0.22252093395631442 0.034906615092320896 63.632542145517142 0.2552560778981095
decision_type=2 2 2 2 2 2 2 2 2 2 2 2 2 2 2 2 2 2 2 2 2 2 2 2
left_child=4 2 3 8 5 -1 -6 14 9 -2 17 -5 13 -13 15 21 -17 18 19 20 -3 -4 -20 -24
right_child=1 10 7 11 6 -7 -8 -9 -10 -11 -12 12 -14 -15 -16 16 -18 -19 22 -21 -22 -23 23 -25
leaf_value=0.00092478188618091582 0.00083173851548435729 -0.0014873523726704919 -0.00074451174088810586 -0.0012251395069156261 0.0020311908813272807 0.0038581755144592154 -0.00075997374881369686 0.0011155606460783172 0.0004168808845385223 0.0034766309558470622 0.0008992587329412499 -0.00041216256772002706 0.0014039210709825625 0.00037378379205764889 -0.0018434939230955573 0.00074181560557914981 -0.00092443446352278756 -4.9688423564606047e-05 -0.0020036087968374854 0.00051218351017386478 -0.00034652705308444516 -0.0018768418386548825 -0.0018612305227243711 -0.0010361838491639386
leaf_weight=114 112 202 103 117 81 152 92 82 154 115 85 412 123 859 152 106 81 137 86 81 242 92 84 468
leaf_count=114 112 202 103 117 81 152 92 82 154 115 85 412 123 859 152 106 81 137 86 81 242 92 84 468
internal_value=2.00494e-06 -0.000204061 0.000122362 0.000396751 0.00181913 0.0026244 0.000558077 -0.000718215 0.001487 0.00219846 -0.000794262 0.000119511 0.000234695 0.000118596 -0.00100438 -0.000659122 1.65719e-05 -0.00090678 -0.0010073 -0.000656587 -0.000871907 -0.00129847 -0.00129157 -0.00117078
internal_weight=4332 3893 2508 1892 439 266 173 616 381 227 1385 1511 1394 1271 534 382 187 1300 1163 525 444 195 638 552
internal_count=4332 3893 2508 1892 439 266 173 616 381 227 1385 1511 1394 1271 534 382 187 1300 1163 525 444 195 638 552
is_linear=0
shrinkage=0.015492


Tree=87
num_leaves=26
num_cat=0
split_feature=81 1 12 27 13 48 18 45 32 72 85 61 61 85 58 59 9 47 48 27 18 58 58 63 47
split_gain=6.56442 3.03383 2.34351 2.33883 1.7949 2.23519 1.39973 1.33697 1.15414 1.20554 1.0782 1.0485 0.721439 0.460316 0.447697 0.594927 0.481866 0.469551 0.447977 0.431884 0.581893 0.413124 0.365048 0.308297 0.17603
threshold=13.715546600422071 43.396425510512465 0.25000000000000011 103.42051407178245 -0.9330127018922193 88.117330649340616 21.004659698274395 98.997706404703635 70.598348055945522 63.777416096197207 487.23292353359574 -0.28871847832644087 0.36192932329793598 421.42668548297968 -0.018354594210780558 -0.11615414049889237 1.0000000180025095e-35 90.608206237510416 90.312217391861836 104.47414156172012 21.130144845379728 0.0030031657329310239 -0.022043353076336199 1.1835023946530312 92.552299817049956
decision_type=2 2 2 2 2 2 2 2 2 2 2 2 2 2 2 2 2 2 2 2 2 2 2 2 2
left_child=4 2 3 -2 5 -1 -6 19 9 11 13 -5 -11 -3 15 23 17 -16 -17 20 22 -10 -4 -15 -18
right_child=1 10 7 8 6 -7 -8 -9 21 12 -12 -13 -14 14 16 18 24 -19 -20 -21 -22 -23 -24 -25 -26
leaf_value=0.00091080363173659301 0.0022028321200876773 -0.0016412344663383582 -0.0016886207085760596 -0.00034413378756671632 0.0020014478923679082 0.0037995017518083311 -0.00074913435103331335 0.0010822519132343256 0.00060531410533544959 -1.5491890284606552e-05 0.00088577814291371443 0.00099033652191132132 -0.0010066224978822998 -0.0013205880545754699 -0.0012704876658291479 -0.00060006363237109133 -0.00111950384163849 -0.00012890704607642243 0.000761640688884637 -0.0018883887133893337 0.00025364333288089338 0.002091287123146469 -0.0006296154344277127 -0.00024059496012796016 -0.0019467155166771962
leaf_weight=114 154 171 137 201 81 152 92 84 91 651 85 463 239 167 158 102 149 189 127 103 101 93 191 104 133
leaf_count=114 154 171 137 201 81 152 92 84 91 651 85 463 239 167 158 102 149 189 127 103 101 93 191 104 133
internal_value=1.99371e-06 -0.000200946 0.00012049 0.000390719 0.00179156 0.00258453 0.000549741 -0.000707342 0.000226768 8.8226e-05 -0.000782131 0.0005865 -0.000284105 -0.000892948 -0.000775698 -0.000425788 -0.00105054 -0.000655055 0.000154816 -0.000994323 -0.000768445 0.00137723 -0.00108292 -0.000913246 -0.00152548
internal_weight=4332 3893 2508 1892 439 266 173 616 1738 1554 1385 664 890 1300 1129 500 629 347 229 532 429 184 328 271 282
internal_count=4332 3893 2508 1892 439 266 173 616 1738 1554 1385 664 890 1300 1129 500 629 347 229 532 429 184 328 271 282
is_linear=0
shrinkage=0.015492


Tree=88
num_leaves=32
num_cat=0
split_feature=81 66 13 48 81 22 51 16 18 64 35 45 74 5 64 72 86 58 48 77 11 59 51 58 43 48 45 11 22 60 77
split_gain=6.36685 2.94369 1.74051 2.16756 1.66897 1.94625 1.58434 1.36071 1.19765 1.01948 1.35451 0.857121 0.895627 0.832919 0.942058 0.788967 0.646345 0.572254 0.449873 0.600925 0.545151 0.471025 0.42706 0.447895 0.419558 0.402753 0.359988 0.315158 0.34205 0.19203 0.0582393
threshold=13.715546600422071 -0.54950201776293983 -0.9330127018922193 88.117330649340616 14.443606323064529 90.949472476111524 106.64824059963227 21.19588819238874 21.410779635906231 0.26584334007694577 35.879860951105762 97.998677245246071 102.85748162733185 4.039141877293587 0.23823162679163651 63.777416096197207 267.6097429168517 -0.066288816708103923 89.510428119147278 36.198723558187488 -0.22252093395631442 0.14444283127780724 108.91569170886677 -0.029976798858907468 95.985471149020739 81.216899391280307 95.954380593918003 1.0000000180025095e-35 102.67092571152581 0.65876675680833341 35.212641567720318
decision_type=2 2 2 2 2 2 2 2 2 2 2 2 2 2 2 2 2 2 2 2 2 2 2 2 2 2 2 2 2 2 2
left_child=2 4 3 -1 5 -2 9 -4 17 16 -11 -10 -13 -8 -15 -16 24 -7 20 27 30 25 23 -21 -6 -22 -19 28 -20 -18 -3
right_child=1 18 7 -5 6 8 13 -9 11 10 -12 12 -14 14 15 -17 29 26 19 22 21 -23 -24 -25 -26 -27 -28 -29 -30 -31 -32
leaf_value=0.0008970366828905806 -0.00098295203734146373 -0.0014122426204321733 0.0019728678738230839 0.0037417202772852946 -8.7546108985787698e-05 0.002967626031093888 0.0014916647966056137 -0.00073909241548267995 -0.00062677285314050957 0.001661703255990844 -0.0010296560002153233 0.0022653227086551196 0.00016862079062804832 0.0015225044139422371 0.00075626578448879348 -0.00026787323166322865 -0.0012341363798287386 0.0020158139001436389 -0.0011273443116204538 0.0012578263157981616 -0.001151417737807819 -0.001620502641346696 -0.00088696328429342176 -0.00034273875202944288 -0.0013410808219688273 0.00024541353403967944 0.00057600305341370961 -0.0015156974149070708 8.8844161800360509e-05 -0.00215477940658619 -0.002108889290662829
leaf_weight=114 127 81 81 152 204 82 104 92 109 88 86 83 115 95 223 897 217 91 122 82 82 104 81 81 91 117 81 151 99 84 116
leaf_count=114 127 81 81 152 204 82 104 92 109 88 86 83 115 95 223 897 217 91 122 82 82 104 81 81 91 117 81 151 99 84 116
internal_value=1.97135e-06 -0.000197891 0.0017644 0.00254527 7.23098e-05 0.000732467 -0.000145766 0.000541531 0.00112396 -0.000702843 0.000335822 0.000465498 0.0010676 0.000180186 6.46369e-05 -6.24833e-05 -0.00100638 0.00190552 -0.000868801 -0.0005839 -0.00121434 -0.000789346 1.39333e-05 0.000469678 -0.000483632 -0.000337835 0.00135865 -0.000973396 -0.00058793 -0.0015091 -0.00184705
internal_weight=4332 3893 439 266 2777 688 2089 173 561 770 174 307 198 1319 1215 1120 596 254 1116 616 500 303 244 163 295 199 172 372 221 301 197
internal_count=4332 3893 439 266 2777 688 2089 173 561 770 174 307 198 1319 1215 1120 596 254 1116 616 500 303 244 163 295 199 172 372 221 301 197
is_linear=0
shrinkage=0.015492


Tree=89
num_leaves=25
num_cat=0
split_feature=82 84 50 54 42 32 50 82 32 44 42 78 64 1 24 60 54 17 76 21 45 63 0 22
split_gain=6.14348 2.33338 2.31575 1.16228 1.6227 1.01988 1.15103 1.11581 1.05218 1.83266 1.01305 0.896473 0.767989 1.03353 0.745478 0.674788 0.603504 0.536224 0.348023 0.284208 0.853523 0.265513 0.0899221 0.129835
threshold=24.226112651214205 158.17030313163016 104.46714807634002 0.02617248263713726 21.14295786332201 58.048885229958437 111.3992566838088 26.367275229973014 64.730598380830585 98.25943334491167 20.432764543405295 65.910650392240953 0.26584334007694577 39.108522839546211 97.7051400672065 -0.77228569962361593 0.059501309939808712 22.035588152143692 110.60965744111273 104.19051542282106 103.59043015753782 1.2271685885577923 86.403966320885587 101.05535439385308
decision_type=2 2 2 2 2 2 2 2 2 2 2 2 2 2 2 2 2 2 2 2 2 2 2 2
left_child=2 19 3 -1 10 -3 7 11 -8 18 -5 14 17 -14 -7 -13 -4 -9 -10 20 21 22 -2 -24
right_child=1 5 16 4 -6 6 8 12 9 -11 -12 15 13 -15 -16 -17 -18 -19 -20 -21 -22 -23 23 -25
leaf_value=0.0035251351553986241 -0.0017541946276397149 0.0015948134004380552 0.00090900289788264422 0.0012137579224743855 0.0003231694404428069 -0.00030196907476240516 0.0017055015436834931 -0.00078171114006107237 -0.00021725706010770424 0.0014600468367244671 0.0034013228080827596 0.00018268890910854211 0.0018919786974141534 -0.00013992140437131114 0.0011458014839127761 -0.0012332557712446434 -0.0006355167588599737 0.00058407938885912821 -0.0016149737490549622 -0.0017152135733619616 0.00048836388108894097 -0.00046446297736793947 -0.00080011351246996032 -0.0014309573619590982
leaf_weight=92 88 85 112 98 151 1214 142 150 83 131 115 99 138 104 89 418 126 123 88 116 93 128 161 188
leaf_count=92 88 85 112 98 151 1214 142 150 83 131 115 99 138 104 89 418 126 123 88 116 93 128 161 188
internal_value=1.97033e-06 -0.000253076 0.00133465 0.00197787 0.00156228 -4.8736e-05 -0.000100616 -0.000238247 0.000619902 9.80243e-05 0.00242448 -0.000418318 0.000396753 0.00102692 -0.000200735 -0.000962431 9.30991e-05 -0.000166357 -0.000951699 -0.00100613 -0.00087415 -0.0010999 -0.00128162 -0.001149
internal_weight=4332 3638 694 456 364 2864 2779 2335 444 302 213 1820 515 242 1303 517 238 273 171 774 658 565 437 349
internal_count=4332 3638 694 456 364 2864 2779 2335 444 302 213 1820 515 242 1303 517 238 273 171 774 658 565 437 349
is_linear=0
shrinkage=0.015492


Tree=90
num_leaves=24
num_cat=0
split_feature=78 2 12 26 61 26 14 25 65 50 48 48 64 41 23 21 45 5 63 83 48 61 21
split_gain=5.9821 2.37974 2.12883 2.26806 1.8768 1.57049 1.01557 0.817951 0.917317 0.920776 0.733357 0.941665 0.421099 0.449541 0.368228 0.367689 0.919593 0.36151 0.243803 0.207191 0.206379 0.17635 0.137197
threshold=57.227969041665389 38.719038755628809 0.25000000000000011 103.42163519223534 -1.3367545872666253 102.7517790359921 21.860203025076121 97.7051400672065 -0.53223058064777706 111.3992566838088 87.385561214552993 92.797930649828047 0.25582316005886502 20.383073694176151 80.060161130693203 104.05926787588332 103.93125711997351 4.4393762592474637 1.2271685885577923 -0.19782742352007579 95.236315003854273 -1.9463883590216999 99.902872203191137
decision_type=2 2 2 2 2 2 2 2 2 2 2 2 2 2 2 2 2 2 2 2 2 2 2
left_child=4 15 3 -3 -1 -6 12 8 14 -10 -7 17 19 -14 -5 16 18 -12 20 -4 22 -21 -2
right_child=1 2 6 7 5 10 -8 -9 9 -11 11 -13 13 -15 -16 -17 -18 -19 -20 21 -22 -23 -24
leaf_value=-0.00014352240364095886 -0.0019056848862573914 0.002234255108563139 -0.00072981963958064131 0.00026936685908145945 0.0036882605150330627 0.00019156478812450505 0.00071671676429588813 0.0015331977699597074 -0.00027211921665706038 0.00055120319505445805 0.0017083274773331458 0.00064513578407349127 -0.0011525042288872494 0.00033265213111483244 0.0016658377289008044 -0.0016919361122972043 0.00072084670966911983 0.0031789624170284851 -0.00037909509288118476 -0.0022636841912939323 -0.00050524992562357696 -0.0013157866380865673 -0.0011545505058430691
leaf_weight=145 83 121 85 83 90 91 85 86 1456 417 97 113 109 85 101 138 81 90 121 82 97 162 314
leaf_count=145 83 121 85 83 90 91 85 86 1456 417 97 113 109 85 101 138 81 90 121 82 97 162 314
internal_value=2.01431e-06 -0.000234862 -2.29798e-05 0.000195742 0.00139921 0.00186257 -0.000834698 7.77944e-05 1.48721e-05 -8.82124e-05 0.00141854 0.00178513 -0.00108952 -0.000505935 0.00105006 -0.000961846 -0.000810669 0.00245358 -0.00101491 -0.00142609 -0.00116741 -0.00165709 -0.00132424
internal_weight=4332 3706 2872 2264 626 481 608 2143 2057 1873 391 300 523 194 184 834 696 187 615 329 494 244 397
internal_count=4332 3706 2872 2264 626 481 608 2143 2057 1873 391 300 523 194 184 834 696 187 615 329 494 244 397
is_linear=0
shrinkage=0.015492


Tree=91
num_leaves=27
num_cat=0
split_feature=81 1 12 26 13 48 18 14 53 85 58 60 40 34 48 18 60 58 59 46 11 11 9 47 40 48
split_gain=5.85679 2.7423 2.13398 2.14291 1.64057 2.08192 1.27456 1.23805 1.21561 0.997021 0.938428 1.02144 0.895252 0.712626 0.600967 0.583368 0.449874 0.494812 0.511037 0.585706 0.421175 0.410919 0.351504 0.580263 0.294317 0.126431
threshold=13.715546600422071 43.396425510512465 0.25000000000000011 104.54321834140354 -0.9330127018922193 88.117330649340616 21.004659698274395 22.040003545284268 0.11136129029890386 487.23292353359574 -0.96419758205060535 1.7697438863913322 23.184802175186306 33.073918789757634 88.528469845409759 20.908161899778587 -2.7563960160149459 -0.013034701325278062 -0.11615414049889237 90.807096752846903 -0.22252093395631442 -0.22252093395631442 1.0000000180025095e-35 90.856464203551965 20.414107399869852 92.093975624684944
decision_type=2 2 2 2 2 2 2 2 2 2 2 2 2 2 2 2 2 2 2 2 2 2 2 2 2 2
left_child=4 2 3 8 5 -1 -6 14 -2 16 -5 12 -12 -10 15 24 -3 18 21 -20 -15 -18 23 -19 -4 -24
right_child=1 9 7 10 6 -7 -8 -9 13 -11 11 -13 -14 20 -16 -17 17 22 19 -21 -22 -23 25 -25 -26 -27
leaf_value=0.0008365140073272818 -0.00010860995409820335 -0.0018299099514691888 -0.0014020797138940212 -0.0012048532401413431 0.0018910486275275787 0.0036227867383139909 -0.0007334362486519898 0.0010713882494357797 0.0030434382527096738 0.000861518338344196 0.00011137858773443937 -0.0014042396671947394 0.0010778620254380635 0.00067245342700223809 -0.001763882091090696 0.00031761102731551262 -0.0014518147000915995 -0.0013027840573075137 -0.00051706818289491609 0.00099469910405132478 0.0021324500974356534 -0.00026742054469999787 -0.0011314894189646456 -7.4623986579568265e-05 -0.00034014348098163543 -0.0018318306864622729
leaf_weight=114 95 102 165 117 81 152 92 82 90 85 1015 84 295 108 152 113 137 189 146 102 88 145 176 179 104 124
leaf_count=114 95 102 165 117 81 152 92 82 90 85 1015 84 295 108 152 113 137 189 146 102 88 145 176 179 104 124
internal_value=2.04357e-06 -0.000189645 0.000115954 0.000373821 0.00169241 0.00245046 0.00050557 -0.000674002 0.00140754 -0.000742202 0.000110957 0.000223684 0.000330951 0.00190757 -0.000946438 -0.00061032 -0.000848779 -0.000761037 -0.000404105 0.00010858 0.00134951 -0.000851871 -0.00104119 -0.000710779 -0.00099969 -0.00143573
internal_weight=4332 3893 2508 1892 439 266 173 616 381 1385 1511 1394 1310 286 534 382 1300 1198 530 248 196 282 668 368 269 300
internal_count=4332 3893 2508 1892 439 266 173 616 381 1385 1511 1394 1310 286 534 382 1300 1198 530 248 196 282 668 368 269 300
is_linear=0
shrinkage=0.015492


Tree=92
num_leaves=29
num_cat=0
split_feature=81 33 70 13 48 16 14 81 85 30 72 79 45 79 38 3 79 74 33 48 65 75 11 59 56 37 61 30
split_gain=5.68049 2.64781 1.77825 1.59086 2.02915 1.23807 1.19279 1.12355 0.969875 0.786195 0.781701 0.77489 0.750846 0.721302 0.701352 0.635306 0.510239 0.495775 0.44995 0.446606 0.595222 0.680785 0.44397 0.338869 0.283167 0.131861 0.0776153 0.0454002
threshold=13.715546600422071 44.070790095859117 0.50675346268547383 -0.9330127018922193 89.671685168389942 21.19588819238874 22.083862070507479 14.118228284677128 487.23292353359574 60.616361540158593 84.867701611121547 103.08663442764018 91.135175736745197 105.41491172817017 4.1120805350277152 21.45355798880259 107.84334437198113 102.85748162733185 104.87899454116823 89.510428119147278 72.470795522795797 60.925697674883729 -0.22252093395631442 0.11864484915027164 1.6183603147095023 35.03345348305173 -4.7390830004215365 88.45660787264508
decision_type=2 2 2 2 2 2 2 2 2 2 2 2 2 2 2 2 2 2 2 2 2 2 2 2 2 2 2 2
left_child=3 2 6 4 -1 -5 7 12 18 -4 16 -8 -2 -13 -15 -11 -9 -14 24 22 21 -21 27 -24 26 -22 -3 -20
right_child=1 8 9 5 -6 -7 11 10 -10 15 -12 13 17 14 -16 -17 -18 -19 19 20 25 -23 23 -25 -26 -27 -28 -29
leaf_value=0.0011038898269459081 -0.00067521576455317018 -0.0021136057899189156 0.0020431872944897678 0.0018635248751705899 0.0038321182298165285 -0.00072310327488865666 0.0017789852377403043 -0.00097286593953996466 0.00084860350078231174 -0.00029050061084039103 0.00082435845412716358 -0.00098659756165829482 0.0019364360459053281 0.0015672021827533506 0.00019968487901843158 0.0014170552066171611 -0.0001661109000414365 0.00029264765478057974 -0.0013114159445202869 -0.00084541012467754498 -0.00066742903042362031 0.00057642222974975583 -0.0001882849411349572 -0.0014187812722903038 -0.00070323593430779603 -0.0014061732524842162 -0.0013522451991990348 -0.0019699768406889234
leaf_weight=141 81 88 137 81 125 92 82 636 85 108 82 101 85 102 647 97 269 91 83 129 165 206 153 81 104 98 96 87
leaf_count=141 81 88 137 81 125 92 82 636 85 108 82 101 85 102 647 97 269 91 83 129 165 206 153 81 104 98 96 87
internal_value=2.02354e-06 -0.000186758 0.000111853 0.00166675 0.00241324 0.000498019 -5.18408e-05 -0.00036547 -0.000732763 0.00114547 -0.000602847 0.000366525 0.000542451 0.000224686 0.000391253 0.000525368 -0.000734436 0.00110517 -0.000838666 -0.000679909 -0.000407747 2.61436e-05 -0.00107688 -0.000626512 -0.00137867 -0.000955124 -0.00174346 -0.0016758
internal_weight=4332 3893 2518 439 266 173 2176 1244 1375 342 987 932 257 850 749 205 905 176 1290 1002 598 335 404 234 288 263 184 170
internal_count=4332 3893 2518 439 266 173 2176 1244 1375 342 987 932 257 850 749 205 905 176 1290 1002 598 335 404 234 288 263 184 170
is_linear=0
shrinkage=0.015492


Tree=93
num_leaves=28
num_cat=0
split_feature=81 66 12 51 51 32 45 60 81 11 61 58 48 63 60 27 18 58 59 23 11 58 67 59 74 48 14
split_gain=5.50978 2.57085 2.03548 2.27371 1.54476 1.33659 1.23931 1.16918 1.11184 1.10606 0.877666 0.812519 0.769056 1.11735 0.418713 0.407616 0.543971 0.389468 0.372463 0.411965 0.360227 0.303354 0.272603 0.236341 0.34375 0.245401 0.089799
threshold=13.715546600422071 -0.54950201776293983 0.25000000000000011 103.27412696114295 103.08199616847217 70.598348055945522 98.997706404703635 -0.95607300356582658 15.177449049336337 1.0000000180025095e-35 -0.56683090695628013 0.13576178309344303 89.724897536436728 1.0240957883678379 -2.7563960160149459 104.47414156172012 21.130144845379728 1.0000000180025095e-35 -0.11615414049889237 87.083280777401413 -0.22252093395631442 -0.022043353076336199 -0.0026544708675828583 0.057806616006104157 33.424091186689012 89.930029469949247 24.701316663953996
decision_type=2 2 2 2 2 2 2 2 2 2 2 2 2 2 2 2 2 2 2 2 2 2 2 2 2 2 2
left_child=4 2 3 -2 -1 8 15 -6 9 -5 -10 22 -9 -14 -3 16 21 18 20 -20 -16 -4 -7 24 -19 -26 -25
right_child=1 14 6 5 7 11 -8 12 10 -11 -12 -13 13 -15 17 -17 -18 23 19 -21 -22 -23 -24 26 25 -27 -28
leaf_value=0.0035039851986767702 0.0025341413738062665 -0.0017866194069531978 -0.0015936016807126328 -6.4336614295105738e-05 -0.00037425322192624101 -0.00013254785516300015 0.0010304497904409726 0.00042973534269629559 0.0010777567543090517 0.00099280557116103755 -0.00057215734948848243 0.0022614066445337611 0.00095269399501314415 0.00339404370107993 -0.0013895580777035683 -0.0017750977034763772 0.00025282813434368258 -0.0013717169154758558 -0.00071427520040344601 0.00065487630582032738 -0.00017781006662602713 -0.00063535841024020881 0.0011226242043207389 -0.0015893960398305862 -0.00093548275910184503 0.0001065868870583236 -0.00089208026943248951
leaf_weight=84 101 95 137 562 87 81 84 84 84 408 719 103 90 94 117 116 101 118 86 127 118 200 81 154 91 127 83
leaf_count=84 101 95 137 562 87 81 84 84 84 408 719 103 90 94 117 116 101 118 86 127 118 200 81 154 91 127 83
internal_value=2.01625e-06 -0.000183907 6.86008e-05 0.00029775 0.00164154 0.0001835 -0.000697434 0.00117627 2.93073e-05 0.000381828 -0.000396262 0.00120355 0.00167858 0.00223303 -0.000810891 -0.000963504 -0.000738304 -0.00071531 -0.000369375 9.95385e-05 -0.000790872 -0.00103524 0.000503037 -0.000982469 -0.000707436 -0.000334446 -0.00135902
internal_weight=4332 3893 2777 2139 439 2038 638 355 1773 970 803 265 268 184 1116 554 438 1021 448 213 235 337 162 573 336 218 237
internal_count=4332 3893 2777 2139 439 2038 638 355 1773 970 803 265 268 184 1116 554 438 1021 448 213 235 337 162 573 336 218 237
is_linear=0
shrinkage=0.015492


Tree=94
num_leaves=31
num_cat=0
split_feature=81 66 13 48 81 22 3 79 42 45 38 34 59 70 23 24 60 44 30 8 60 65 48 38 62 62 35 22 22 60
split_gain=5.34535 2.49409 1.51346 1.94886 1.43976 1.80008 1.19805 1.15633 1.10955 1.12348 0.979645 1.15087 0.899955 0.887784 0.858686 0.669499 0.918721 0.489064 0.655945 0.50117 0.406239 0.446184 0.440917 0.644388 0.364296 0.291288 0.286708 0.19642 0.274295 0.0926475
threshold=13.715546600422071 -0.54950201776293983 -0.9330127018922193 88.117330649340616 14.443606323064529 90.949472476111524 21.599075228373216 106.27675613482792 21.126706485284704 97.998677245246071 3.9794524870647332 36.149740814103019 0.042790484031023375 0.56827533404032959 90.536178386476308 93.604779947068963 0.50734268528444926 101.86140470010264 64.853506586286784 -1.0000000180025095e-35 -2.7563960160149459 70.992985871251449 89.930029469949247 4.3327953934669532 -0.00051239193836760666 0.0071523592940065947 107.07498344633315 104.10049565739104 102.67092571152581 -0.65962807134346224
decision_type=2 2 2 2 2 2 2 2 2 2 2 2 2 2 2 2 2 2 2 2 2 2 2 2 2 2 2 2 2 2
left_child=2 4 3 -1 5 -2 -4 10 14 -10 11 -6 -11 24 -7 17 -17 18 -9 -19 -3 22 25 26 -12 -22 -24 28 29 -23
right_child=1 20 6 -5 7 8 -8 15 9 12 13 -13 -14 -15 -16 16 -18 19 -20 -21 21 27 23 -25 -26 -27 -28 -29 -30 -31
leaf_value=0.00078424643361139771 -0.00096870129147089644 -0.0017597450762182774 0.001820506896530864 0.0034790792586659393 0.0013510370144975341 0.0010426597823627822 -0.00072382088993622998 0.00041284136452653895 -0.00060633154276749012 0.0019064335124886556 -0.0015952737364068519 -0.00095375474302847199 -8.7820440930258271e-05 0.00053547210918449765 0.0031153140785884193 0.0018194434106284334 -5.7781351792410633e-05 0.0012686844283224445 -0.00052641395328183139 -5.3596320163943385e-05 -0.00034992660969591466 -0.0014865352753248389 8.63923919027924e-06 -0.00092487285272745568 -0.00072134520934189579 -0.0014291974812139299 0.0013024217250068386 -0.0017112340586547502 -0.00018983637163341361 -0.00089490802517411326
leaf_weight=114 127 95 81 152 111 113 92 263 130 146 259 93 85 81 87 120 127 121 541 154 137 107 81 94 219 108 81 84 107 222
leaf_count=114 127 95 81 152 111 113 92 263 130 146 259 93 85 81 87 120 127 121 541 154 137 107 81 94 219 108 81 84 107 222
internal_value=2.02784e-06 -0.0001811 0.0016169 0.00234498 6.76093e-05 0.000680763 0.000477121 -0.000134938 0.00105733 0.000536827 -0.000614284 0.000301229 0.00118009 -0.000948379 0.00197571 0.000141543 0.000864199 -2.56388e-05 -0.000218689 0.000534915 -0.000798654 -0.000704505 -0.000371136 7.86402e-05 -0.00120169 -0.000836975 0.000667367 -0.00102176 -0.000878506 -0.00109867
internal_weight=4332 3893 439 266 2777 688 173 2089 561 361 763 204 231 559 200 1326 247 1079 804 275 1116 1021 501 256 478 245 162 520 436 329
internal_count=4332 3893 439 266 2777 688 173 2089 561 361 763 204 231 559 200 1326 247 1079 804 275 1116 1021 501 256 478 245 162 520 436 329
is_linear=0
shrinkage=0.015492


Tree=95
num_leaves=29
num_cat=0
split_feature=81 33 12 51 32 51 9 14 70 61 85 51 25 41 66 78 33 65 25 32 11 64 67 8 47 55 51 9
split_gain=5.18436 2.52238 2.04469 2.04739 1.59323 1.45021 1.8944 1.15402 1.15266 1.17001 0.925957 0.512345 0.507876 0.529411 0.529527 0.485516 0.452299 0.405743 0.455084 1.0226 0.523717 0.314017 0.257863 0.248425 0.32322 0.21189 0.170615 0.307248
threshold=13.70058649690259 44.070790095859117 0.25000000000000011 103.27412696114295 70.598348055945522 103.08199616847217 1.0000000180025095e-35 22.040003545284268 0.50675346268547383 0.52746245409292325 487.23292353359574 108.04141240386083 89.471991564432784 20.383073694176151 -66.271683946185632 55.861108056836649 104.87899454116823 72.470795522795797 89.382738788392828 79.068009172015707 -0.22252093395631442 0.23378226524691009 -0.044772571192837056 -0.60355339059327362 89.806852789455021 0.032942349568286546 106.93476363870835 1.0000000180025095e-35
decision_type=2 2 2 2 2 2 2 2 2 2 2 2 2 2 2 2 2 2 2 2 2 2 2 2 2 2 2 2
left_child=5 2 3 -2 8 -1 21 12 9 -5 16 -6 13 25 -15 -8 23 18 20 -20 -18 -7 -10 -3 -25 -4 -19 -28
right_child=1 10 7 4 11 6 15 -9 22 -11 -12 -13 -14 14 -16 -17 17 26 19 -21 -22 -23 -24 24 -26 -27 27 -29
leaf_value=0.0034365989638902817 0.002472357898940587 -0.00060838783187887422 -0.00062999129589400417 0.00013799692827572149 0.0022403546447636777 0.0015441772070625402 -0.0008324316933820252 0.0010311588484545598 0.00067699734764187171 -0.0010199722145951939 0.00083868829205384788 0.00063359402403539837 -0.0017201473375794427 0.0008575772132626971 -0.00073109936441387204 0.00080572584484072513 -0.001767226860897104 -0.0015255894960806743 -0.00057976447984529357 0.0012519009396694688 -0.00034369745593401836 0.0029753089473735198 0.001860725019896238 -0.00093019320545445364 -0.0022039942293977503 -0.0016679290249108361 -0.0001760014752557021 -0.0012245363580496683
leaf_weight=83 102 84 95 1172 110 86 84 82 104 252 85 88 138 84 117 84 96 120 234 103 172 85 82 95 111 104 113 167
leaf_count=83 102 84 95 1172 110 86 84 82 104 252 85 88 138 84 117 84 96 120 234 103 172 85 82 95 111 104 113 167
internal_value=2.03318e-06 -0.000174427 0.00011622 0.000367157 0.000244648 0.00162744 0.00115935 -0.000654835 8.21408e-05 -6.84861e-05 -0.000706487 0.00154575 -0.000916039 -0.000628224 -6.40421e-05 -1.30585e-05 -0.00080959 -0.000650601 -0.00039429 -1.3891e-05 -0.000867137 0.00229308 0.00121947 -0.00134861 -0.00163764 -0.00118871 -0.00103254 -0.00080771
internal_weight=4332 3910 2530 1910 1808 422 339 620 1610 1424 1380 198 538 400 201 168 1295 1005 605 337 268 171 186 290 206 199 400 280
internal_count=4332 3910 2530 1910 1808 422 339 620 1610 1424 1380 198 538 400 201 168 1295 1005 605 337 268 171 186 290 206 199 400 280
is_linear=0
shrinkage=0.015492


Tree=96
num_leaves=28
num_cat=0
split_feature=81 1 70 51 9 40 79 21 51 85 64 30 77 72 61 82 3 57 48 61 8 3 37 51 47 64 28
split_gain=5.03272 2.37981 1.64414 1.45099 1.94807 1.09739 1.14888 1.07815 0.892266 0.891762 0.800866 0.744278 0.728502 0.727762 1.2744 0.723096 0.610568 0.41588 0.404556 0.461005 0.552565 0.402475 0.351554 0.33175 0.313245 0.281243 0.163763
threshold=13.715546600422071 43.396425510512465 0.50675346268547383 103.08199616847217 1.0000000180025095e-35 22.14497592325564 101.98461934645971 92.009785976409901 103.25756103815858 487.23292353359574 0.25713901834632896 60.616361540158593 103.38428260419104 68.978242793083169 0.31756201677852053 25.619016998011393 21.45355798880259 1.4447483015507416 96.414699770256334 3.434689763885999 -1.0000000180025095e-35 23.894785080750786 43.341228365898125 110.24460457687027 85.184564895629876 0.23378226524691009 108.65639674610561
decision_type=2 2 2 2 2 2 2 2 2 2 2 2 2 2 2 2 2 2 2 2 2 2 2 2 2 2 2
left_child=3 2 5 -1 25 6 7 -2 -9 18 23 -4 -7 14 -14 -12 -13 -6 19 22 21 -21 24 -8 -3 -5 -22
right_child=1 9 11 4 17 12 10 8 -10 -11 15 16 13 -15 -16 -17 -18 -19 -20 20 26 -23 -24 -25 -26 -27 -28
leaf_value=0.0033736696243240427 -0.00073372075053602134 -0.0016139136874407925 0.0019783877341780212 0.0015159001728951083 0.0006988257497044098 0.0017425169268008821 -0.001211152948834338 0.0023772280720258439 0.00025835010705692893 0.00082611568707634221 -0.0013142942097350428 -0.00031888204224283921 0.00036396417420312441 0.0013792440652459833 -0.0012864557778714644 0.00020811830322734403 0.0013658175880650284 -0.00079616706757070128 4.4333051323346974e-06 -0.00052307942995241121 -0.00066251332285062014 0.00085082375756977298 -0.0019516755895650128 -0.0002680802983725938 -0.00077842608976176912 0.0028360047057511932 -0.0015477953175398293
leaf_weight=84 108 142 137 89 85 81 411 82 111 85 92 105 567 110 137 353 97 88 137 107 148 93 105 117 487 93 81
leaf_count=84 108 142 137 89 85 81 411 82 111 85 92 105 567 110 137 353 97 88 137 107 148 93 105 117 487 93 81
internal_value=2.04982e-06 -0.000175641 0.000109042 0.00156899 0.00111832 -4.82369e-05 -0.000340037 0.000492929 0.00118048 -0.000690385 -0.000598493 0.00110764 0.000366793 0.000224203 3.8783e-05 -0.000112773 0.000497402 -6.17082e-05 -0.000791194 -0.000884776 -0.000476342 0.00011832 -0.00112062 -0.0010049 -0.000973592 0.00222417 -0.000991163
internal_weight=4332 3893 2508 439 355 2169 1274 301 193 1385 973 339 895 814 704 445 202 173 1300 1163 429 200 734 528 629 182 229
internal_count=4332 3893 2508 439 355 2169 1274 301 193 1385 973 339 895 814 704 445 202 173 1300 1163 429 200 734 528 629 182 229
is_linear=0
shrinkage=0.015492


Tree=97
num_leaves=28
num_cat=0
split_feature=79 35 20 2 12 53 4 70 33 42 51 10 32 47 55 36 18 61 18 61 55 20 45 61 65 0 48
split_gain=4.59299 2.11131 1.88525 1.76537 1.51218 1.25186 1.21323 1.11513 1.08305 0.8464 0.767003 0.931735 0.920638 0.772797 0.761677 0.619528 0.768152 0.572518 0.415115 0.325896 0.282497 0.268169 0.737904 0.2641 0.255268 0.160418 0.113802
threshold=101.71394007444387 41.299219363000667 99.915981608496779 38.719038755628809 0.25000000000000011 0.091306162725527315 90.949472476111524 0.50675346268547383 44.799554251035062 21.126706485284704 112.28262577546262 -1.0000000180025095e-35 65.047344197167277 93.535790243855232 0.042010233713429442 104.64216962602406 21.305765706963026 0.081380154137274743 20.447399954795841 0.40351723443578896 1.1226548323838066 104.05744794421726 103.97622322011044 0.41609380395323475 -0.37217919879489608 83.028702512983202 95.236315003854273
decision_type=2 2 2 2 2 2 2 2 2 2 2 2 2 2 2 2 2 2 2 2 2 2 2 2 2 2 2
left_child=1 2 5 20 7 -1 -7 10 17 18 11 13 -12 -5 -13 16 19 -9 -8 24 21 22 25 -10 -6 -2 -27
right_child=3 -3 -4 4 15 6 9 8 23 -11 12 14 -14 -15 -16 -17 -18 -19 -20 -21 -22 -23 -24 -25 -26 26 -28
leaf_value=-0.0006553495551153872 -0.00029646101320493425 -0.00080755821256887081 0.0032230876065213569 0.00011355570297204058 -0.00042617122209396126 -0.00025467325816326661 0.0016479886632123815 0.0026402412029671637 -0.00065222471181500957 0.0009195774568757449 0.0021317807453137931 -0.0010883720557367041 -0.00016373851295896651 0.0016576875520147233 -0.00013809052691008092 -0.0016282817868004482 0.00086009560088156072 0.00096474837379783478 0.0032057990421216951 -1.1939947797748787e-05 -0.0016486228777881781 -0.0013699766946916546 0.00075800097024530662 0.00057375800399267745 -0.0015122928835288494 -0.0010850957173801456 -0.00043872517554259402
leaf_weight=85 119 115 116 631 87 86 91 81 82 155 81 292 83 86 650 144 83 132 97 92 93 133 81 81 139 328 89
leaf_count=85 119 115 116 631 87 86 91 81 82 155 81 292 83 86 650 144 83 132 97 92 93 133 81 81 139 328 89
internal_value=2.08717e-06 0.00110659 0.00145819 -0.000227981 -3.71693e-05 0.00104418 0.00138322 0.000144054 0.000908845 0.00179286 -1.48071e-05 -0.000115361 0.000986494 0.000304701 -0.000435139 -0.000765497 -0.000446172 0.00162869 0.00248798 -0.000791989 -0.000846765 -0.00074137 -0.000600066 -4.30698e-05 -0.00110505 -0.000808375 -0.000951255
internal_weight=4332 745 630 3587 2744 514 429 2199 376 343 1823 1659 164 717 942 545 401 213 188 318 843 750 617 163 226 536 417
internal_count=4332 745 630 3587 2744 514 429 2199 376 343 1823 1659 164 717 942 545 401 213 188 318 843 750 617 163 226 536 417
is_linear=0
shrinkage=0.015492


Tree=98
num_leaves=26
num_cat=0
split_feature=82 51 2 46 11 24 66 32 57 71 55 86 19 75 35 14 85 59 27 41 55 44 45 44 61
split_gain=4.77992 2.44038 1.7853 1.57616 1.67517 0.98831 0.971364 0.930863 0.865682 1.00585 0.849347 0.738035 0.722196 0.675324 0.566231 0.514325 0.498324 0.489611 0.459293 0.425781 0.306459 0.306342 0.933389 0.174978 0.205945
threshold=24.226112651214205 103.02861248634481 38.719038755628809 95.204398110354376 1.0000000180025095e-35 94.344112723668431 -64.893417592578473 59.045896270540034 2.6984037953400608 107.89710984018116 0.057215131283488367 280.82931567537304 98.066894933912522 58.371302255524533 33.073918789757634 22.583105049133309 406.64461134389944 0.063760550154597709 104.01379808849761 23.314971085257003 1.1226548323838066 104.44946481964769 103.97622322011044 99.234471234392245 -5.0059284962470825
decision_type=2 2 2 2 2 2 2 2 2 2 2 2 2 2 2 2 2 2 2 2 2 2 2 2 2
left_child=1 -1 20 4 10 7 -6 13 9 16 -3 15 -11 -4 -10 -7 -9 -16 -12 -13 21 22 23 -2 -25
right_child=2 3 5 -5 6 11 -8 8 14 12 18 19 -14 -15 17 -17 -18 -19 -20 -21 -22 -23 -24 24 -26
leaf_value=0.0033354929864590223 -0.0014833351120984916 0.0015355106495219999 0.0017950211017134503 -0.00090955529615107322 0.0028690942363251443 0.00092590482816327067 0.00074855972664475629 0.00013067443546284509 0.0013859338200914318 -0.00040082316527363551 -0.0011408299577673779 0.0022670225847508962 0.00053745284868540429 -7.7648623793614269e-05 0.00046406993312724101 -0.00066315909582531955 -0.00092211495710675824 -0.00053342812738237805 0.00044103888938612534 0.00065726443543747217 -0.0016537157173329017 -0.0015207849686813281 0.00090607008529568049 -0.0012119624136698456 -0.00049439844220536917
leaf_weight=104 84 84 95 106 145 88 84 125 91 475 84 81 332 87 297 103 751 192 87 81 99 101 83 137 336
leaf_count=104 84 84 95 106 145 88 84 125 91 475 84 81 332 87 297 103 751 192 87 81 99 101 83 137 336
internal_value=2.11947e-06 0.00117764 -0.000222847 0.000782953 0.00115695 -3.44953e-05 0.00211035 -0.00014539 -0.0002315 -0.000409234 0.000286604 0.000728376 -1.41758e-05 0.000911935 0.000283562 7.13606e-05 -0.000771851 7.14157e-05 -0.000341459 0.00148789 -0.000847901 -0.000734216 -0.000603774 -0.000832374 -0.000708416
internal_weight=4332 694 3638 590 484 2798 229 2445 2263 1683 255 353 807 182 580 191 876 489 171 162 840 741 640 557 473
internal_count=4332 694 3638 590 484 2798 229 2445 2263 1683 255 353 807 182 580 191 876 489 171 162 840 741 640 557 473
is_linear=0
shrinkage=0.015492


Tree=99
num_leaves=26
num_cat=0
split_feature=81 1 70 51 81 81 3 77 60 85 48 63 30 60 61 3 77 60 58 59 46 11 59 43 10
split_gain=4.66572 2.25736 1.57832 1.29984 1.0611 1.12254 1.05463 1.06105 0.981123 0.845753 0.757286 1.11145 0.736973 0.719528 0.644963 0.581756 0.560271 0.424046 0.433746 0.481664 0.523109 0.368605 0.313795 0.491529 0.179196
threshold=13.70058649690259 43.396425510512465 0.50675346268547383 103.08199616847217 22.203750732398401 15.053207044871369 22.512816876305479 103.00770031101173 -0.95607300356582658 487.23292353359574 89.724897536436728 1.0267676210952612 60.616361540158593 0.5415795742140973 -0.75718736966451405 21.45355798880259 108.03033134539923 -2.7563960160149459 -0.013034701325278062 -0.11615414049889237 90.807096752846903 -0.22252093395631442 0.052915898031656645 102.3999610812576 0.6078576107927941
decision_type=2 2 2 2 2 2 2 2 2 2 2 2 2 2 2 2 2 2 2 2 2 2 2 2 2
left_child=3 2 4 -1 5 6 7 -2 -5 17 -10 -12 -4 -8 -7 -14 -16 -3 19 21 -21 -19 23 -20 -24
right_child=1 9 12 8 -6 14 13 -9 10 -11 11 -13 15 -15 16 -17 -18 18 22 20 -22 -23 24 -25 -26
leaf_value=0.0032570082880818839 0.00038382669782519214 -0.0017102503455899939 0.0019385168080461191 -0.00035295633489020479 0.0016352259487536008 0.00046628578644607459 0.0013709488792274242 -0.00091232258521930034 0.00032706192939770432 0.00081114869347712233 0.00087370671474879577 0.0033703200824210387 -0.00032206818689272 -0.00014100782311739574 -0.0010074646922649912 0.001322225817337444 -0.00024997953912365007 -0.0013478186677232449 -0.0009775270042373383 -0.00043912941222660286 0.00098971949047057324 -0.00023049159445801492 -0.00095846151589509625 0.0002715887850122372 -0.0017640563642637216
leaf_weight=83 390 103 140 83 84 155 255 244 82 85 88 86 105 106 440 97 504 137 270 146 102 147 170 103 127
leaf_count=83 390 103 140 83 84 155 255 244 82 85 88 86 105 106 440 97 504 137 270 146 102 147 170 103 127
internal_value=2.15792e-06 -0.000165242 0.000111249 0.00154412 -4.28411e-05 -0.000112323 0.000264206 -0.000116713 0.0011009 -0.000665775 0.00157131 0.0021425 0.00108508 0.000929118 -0.000453103 0.000474477 -0.000605102 -0.000763594 -0.000678559 -0.000345343 0.000152745 -0.000777805 -0.000940434 -0.000632917 -0.00131669
internal_weight=4332 3910 2520 422 2178 2094 995 634 339 1390 256 174 342 361 1099 202 944 1305 1202 532 248 284 670 373 297
internal_count=4332 3910 2520 422 2178 2094 995 634 339 1390 256 174 342 361 1099 202 944 1305 1202 532 248 284 670 373 297
is_linear=0
shrinkage=0.015492


Tree=100
num_leaves=29
num_cat=0
split_feature=81 1 12 51 32 13 48 16 14 10 30 40 85 48 41 51 61 33 48 32 48 11 51 59 8 33 46 32
split_gain=4.52669 2.11762 1.79647 1.88297 1.47989 1.34281 1.85735 1.13353 1.02766 0.918591 1.48887 1.1318 0.816428 0.570608 0.513691 0.48614 0.449155 0.380899 0.387144 1.03004 0.572038 0.421429 0.413596 0.312938 0.307744 0.316399 0.224424 0.0862277
threshold=13.715546600422071 43.396425510512465 0.25000000000000011 103.27412696114295 70.598348055945522 -0.9330127018922193 88.117330649340616 21.19588819238874 22.040003545284268 1.0000000180025095e-35 67.847579489813924 22.535413936420728 487.23292353359574 88.873607639736619 20.383073694176151 108.04141240386083 -0.98699129641056149 104.87899454116823 89.510428119147278 71.996391944885247 92.712689320908666 -0.22252093395631442 108.7837543015127 0.11864484915027164 -0.60355339059327362 103.01241922696433 76.136065548437628 83.98674856503807
decision_type=2 2 2 2 2 2 2 2 2 2 2 2 2 2 2 2 2 2 2 2 2 2 2 2 2 2 2 2
left_child=5 2 3 -2 9 6 -1 -7 13 10 -5 -11 17 14 26 -6 -16 24 21 22 -21 27 -20 -23 -3 -26 -4 -19
right_child=1 12 8 4 15 7 -8 -9 -10 11 -12 -13 -14 -15 16 -17 -18 18 19 20 -22 23 -24 -25 25 -27 -28 -29
leaf_value=0.00065389805227210752 0.0023673825837393914 -0.00045739879711658267 -0.0015401456610462008 0.0006749255046419279 0.002166987737399689 0.00172256584277999 0.0032805407011106498 -0.00075178745478280567 0.00096769097392843573 -0.00077501601137722306 -0.0011018363057483215 0.00051212537949036632 0.00079898893351572624 -0.0016815547978776854 -0.00083609527978367043 0.00059687605531918671 0.00066089195454558693 -0.0011115050365328569 -0.00032424256668096087 -0.0002251417769769416 0.0015107031662645531 -0.00011300608125832571 -0.0013049262441110121 -0.001293706200376636 -0.0022778008901493457 -0.001013008049141994 -0.00045517828118314896 -0.0019065586632878574
leaf_weight=114 101 90 114 736 108 81 152 92 82 483 131 245 85 148 81 88 110 81 234 91 87 153 186 81 86 122 81 89
leaf_count=114 101 90 114 736 108 81 152 92 82 483 131 245 85 148 81 88 110 81 234 91 87 153 186 81 86 122 81 89
internal_value=2.19124e-06 -0.000166329 0.000102213 0.000338818 0.000220803 0.00148827 0.00217398 0.000415339 -0.000622576 6.35195e-05 0.00040364 -0.000341416 -0.000651891 -0.000870769 -0.000549653 0.00148109 2.26383e-05 -0.000748359 -0.000600526 -0.000347363 0.000633196 -0.000969996 -0.000764605 -0.000532702 -0.00123478 -0.00156002 -0.00110292 -0.00155275
internal_weight=4332 3893 2508 1892 1791 439 266 173 616 1595 867 728 1385 534 386 196 191 1300 1002 598 178 404 420 234 298 208 195 170
internal_count=4332 3893 2508 1892 1791 439 266 173 616 1595 867 728 1385 534 386 196 191 1300 1002 598 178 404 420 234 298 208 195 170
is_linear=0
shrinkage=0.015492


Tree=101
num_leaves=27
num_cat=0
split_feature=81 1 12 27 51 45 32 83 58 85 67 59 55 33 51 77 25 32 11 27 18 58 8 63 55 45
split_gain=4.39232 2.12381 1.77517 1.83813 1.25928 1.02278 0.935807 0.951686 1.06141 0.795981 0.771347 0.654035 0.606416 0.385293 0.384397 0.374826 0.474314 0.902538 0.54724 0.363467 0.449503 0.315648 0.271174 0.303708 0.205188 0.105152
threshold=13.70058649690259 43.396425510512465 0.25000000000000011 103.42051407178245 103.08199616847217 98.997706404703635 70.598348055945522 -0.11080459132776979 -0.83526867647965186 487.23292353359574 -0.12272848712072991 -0.044280289190780302 0.23857390114560764 104.87899454116823 108.04141240386083 33.864432874917988 89.382738788392828 79.068009172015707 -0.22252093395631442 104.47414156172012 21.130144845379728 -0.022043353076336199 -0.60355339059327362 1.1453974849855808 0.054649790371977792 102.16316576604491
decision_type=2 2 2 2 2 2 2 2 2 2 2 2 2 2 2 2 2 2 2 2 2 2 2 2 2 2
left_child=4 2 3 -2 -1 19 7 11 -9 13 -6 -5 -12 22 -8 24 18 -18 -17 20 21 -4 -3 -24 -15 -26
right_child=1 9 5 6 10 -7 14 8 -10 -11 12 -13 -14 15 -16 16 17 -19 -20 -21 -22 -23 23 -25 25 -27
leaf_value=0.0031838314024671666 0.001937666788748942 -0.00049961955917318028 -0.0014962744108643852 0.0015200211669498054 0.002347393241325792 0.00095196529960531575 0.0018911611143675833 -0.0017516289956249554 1.268640419879883e-05 0.00078701145844176253 0.001292749934794866 2.3988436802802378e-05 -0.00021027813127126122 -0.00055813995593852488 0.0004609972742172426 -0.0016683299481235502 -0.00050997828567727059 0.0011172115513523025 -0.00030777926570711142 -0.0016835212996388254 0.00024039837005503966 -0.00051403279159043436 -0.002040005359468191 -0.00080808973692649499 -0.00097370436642695642 -0.0017809677630815691
leaf_weight=83 156 91 137 161 82 84 97 85 1195 85 143 123 114 139 87 115 270 114 183 103 101 191 120 89 100 84
leaf_count=83 156 91 137 161 82 84 97 85 1195 85 143 123 114 139 87 115 270 114 183 103 101 191 120 89 100 84
internal_value=2.14265e-06 -0.000160278 0.000107909 0.000341801 0.00149825 -0.000613139 0.000196414 7.2426e-05 -0.000108027 -0.000645779 0.00106226 0.000879056 0.000630689 -0.000740677 0.00123271 -0.000592081 -0.000383288 -2.20196e-05 -0.000843917 -0.000864171 -0.000657462 -0.000933894 -0.00122796 -0.0015337 -0.00102548 -0.00136419
internal_weight=4332 3910 2520 1904 422 616 1748 1564 1280 1390 339 284 257 1305 184 1005 682 384 298 532 429 328 300 209 323 184
internal_count=4332 3910 2520 1904 422 616 1748 1564 1280 1390 339 284 257 1305 184 1005 682 384 298 532 429 328 300 209 323 184
is_linear=0
shrinkage=0.015492


Tree=102
num_leaves=30
num_cat=0
split_feature=82 51 84 46 11 12 1 27 29 66 51 30 18 55 11 85 6 62 51 17 84 18 53 52 65 31 61 25 56
split_gain=4.26442 2.24447 1.61487 1.47123 1.59789 1.046 1.15603 1.00376 0.959001 0.92197 0.876902 1.24587 0.841632 0.819487 0.771627 0.717603 0.671438 0.646255 0.448045 0.644734 0.467115 0.294902 0.246729 0.352181 0.268258 0.120873 0.0964955 0.0299541 0.0184463
threshold=24.226112651214205 103.02861248634481 158.17030313163016 95.204398110354376 1.0000000180025095e-35 0.25000000000000011 33.073918789757634 104.54321834140354 58.679856727917993 -64.893417592578473 111.5206079276403 67.243766795264364 20.977557875845168 0.057215131283488367 -0.56174490092936669 426.58685837889306 105.30888750288223 0.045946745792472495 104.06148977535746 21.242209724850127 410.53163508895972 22.96410377343496 0.21208101201899435 0.090076994177934785 72.470795522795797 84.470069693459422 -2.2922362931348661 92.585304159588318 1.5789387930682566
decision_type=2 2 2 2 2 2 2 2 2 2 2 2 2 2 2 2 2 2 2 2 2 2 2 2 2 2 2 2 2
left_child=1 -1 22 4 13 6 7 -4 -7 -6 12 14 16 -3 -12 -14 -8 -15 19 20 -10 -9 23 24 -2 26 -24 -26 -27
right_child=2 3 5 -5 9 8 10 21 18 -11 11 -13 15 17 -16 -17 -18 -19 -20 -21 -22 -23 25 -25 27 28 -28 -29 -30
leaf_value=0.0031817392883070877 -0.00019905638596692324 0.0014728297852124967 0.0023934140341047394 -0.00090083847384555356 0.0027655064416303231 0.00091351930344177605 0.0016561377976888004 -0.00029087838124513155 -7.9889525295067745e-05 0.00070106777232489196 7.4329951048017736e-05 -0.00057556286193291561 -0.0015142064801529724 -0.0013409916420163823 0.0019059811725631304 -0.00019869354784961645 -0.00014030959961826609 0.00053628594471210049 -0.0017024812433379846 0.00060303313230542551 -0.0013030195368678259 0.00100356696292813 -0.001269887709138642 0.00020286029215249259 -0.0014062236741778254 -0.0016370731033618481 -0.00057192955340102758 -0.00090768101119023767 -0.0011513533732227996
leaf_weight=104 103 84 89 106 145 84 99 82 112 84 83 127 105 82 164 1317 97 89 113 83 227 82 81 106 97 90 134 82 81
leaf_count=104 103 84 89 106 145 84 99 82 112 84 83 127 105 82 164 1317 97 89 113 83 227 82 81 106 97 90 134 82 81
internal_value=2.11863e-06 0.00111244 -0.00021037 0.00073403 0.00109543 -4.03722e-05 0.000115202 0.00109553 -0.000602701 0.0020265 -1.06463e-05 0.000662469 -0.00016718 0.000245827 0.00129869 -0.000298719 0.000777337 -0.000370627 -0.000844494 -0.00060469 -0.000903199 0.000361885 -0.000836841 -0.000553898 -0.000837848 -0.0011149 -0.000848422 -0.00119608 -0.00143009
internal_weight=4332 694 3638 590 484 2864 2245 253 619 229 1992 374 1618 255 247 1422 196 171 535 422 339 164 774 388 282 386 215 179 171
internal_count=4332 694 3638 590 484 2864 2245 253 619 229 1992 374 1618 255 247 1422 196 171 535 422 339 164 774 388 282 386 215 179 171
is_linear=0
shrinkage=0.015492


Tree=103
num_leaves=23
num_cat=0
split_feature=78 51 2 12 51 61 48 53 14 25 85 51 83 61 22 44 45 26 63 60 46 62
split_gain=4.10768 1.83837 1.66201 1.64086 1.86186 1.42523 1.05432 0.949861 0.79233 0.758573 0.678413 0.771917 0.376746 0.481499 0.461192 0.28577 0.721909 0.252363 0.243623 0.135806 0.161217 0.00495195
threshold=57.227969041665389 103.02861248634481 38.719038755628809 0.25000000000000011 103.52263080358506 -1.0440220672554188 87.307481533156505 0.10409481302608085 21.860203025076121 97.84712665028043 418.11717264134592 111.5206079276403 -0.28736313990112233 -2.6893559903568653 94.961099643707314 104.44946481964769 103.99130025007106 103.84288861698576 1.2271685885577923 -0.90975507316807114 90.390865373611462 -0.027343979373021018
decision_type=2 2 2 2 2 2 2 2 2 2 2 2 2 2 2 2 2 2 2 2 2 2
left_child=1 -1 15 4 -4 -3 -7 -8 12 10 -6 -12 -5 -14 -15 16 18 -9 19 21 -21 -2
right_child=2 5 3 8 9 6 7 17 -10 -11 11 -13 13 14 -16 -17 -18 -19 -20 20 -22 -23
leaf_value=0.0029168251639443538 -0.0011486438620599429 -0.00057540365226952566 0.0021911648178373553 1.8513265676837683e-06 0.0013356444707268741 -0.00030366209668328801 0.00029928798161624025 0.0028225048652158174 0.00064036996079829716 0.0015217823030420532 -0.00018693193091217248 0.00059217194092281021 -0.0020543857229367128 -0.0012707335586705432 -8.2431379575162518e-05 -0.0015879323192175571 0.00060853398777080511 0.0016310120735863072 -0.00024236757087238306 -0.0013011438966300758 -0.00057694609785294672 -0.0015278145090882893
leaf_weight=114 86 139 102 83 87 81 86 101 85 81 1621 373 103 213 124 97 88 105 123 113 233 94
leaf_count=114 86 139 102 83 87 81 86 101 85 81 1621 373 103 213 124 97 88 105 123 113 233 94
internal_value=2.10678e-06 0.0011599 -0.000194177 -1.71041e-05 0.000174914 0.000754598 0.00125107 0.00168141 -0.000729752 7.69983e-05 1.87211e-05 -4.05123e-05 -0.000954855 -0.00113438 -0.0008381 -0.000801721 -0.000692423 0.00224607 -0.000870843 -0.00101555 -0.000822388 -0.00136781
internal_weight=4332 626 3706 2872 2264 512 373 292 608 2162 2081 1994 523 440 337 834 737 206 649 526 346 180
internal_count=4332 626 3706 2872 2264 512 373 292 608 2162 2081 1994 523 440 337 834 737 206 649 526 346 180
is_linear=0
shrinkage=0.015492


Tree=104
num_leaves=30
num_cat=0
split_feature=81 1 12 26 86 12 48 29 61 19 31 81 84 48 18 59 18 27 17 62 61 8 29 65 86 22 28 54 4
split_gain=4.05229 1.95513 1.62665 1.76784 1.20388 1.04221 1.74523 0.938327 0.761376 0.981818 1.26937 0.887454 0.752295 0.713811 0.836899 0.64696 0.579942 0.434426 0.481635 0.447148 0.423925 0.673614 0.377274 0.35031 0.265857 0.512912 0.160629 0.266142 0.0849217
threshold=13.70058649690259 43.396425510512465 0.25000000000000011 104.54321834140354 253.25108515023535 1.0000000180025095e-35 88.117330649340616 58.679856727917993 0.36192932329793598 98.192473096847564 64.730598380830585 20.044041401371192 448.03316017470542 96.414699770256334 24.176271095010971 0.49704662927874216 21.214918343755937 104.47414156172012 21.242209724850127 -0.011794369012394277 2.5773159907014223 -0.78656609248549303 62.748731037775691 62.704785936779459 295.64135290775567 102.67092571152581 108.65639674610561 0.041409688427753596 102.04314775466921
decision_type=2 2 2 2 2 2 2 2 2 2 2 2 2 2 2 2 2 2 2 2 2 2 2 2 2 2 2 2 2
left_child=5 2 3 4 16 -1 -7 -4 9 10 -5 22 -6 20 -15 -11 -2 18 19 -9 23 -22 -10 -3 25 -25 27 -23 -26
right_child=1 13 7 8 12 6 -8 17 11 15 -12 -13 -14 14 -16 -17 -18 -19 -20 -21 21 26 -24 24 28 -27 -28 -29 -30
leaf_value=0.00044226422120994358 0.001145601977875451 -0.0018986559981260481 0.00089255780535690713 0.00063315571861734482 0.0031071200652492818 0.00055072399847406616 0.003114109868428925 -9.6172780554477566e-05 7.6644876638455221e-05 0.00049675204963432447 -0.00064179020119203823 0.00089478648583346055 0.0011741948456465562 0.0011690962366933883 -0.00089524231774074168 0.0019296885600627509 -0.00056763172311451464 -0.0017032723330675903 0.00041656332169551257 -0.0012784231042091113 0.00066904589906479912 0.00010381278411620464 -0.0011015450271534275 -0.0010954086987768463 -0.00099275166632792474 -5.3555569723637121e-05 -0.0011368090548741945 -0.00093502039169190033 -0.001746605093445453
leaf_weight=160 98 89 86 371 91 112 150 119 86 220 373 90 112 105 81 115 87 107 87 217 108 109 261 266 94 197 133 125 83
leaf_count=160 98 89 86 371 91 112 150 119 86 220 373 90 112 105 81 115 87 107 87 217 108 109 261 266 94 197 133 125 83
internal_value=2.11111e-06 -0.000153895 0.00010342 0.000327315 0.00125637 0.00143914 0.00203631 -0.000586803 8.75729e-05 0.000308429 -5.92262e-06 -0.000456015 0.00207204 -0.000619717 0.000269699 0.00100101 0.000343051 -0.000830496 -0.000599622 -0.000864288 -0.000757504 -0.000393653 -0.000811041 -0.000992011 -0.000857957 -0.000655335 -0.000709358 -0.000455307 -0.00136876
internal_weight=4332 3910 2520 1904 388 422 262 616 1516 1079 744 437 203 1390 186 335 185 530 423 336 1204 475 347 729 640 463 367 234 177
internal_count=4332 3910 2520 1904 388 422 262 616 1516 1079 744 437 203 1390 186 335 185 530 423 336 1204 475 347 729 640 463 367 234 177
is_linear=0
shrinkage=0.015492


Tree=105
num_leaves=22
num_cat=0
split_feature=81 33 70 51 9 81 14 83 85 80 77 61 29 10 51 60 18 56 45 57 64
split_gain=3.92996 1.892 1.49854 1.1486 1.70485 1.01414 0.974731 1.11716 0.745949 0.736962 0.727288 0.839865 0.681966 0.625982 0.482846 0.39238 0.39108 0.443983 0.447372 0.36973 0.281514
threshold=13.70058649690259 44.070790095859117 0.50675346268547383 103.08199616847217 1.0000000180025095e-35 22.203750732398401 22.083862070507479 -0.11159481823107924 487.23292353359574 24.888790779809376 103.33127281844615 0.36192932329793598 60.269997830390935 1.0000000180025095e-35 106.43862015441614 -2.7563960160149459 22.882742186917206 2.7571229748193207 99.289433328398971 1.4447483015507416 0.23378226524691009
decision_type=2 2 2 2 2 2 2 2 2 2 2 2 2 2 2 2 2 2 2 2 2
left_child=3 2 5 -1 20 6 7 9 15 -2 -8 -12 -4 -9 -14 -3 -17 18 -18 -6 -5
right_child=1 8 12 4 19 -7 10 13 -10 -11 11 -13 14 -15 -16 16 17 -19 -20 -21 -22
leaf_value=0.0030268753072152277 0.00082582676806036226 -0.0016146898887685571 0.0019141157311919855 0.0013737037715483883 0.000623215423090559 0.0015905796071456085 0.0015995271150347305 -0.00040965301669030707 0.00077416434275299356 -0.00039902654730476387 0.00039376569249926976 -0.00078702600059232645 -0.00015268495697673735 -0.0013341533466874294 0.0013156204458923725 -0.0015212451674401 0.00019139321208032185 0.00021722784524769761 -0.0007969885875424679 -0.00080683157190127529 0.0027193640827367052
leaf_weight=83 223 103 131 86 82 84 86 446 85 244 625 185 121 292 93 104 126 160 802 86 85
leaf_count=83 223 103 131 86 82 84 86 446 85 244 625 185 121 292 93 104 126 160 802 86 85
internal_value=2.10587e-06 -0.000151527 0.000100191 0.00141728 0.00100104 -5.00565e-05 -0.000117753 -0.000405113 -0.000612332 0.00018713 0.000268669 0.000122161 0.00104465 -0.000779278 0.000493883 -0.000704902 -0.00062256 -0.000532836 -0.000662521 -0.00010956 0.00207663
internal_weight=4332 3910 2530 422 339 2185 2101 1205 1380 467 896 810 345 738 214 1295 1192 1088 928 168 171
internal_count=4332 3910 2530 422 339 2185 2101 1205 1380 467 896 810 345 738 214 1295 1192 1088 928 168 171
is_linear=0
shrinkage=0.015492


Tree=106
num_leaves=27
num_cat=0
split_feature=81 66 12 51 35 66 32 45 81 11 58 82 26 11 60 65 58 24 26 18 58 42 22 22 60 8
split_gain=3.81341 1.79902 1.55404 1.75152 1.19994 1.45176 1.19224 0.964428 0.880707 0.980996 0.762517 0.734568 0.579971 0.528279 0.342684 0.372888 0.404038 0.368091 0.331102 0.420899 0.27272 0.263293 0.186375 0.256978 0.0856347 0.0847525
threshold=13.715546600422071 -0.54950201776293983 0.25000000000000011 103.27412696114295 40.725184697045236 -69.907236732906753 70.598348055945522 98.997706404703635 15.177449049336337 1.0000000180025095e-35 -0.18351065219552073 26.340605496496021 102.9883851644728 1.0000000180025095e-35 -2.7563960160149459 70.992985871251449 -0.05217993741786308 86.575213862525104 104.24306143654719 21.165688967439859 -0.022043353076336199 24.434878562512228 104.04160685115393 102.67092571152581 -0.65962807134346224 -0.5
decision_type=2 2 2 2 2 2 2 2 2 2 2 2 2 2 2 2 2 2 2 2 2 2 2 2 2 2
left_child=4 2 3 -2 5 -1 8 18 9 -5 -8 -10 -7 -14 -3 16 17 -16 19 20 -4 25 23 24 -17 -18
right_child=1 14 7 6 -6 12 10 -9 11 -11 -12 -13 13 -15 15 22 21 -19 -20 -21 -22 -23 -24 -25 -26 -27
leaf_value=-4.2922840093896905e-06 0.0022217971246129451 -0.0015586636834435885 -0.0014087635620713039 -9.3196933624109074e-05 -0.00019105866594179937 0.003434551016220185 0.00014237823024160784 0.00091351546522327976 -0.00075236193166030891 0.00090225437637075131 0.0018229578046655745 0.00019857088905535634 0.00088583161313096474 0.0025951632306277237 -0.00045078759782910595 -0.0013158562495666068 -0.0013523341826277816 0.00074461610948093888 -0.0015221349273124242 0.00028623876906011102 -0.00049706751781299172 2.3679122888873758e-05 -0.0015261323881190804 -5.5447133074223922e-05 -0.00075459433183945482 -0.00063440564523432386
leaf_weight=83 101 95 137 562 93 82 112 84 476 408 153 327 87 94 117 107 96 125 131 93 193 81 89 102 222 82
leaf_count=83 101 95 137 562 93 82 112 84 476 408 153 327 87 94 117 107 96 125 131 93 193 81 89 102 222 82
internal_value=2.16299e-06 -0.00015251 5.87133e-05 0.000258942 0.00136614 0.0017831 0.000158665 -0.00061062 1.30579e-05 0.00032683 0.00112205 -0.000365676 0.00234152 0.00180042 -0.000677 -0.00059078 -0.000286471 0.000167788 -0.000845358 -0.000626799 -0.000884621 -0.000708466 -0.000880651 -0.000738034 -0.000947104 -0.00103726
internal_weight=4332 3893 2777 2139 439 346 2038 638 1773 970 265 803 263 181 1116 1021 501 242 554 423 330 259 520 431 329 178
internal_count=4332 3893 2777 2139 439 346 2038 638 1773 970 265 803 263 181 1116 1021 501 242 554 423 330 259 520 431 329 178
is_linear=0
shrinkage=0.015492


Tree=107
num_leaves=23
num_cat=0
split_feature=81 1 12 37 13 48 61 45 78 72 41 85 60 12 65 48 27 18 61 9 86 62
split_gain=3.70028 1.79425 1.52458 1.66043 1.04322 1.7974 0.992324 0.900533 0.873648 0.878838 0.767213 0.716023 0.372119 0.390746 0.33892 0.400017 0.322773 0.398207 0.24684 0.21485 0.155236 0.0975496
threshold=13.70058649690259 43.396425510512465 0.25000000000000011 103.39419950909085 -0.9330127018922193 89.671685168389942 -3.5383273890897047 98.997706404703635 87.568122975627588 63.777416096197207 21.886716329874822 487.23292353359574 -2.7563960160149459 -0.6830127018922193 72.470795522795797 89.930029469949247 104.47414156172012 21.130144845379728 0.40351723443578896 -0.37940952255126015 348.38720909076335 -0.0024449362171270468
decision_type=2 2 2 2 2 2 2 2 2 2 2 2 2 2 2 2 2 2 2 2 2 2
left_child=4 2 3 -2 5 -1 -5 16 9 -8 -6 12 -3 14 15 -14 17 18 -4 -16 21 -15
right_child=1 11 7 6 10 -7 8 -9 -10 -11 -12 -13 13 20 19 -17 -18 -19 -20 -21 -22 -23
leaf_value=0.00075642887520997184 0.0024223353627616574 -0.0015694603901175875 -0.0011306422898600455 0.0017598018440783329 0.0014274712792458537 0.0033498620653746223 0.00046030003861025282 0.00089982643519790012 0.0016021651366615046 -0.00026255339190638723 -0.00066421247821863111 0.00076543924447191008 -0.00066660258329569188 -0.0017123978164473653 -0.00029362222872769325 0.00014057608577466266 -0.0015761889350478543 0.00023532811737452691 -0.00017557541465718519 -0.0011118213890609428 -0.00054060080840584858 -0.00092190435776309928
leaf_weight=139 83 103 237 92 82 120 707 84 89 933 81 85 266 101 120 324 103 101 91 228 82 81
leaf_count=139 83 103 237 92 82 120 707 84 89 933 81 85 266 101 120 324 103 101 91 228 82 81
internal_value=2.14909e-06 -0.000146927 9.95732e-05 0.000316332 0.00137535 0.00198167 0.000216668 -0.000568641 0.000131754 4.92704e-05 0.000393943 -0.000593173 -0.000683204 -0.000603664 -0.000452868 -0.00022464 -0.000804219 -0.000609517 -0.00086972 -0.000834599 -0.00112859 -0.00138064
internal_weight=4332 3910 2520 1904 422 259 1821 616 1729 1640 163 1390 1305 1202 938 590 532 429 328 348 264 182
internal_count=4332 3910 2520 1904 422 259 1821 616 1729 1640 163 1390 1305 1202 938 590 532 429 328 348 264 182
is_linear=0
shrinkage=0.015492


Tree=108
num_leaves=29
num_cat=0
split_feature=81 66 12 51 35 66 32 14 38 32 56 58 26 47 41 35 51 60 65 58 24 42 55 22 22 81 60 8
split_gain=3.5892 1.6985 1.4645 1.66371 1.14411 1.39426 1.14125 0.909768 0.868086 1.1645 0.747377 0.738491 0.566102 0.431742 0.452734 0.47016 0.403324 0.321535 0.353838 0.392063 0.351939 0.253982 0.207738 0.179541 0.247236 0.128869 0.0832048 0.0825682
threshold=13.715546600422071 -0.54950201776293983 0.25000000000000011 103.27412696114295 40.725184697045236 -69.907236732906753 70.598348055945522 22.040003545284268 4.3455623851219825 67.688244099617052 1.7435677835856291 -0.18351065219552073 102.9883851644728 88.223122525744984 20.383073694176151 37.335151759253613 103.80992177795481 -2.7563960160149459 70.992985871251449 -0.05217993741786308 86.575213862525104 24.434878562512228 0.034906615092320896 104.04160685115393 102.67092571152581 14.725340843450502 -0.65962807134346224 -0.5
decision_type=2 2 2 2 2 2 2 2 2 2 2 2 2 2 2 2 2 2 2 2 2 2 2 2 2 2 2 2
left_child=4 2 3 -2 5 -1 8 13 10 -10 -5 -8 -7 14 22 -16 -14 -3 19 20 -19 27 -4 24 26 -15 -20 -21
right_child=1 17 7 6 -6 12 11 -9 9 -11 -12 -13 16 25 15 -17 -18 18 23 21 -22 -23 -24 -25 -26 -27 -28 -29
leaf_value=-1.8561134783675615e-05 0.0021647229082691062 -0.0015116104430236425 -0.00051423681384330032 -0.00049224738781146655 -0.00019487197411720248 0.0033584711836553874 0.00013261530540600253 0.00090785468511531543 0.00073531260135905479 -0.0011689237052545244 0.00038692769922235451 0.0017862964369847112 0.00091268663561688943 -0.0019111227500334784 0.00090399470789739899 -0.00065901904744772007 0.0024208166983499453 -0.00043507180204545846 -0.0012846207477526567 -0.001327012293617898 0.00073383672193385989 2.5697013805442322e-05 -0.001524481615675953 -0.001489686695355804 -4.7172362882717095e-05 -0.00099856055551152166 -0.00073214598623852609 -0.00061905015016076859
leaf_weight=83 101 95 104 818 93 82 112 82 547 87 321 153 84 82 81 100 97 117 107 96 125 81 98 89 102 91 222 82
leaf_count=83 101 95 104 818 93 82 112 82 547 87 321 153 84 82 81 100 97 117 107 96 125 81 98 89 102 91 222 82
internal_value=2.1476e-06 -0.000147909 5.73277e-05 0.000251703 0.00132542 0.00173257 0.000153971 -0.000592436 1.1513e-05 0.000469817 -0.000244049 0.00109653 0.00227983 -0.000817352 -0.000520275 4.31327e-05 0.00174632 -0.000657536 -0.000574007 -0.000277579 0.000169852 -0.000693286 -0.00101914 -0.000856374 -0.000716492 -0.0014555 -0.000921555 -0.00101621
internal_weight=4332 3893 2777 2139 439 346 2038 638 1773 634 1139 265 263 556 383 181 181 1116 1021 501 242 259 202 520 431 173 329 178
internal_count=4332 3893 2777 2139 439 346 2038 638 1773 634 1139 265 263 556 383 181 181 1116 1021 501 242 259 202 520 431 173 329 178
is_linear=0
shrinkage=0.015492


Tree=109
num_leaves=26
num_cat=0
split_feature=82 51 2 47 70 51 30 20 48 61 1 32 10 62 58 5 61 78 55 44 45 60 42 63 60
split_gain=3.48337 1.7213 1.4615 1.18716 1.05927 0.892535 1.075 1.84199 0.847871 1.10166 0.799904 0.686891 0.65058 0.63461 0.571302 0.4718 0.363511 0.438076 0.267046 0.269089 0.73392 0.252152 0.215143 0.210169 0.127929
threshold=24.082954487860938 103.02861248634481 38.719038755628809 94.632921657209053 0.50675346268547383 110.9896711360967 64.724162630505035 98.066894933912522 87.307481533156505 -0.50217019992111733 33.906552090115035 58.802630478541062 -0.60785761079279388 0.066000654631191327 -0.96419758205060535 4.4428448410828922 -1.5875781912715288 66.595227422581786 1.1226548323838066 104.44946481964769 103.97622322011044 0.33728622237841682 22.464310929223341 1.2271685885577923 -0.90975507316807114
decision_type=2 2 2 2 2 2 2 2 2 2 2 2 2 2 2 2 2 2 2 2 2 2 2 2 2
left_child=1 -1 18 8 5 11 -7 21 -3 -10 -6 -4 13 -13 -14 -11 -12 22 19 20 23 -8 -18 24 -2
right_child=2 3 4 -5 10 6 7 -9 9 15 16 12 14 -15 -16 -17 17 -19 -20 -21 -22 -23 -24 -25 -26
leaf_value=0.002985329600767507 -0.0012477373736269077 -1.669433590180516e-05 0.00073865346681840384 -0.00086102583615701989 0.0018591427493871158 0.0015850167517085236 -0.00051333309974763239 0.0012396238448676795 4.8050463990944843e-05 0.0012807355417058996 -0.00048683953574400041 -0.00021239256403121723 -0.0015234942086818615 0.0010738165645618422 -0.00044656138294588328 0.0028421123746010706 0.0015981020447875768 -0.00015069430263048571 -0.0014880818417706001 -0.0013568819446295041 0.00079483565252613266 -0.0016433901094855181 0.00049010954015718858 -0.00012400699749241339 -0.00067219311673091245
leaf_weight=95 146 119 141 90 101 139 119 156 85 94 97 374 130 119 1146 109 90 113 99 104 87 81 84 116 298
leaf_count=95 146 119 141 90 101 139 119 156 85 94 97 374 130 119 1146 109 90 113 99 104 87 81 84 116 298
internal_value=2.10777e-06 0.00110336 -0.000172889 0.000728517 -6.55268e-06 -0.000139947 0.000444533 -9.54784e-06 0.00108376 0.00153449 0.000651699 -0.000291904 -0.000375148 0.000102269 -0.000559491 0.0021472 0.000322563 0.00059852 -0.000736423 -0.000631983 -0.000509901 -0.000988053 0.00108018 -0.000715748 -0.000868378
internal_weight=4332 592 3740 497 2890 2405 495 356 407 288 485 1910 1769 493 1276 203 384 287 850 751 647 200 174 560 444
internal_count=4332 592 3740 497 2890 2405 495 356 407 288 485 1910 1769 493 1276 203 384 287 850 751 647 200 174 560 444
is_linear=0
shrinkage=0.015492


Tree=110
num_leaves=30
num_cat=0
split_feature=81 1 12 26 53 51 9 60 15 45 35 2 8 6 72 1 51 47 45 61 57 80 26 74 40 64 61 10 25
split_gain=3.3838 1.65028 1.42769 1.57215 1.06284 1.02584 1.61164 0.879931 0.888327 0.853212 0.76847 0.70886 0.702071 0.532084 0.845179 0.495662 0.360196 0.499503 0.811125 0.3542 0.351891 0.309165 0.307988 0.378358 0.613786 0.280817 0.258676 0.25216 0.179213
threshold=13.70058649690259 43.396425510512465 0.25000000000000011 104.54321834140354 0.11136129029890386 103.08199616847217 1.0000000180025095e-35 1.7697438863913322 23.081192739804589 98.997706404703635 33.004115586810649 111.91373908996583 -1.0000000180025095e-35 109.80697648790149 66.009734748072148 104.13217756165399 108.7837543015127 85.880720437367742 103.79589449123101 0.034213565433468325 1.4447483015507416 9.0816483145177518 104.24306143654719 103.06118954916798 20.548244050078925 0.23378226524691009 2.8757137242944144 1.0000000180025095e-35 89.285998697280903
decision_type=2 2 2 2 2 2 2 2 2 2 2 2 2 2 2 2 2 2 2 2 2 2 2 2 2 2 2 2 2
left_child=5 2 3 4 -2 -1 25 8 11 22 -6 -5 -10 15 -15 28 17 26 -19 -12 -8 -16 23 -4 -25 -7 -17 -18 -3
right_child=1 13 9 7 10 6 20 -9 12 -11 19 -13 -14 14 21 16 27 18 -20 -21 -22 -23 -24 24 -26 -27 -28 -29 -30
leaf_value=0.0028360691763387675 -0.00022683066933107949 -0.0008673724694766348 -0.0013284938215939492 -0.00026941174722099916 0.00288969681816564 0.0012728081128158964 0.00055899426147008088 -0.0013654123897318177 0.001677699831866421 0.00087865751382562498 0.00053912963549727997 0.00062941577686962769 0.00023971331804411252 0.0012622827434876987 -0.0011729367803142653 -0.0015057980158371266 -0.00054168039566009323 -0.0004516156066699706 0.0010721730997841992 0.0018365164935698352 -0.00083635592294227501 0.00010190445431831278 -0.0014766498590333447 -0.00083698700524996797 0.00058069828854051704 0.0026065190025704207 -0.0005363057539453114 -0.0017180041992691927 -0.0019018411112670184
leaf_weight=83 96 81 113 813 83 86 82 92 144 84 119 281 186 89 92 112 85 374 105 90 86 87 117 184 118 85 169 97 99
leaf_count=83 96 81 113 813 83 86 82 92 144 84 119 281 186 89 92 112 85 374 105 90 86 87 117 184 118 85 169 97 99
internal_value=2.133e-06 -0.000140424 9.59772e-05 0.000305736 0.00118186 0.0013153 0.000922213 7.9655e-05 0.000175612 -0.000550653 0.00164301 -3.74298e-05 0.00087643 -0.000568393 5.11079e-05 -0.0007162 -0.000570494 -0.000419142 -0.000113054 0.00111537 -0.000156806 -0.000560927 -0.000779968 -0.000574635 -0.000282518 0.00196804 -0.000934241 -0.00118587 -0.00145753
internal_weight=4332 3910 2520 1904 388 422 339 1516 1424 616 292 1094 330 1390 268 1122 942 760 479 209 168 179 532 415 302 171 281 182 180
internal_count=4332 3910 2520 1904 388 422 339 1516 1424 616 292 1094 330 1390 268 1122 942 760 479 209 168 179 532 415 302 171 281 182 180
is_linear=0
shrinkage=0.015492


Tree=111
num_leaves=27
num_cat=0
split_feature=82 51 2 47 70 51 30 19 11 1 1 79 82 51 46 64 54 60 61 78 21 45 15 59 0 12
split_gain=3.2893 1.63101 1.38396 1.1521 1.02052 0.847966 1.04016 1.68422 0.828301 0.765664 0.762875 0.664043 0.735589 0.77946 0.774619 0.665022 0.548312 0.361066 0.3501 0.401232 0.246512 0.686814 0.246348 0.20261 0.206363 0.134733
threshold=24.082954487860938 103.02861248634481 38.719038755628809 94.632921657209053 0.50675346268547383 110.9896711360967 64.724162630505035 98.317152716318802 1.0000000180025095e-35 38.685188300874508 33.906552090115035 101.98461934645971 26.398994514543691 109.86577551839618 96.828851776476284 0.23759443061329497 0.090363363281437098 0.35051874942249844 -2.1511913976625148 66.798861049281228 104.05926787588332 103.93125711997351 22.402189823521514 -1.4853733848362436 83.028702512983202 -0.93301270189221908
decision_type=2 2 2 2 2 2 2 2 2 2 2 2 2 2 2 2 2 2 2 2 2 2 2 2 2 2
left_child=1 -1 20 8 5 11 -7 17 16 -10 -6 15 14 -14 -13 -4 -3 -8 -12 22 21 23 -20 -2 -25 -26
right_child=2 3 4 -5 10 6 7 -9 9 -11 18 12 13 -15 -16 -17 -18 -19 19 -21 -22 -23 -24 24 25 -27
leaf_value=0.002904213403650731 -0.0014274763281573945 0.0013304647904395792 -0.00027649915928157348 -0.00085831637455448164 0.001819243587252296 0.0015545760616055208 -0.00037841107743600872 0.0012287317322287881 0.002640355162003893 0.00062878520559257202 -0.00050911851320753574 -0.00067676160470058681 0.0005961432048288552 -0.00095938786943126637 0.00084202306240329272 0.0013436345922327206 -0.00023635504189919448 -0.0017032971644627955 0.0015333854020593818 -0.00015350077576931927 -0.0012874411724568807 0.00071449261676048226 0.00037765755404349337 -2.258699636220037e-05 -0.00034346773487947755 -0.00096955471761682303
leaf_weight=95 94 87 130 90 101 139 126 149 108 81 91 1192 292 102 84 110 131 81 99 111 149 83 83 104 120 300
leaf_count=95 94 87 130 90 101 139 126 149 108 81 91 1192 292 102 84 110 131 81 99 111 149 83 83 104 120 300
internal_value=2.13972e-06 0.00107227 -0.000167912 0.000707404 -6.04748e-06 -0.00013698 0.000432719 -1.39055e-05 0.0010574 0.0018008 0.000640051 -0.000285094 -0.000394675 0.000189233 -0.000575061 0.000472733 0.00039761 -0.000913312 0.000318585 0.000578373 -0.000716294 -0.000590061 0.00102071 -0.000767879 -0.000642325 -0.000794392
internal_weight=4332 592 3740 497 2890 2405 495 356 407 189 485 1910 1670 394 1276 240 218 207 384 293 850 701 182 618 524 420
internal_count=4332 592 3740 497 2890 2405 495 356 407 189 485 1910 1670 394 1276 240 218 207 384 293 850 701 182 618 524 420
is_linear=0
shrinkage=0.015492


Tree=112
num_leaves=24
num_cat=0
split_feature=81 1 70 51 44 51 81 14 83 77 61 48 82 30 10 3 61 8 36 32 45 51 50
split_gain=3.20418 1.5038 1.28305 1.02565 0.972926 1.07521 0.959333 0.8851 1.01681 0.656421 0.799869 0.651538 0.608054 0.597186 0.581264 0.52085 0.344604 0.59101 0.367228 0.314846 0.295716 0.20961 0.21449
threshold=13.715546600422071 43.396425510512465 0.50675346268547383 104.43718461124986 96.373643995744217 103.73073385026721 22.203750732398401 22.083862070507479 -0.11159481823107924 103.33127281844615 0.36192932329793598 96.879620767434474 24.716268563240341 60.616361540158593 1.0000000180025095e-35 21.45355798880259 2.5773159907014223 -0.78656609248549303 43.373979610866975 89.517935456169994 102.61770100779006 106.96968164920808 108.68292526262779
decision_type=2 2 2 2 2 2 2 2 2 2 2 2 2 2 2 2 2 2 2 2 2 2 2
left_child=3 2 6 4 5 -1 7 8 12 -9 -11 16 -2 -4 -10 -15 18 -18 19 20 -3 -19 -23
right_child=1 11 13 -5 -6 -7 -8 9 14 10 -12 -13 -14 15 -16 -17 17 21 -20 -21 -22 22 -24
leaf_value=-0.00032980180435405207 0.00077454568175417207 -0.00090149311184173602 0.0017486902379145863 -1.2220179611162826e-05 0.0025673481680385051 0.0021119286173826193 0.0015432291914810273 0.0015214991700620336 -0.00039510256031544859 0.00037526130229381942 -0.00077942953010998336 0.00039168836214574173 -0.00034897770859547639 -0.00033050581370072847 -0.0012899444801659189 0.0012249389392200599 0.00065086035834895138 -0.0011131577769553742 -0.0016760474365011494 -0.0013269116273191075 -0.00013469317428552879 6.3287070302336793e-05 -0.00087964248622798879
leaf_weight=88 214 242 137 114 156 81 84 85 443 625 184 155 245 105 289 97 109 136 115 155 241 133 99
leaf_count=88 214 242 137 114 156 81 84 85 443 625 184 155 245 105 289 97 109 136 115 155 241 133 99
internal_value=2.18427e-06 -0.000139594 8.67001e-05 0.00125247 0.00169262 0.000855554 -5.22226e-05 -0.000118555 -0.000394725 0.000249348 0.000110719 -0.000548777 0.000176195 0.000968863 -0.000752136 0.000422617 -0.000667993 -0.000338984 -0.000874234 -0.000722777 -0.000522094 -0.00063515 -0.000344483
internal_weight=4332 3893 2508 439 325 169 2169 2085 1191 894 809 1385 459 339 732 202 1230 477 753 638 483 368 232
internal_count=4332 3893 2508 439 325 169 2169 2085 1191 894 809 1385 459 339 732 202 1230 477 753 638 483 368 232
is_linear=0
shrinkage=0.015492


Tree=113
num_leaves=26
num_cat=0
split_feature=81 1 12 37 61 51 9 78 14 81 85 48 78 73 34 33 77 48 32 11 64 56 54 45 0
split_gain=3.10767 1.51308 1.36328 1.51806 0.948772 0.942831 1.55616 0.81404 0.806835 0.767663 0.644241 0.514605 0.457371 0.403715 0.339393 0.334009 0.323814 0.507441 1.11036 0.537093 0.268531 0.217289 0.136901 0.119096 0.08031
threshold=13.70058649690259 43.396425510512465 0.25000000000000011 103.39419950909085 -3.5383273890897047 103.08199616847217 1.0000000180025095e-35 87.568122975627588 22.040003545284268 15.121091452751301 487.23292353359574 88.873607639736619 55.861108056836649 102.37596811880671 35.591148311297111 104.87899454116823 33.864432874917988 89.510428119147278 80.56495825661554 -0.22252093395631442 0.23378226524691009 1.6183603147095023 0.037733617303441255 102.16316576604491 89.752477043999576
decision_type=2 2 2 2 2 2 2 2 2 2 2 2 2 2 2 2 2 2 2 2 2 2 2 2 2
left_child=5 2 3 -2 -5 -1 20 9 11 -6 15 13 -8 -4 -15 21 22 19 -19 -18 -7 24 -17 -24 -3
right_child=1 10 8 4 7 6 12 -9 -10 -11 -12 -13 -14 14 -16 16 17 18 -20 -21 -22 -23 23 -25 -26
leaf_value=0.0027185931471959638 0.0023105772642725481 -0.00096119389720670492 0.00046809170885381312 0.0017104790862384638 0.00035152958712378828 0.0012324016681346062 -0.00096898225809212478 0.0015379540744530633 0.00086891346224229394 -0.00031920985985354995 0.0007442000705764301 -0.0015292781923138632 0.00062140302173179754 -0.00020455830521800799 -0.0012472383681034901 -0.00047558358778512262 -0.0015624309372753989 -0.00042457752418947892 0.0014467532547326571 -0.00022713989526938457 0.0025354409325009149 -0.00050280227533077858 -0.00079024765621505527 -0.0015988531564713206 -0.0016775201669766257
leaf_weight=83 83 82 86 92 876 86 84 89 82 764 85 148 84 153 147 125 120 282 101 179 85 107 115 83 111
leaf_count=83 83 82 86 92 876 86 84 89 82 764 85 148 84 153 147 125 120 282 101 179 85 107 115 83 111
internal_value=2.18457e-06 -0.000134432 9.19286e-05 0.000296904 0.000201617 0.00126063 0.000883773 0.000118604 -0.000539944 3.89978e-05 -0.000544225 -0.000759904 -0.000176164 -0.000455664 -0.000722673 -0.000629648 -0.000491609 -0.000297919 7.5699e-05 -0.000773 0.00191148 -0.00108283 -0.000894142 -0.00114747 -0.00139199
internal_weight=4332 3910 2520 1904 1821 422 339 1729 616 1640 1390 534 168 386 300 1305 1005 682 383 299 171 300 323 198 193
internal_count=4332 3910 2520 1904 1821 422 339 1729 616 1640 1390 534 168 386 300 1305 1005 682 383 299 171 300 323 198 193
is_linear=0
shrinkage=0.015492


Tree=114
num_leaves=25
num_cat=0
split_feature=82 66 35 26 2 70 11 50 32 22 66 32 82 64 74 32 59 55 55 21 45 76 63 57
split_gain=3.01474 1.33795 1.51071 1.27769 1.27698 0.962892 0.851259 0.773678 0.952456 1.58197 0.611536 0.608028 0.618896 0.57585 0.498189 0.524096 0.436444 0.261882 0.250005 0.243095 0.639109 0.230289 0.17362 0.114579
threshold=24.082954487860938 -71.343828907542743 40.725184697045236 102.7517790359921 38.719038755628809 0.50675346268547383 1.0000000180025095e-35 111.28436075722732 64.730598380830585 98.041998277240353 -72.011338122155934 58.802630478541062 26.398994514543691 0.26489509138031919 105.10498984681236 61.088762386639921 0.5482358375743247 0.21596998390652294 1.1226548323838066 104.05926787588332 103.79589449123101 110.60965744111273 1.2271685885577923 0.98482323705778563
decision_type=2 2 2 2 2 2 2 2 2 2 2 2 2 2 2 2 2 2 2 2 2 2 2 2
left_child=1 -1 3 -3 18 7 17 11 -9 21 -7 -6 16 -14 15 -12 -13 -5 19 20 22 -10 23 -2
right_child=4 2 -4 6 5 10 -8 8 9 -11 14 12 13 -15 -16 -17 -18 -19 -20 -21 -22 -23 -24 -25
leaf_value=-0.00077565356005797619 -0.00041344377045599777 0.0034549963402024878 -0.00021705142493455736 0.0011214352555124019 0.00070554849966144293 0.0015438318163606365 0.0022081368344781097 0.0015313692787360185 -0.00043838691051581392 0.0011590973324853142 0.001479257294605562 -0.00064786999862242968 -0.00035910304949235086 0.00081449727210333798 -0.00064958714833675268 7.596104450337577e-05 -1.9317711966399405e-05 -7.3653662785078171e-05 -0.0014141358823639984 -0.0011970263545912556 0.00073451275812201199 -0.0015949920703037918 -0.00011352718919461334 -0.00097752653048865891
leaf_weight=83 133 84 117 91 141 125 135 133 85 144 104 1068 209 188 96 160 353 82 99 128 90 84 112 288
leaf_count=83 133 84 117 91 141 125 135 133 85 144 104 1068 209 188 96 160 353 82 99 128 90 84 112 288
internal_value=2.19099e-06 0.00102669 0.00132343 0.0017817 -0.000160608 -5.12506e-06 0.00129764 -0.000132309 0.000448084 -2.15829e-05 0.000622465 -0.000264948 -0.00034125 0.000198276 0.000292717 0.000638972 -0.000492139 0.000562439 -0.000687369 -0.000586476 -0.000456027 -0.00103065 -0.000660051 -0.0008035
internal_weight=4332 592 509 392 3740 2890 308 2405 446 313 485 1959 1818 397 360 264 1421 173 850 751 623 169 533 421
internal_count=4332 592 509 392 3740 2890 308 2405 446 313 485 1959 1818 397 360 264 1421 173 850 751 623 169 533 421
is_linear=0
shrinkage=0.015492


Tree=115
num_leaves=29
num_cat=0
split_feature=81 66 12 51 35 66 57 36 41 26 39 42 35 60 26 11 60 65 58 25 55 84 42 44 22 22 36 60
split_gain=2.93772 1.41117 1.3053 1.48474 0.990852 1.23919 0.954735 0.8264 0.820635 0.871692 0.804518 0.736748 0.556112 0.495729 0.474963 0.496932 0.293745 0.314623 0.371829 0.356218 0.291539 0.427794 0.240683 0.189438 0.170345 0.220129 0.0837006 0.0782229
threshold=13.715546600422071 -0.54950201776293983 0.25000000000000011 103.27412696114295 40.725184697045236 -69.907236732906753 1.2095804080389725 102.93005510965985 24.060603100988601 104.54321834140354 4.3220428352885811 21.058476508767516 33.360589289135412 0.28623703055911426 103.03065153757733 1.0000000180025095e-35 -2.7563960160149459 70.992985871251449 -0.05217993741786308 86.572498316235041 0.067145870714068648 412.96568273511565 24.434878562512228 95.002239711902789 104.04160685115393 102.67092571152581 40.737018592622555 -0.65962807134346224
decision_type=2 2 2 2 2 2 2 2 2 2 2 2 2 2 2 2 2 2 2 2 2 2 2 2 2 2 2 2
left_child=4 2 3 -2 5 -1 10 11 9 -8 12 -4 -5 -12 -7 -16 -3 18 19 -18 21 -9 26 -23 25 27 -20 -19
right_child=1 16 7 6 -6 14 8 20 -10 -11 13 -13 -14 -15 15 -17 17 24 22 -21 -22 23 -24 -25 -26 -27 -28 -29
leaf_value=-7.0742336688592894e-05 0.0020442396454483053 -0.0014138651370535216 -0.00059374151041484749 0.00047667176904570799 -0.00021448423643242003 0.0030570518913343833 0.0012603583835494683 0.00027634347294369822 0.0018813452437751934 0.00011256924601880612 0.00086686486860368818 0.001389944293598409 -0.00089402003609511478 -0.00026117615675119667 0.00069124523611375881 0.0023543899242271797 -0.00048030114038092198 -0.0011926918656808183 -0.00062000491431018199 0.0007064641139982907 -0.0015272185328032235 -0.0012963005141894729 5.4958236978508124e-05 -0.00039034850987048605 -0.0014000263006470983 -1.8104038221925667e-05 -0.0013277025219411455 -0.00066023861692684365
leaf_weight=83 101 95 93 84 93 85 190 87 84 905 182 82 406 187 84 94 104 107 97 138 128 158 81 90 89 102 81 222
leaf_count=83 101 95 93 84 93 85 190 87 84 905 182 82 406 187 84 94 104 107 97 138 128 158 81 90 89 102 81 222
internal_value=2.21608e-06 -0.000133539 5.35306e-05 0.000237039 0.00119939 0.00157832 0.000144712 -0.000559896 0.000430515 0.000314556 -0.000247585 0.000342618 -0.000657472 0.000297337 0.00209428 0.00159322 -0.000598065 -0.000518358 -0.00023902 0.000196434 -0.000901218 -0.000650934 -0.000643945 -0.000976027 -0.00078456 -0.000648926 -0.000958339 -0.000842404
internal_weight=4332 3893 2777 2139 439 346 2038 638 1179 1095 859 175 490 369 263 178 1116 1021 501 242 463 335 259 248 520 431 178 329
internal_count=4332 3893 2777 2139 439 346 2038 638 1179 1095 859 175 490 369 263 178 1116 1021 501 242 463 335 259 248 520 431 178 329
is_linear=0
shrinkage=0.015492


Tree=116
num_leaves=27
num_cat=0
split_feature=38 35 29 57 66 1 81 51 31 61 26 49 79 7 45 24 49 9 10 48 18 51 80 48 18 55
split_gain=2.86394 1.89331 1.50212 1.67216 1.47766 1.44952 1.19281 1.18054 1.01413 0.991392 0.723745 0.702905 0.665987 0.65477 0.61569 0.565131 0.420675 0.373571 0.372362 0.280931 0.616722 0.482766 0.4243 0.585579 0.113068 0.0670155
threshold=4.4877582413620436 44.468812533484574 60.936872483359451 3.6113251075976236 -71.69598405096265 39.203008611996971 22.203750732398401 106.64824059963227 64.78799805323284 -0.048789726230850754 106.15068283610874 111.97082783557752 101.90385006374784 59.790017643504683 101.47166781451971 90.740997145970667 104.56539194071735 1.0000000180025095e-35 -0.60785761079279388 96.108589335503396 24.026926767561175 108.74596851967001 8.3194962214266344 87.010193976009347 23.895427799754675 0.044073047807374081
decision_type=2 2 2 2 2 2 2 2 2 2 2 2 2 2 2 2 2 2 2 2 2 2 2 2 2 2
left_child=1 2 3 9 -2 -6 7 10 11 12 18 -9 13 -1 -10 -11 -3 -14 -4 21 -21 22 25 -24 -23 -18
right_child=4 16 6 -5 5 -7 -8 8 14 15 -12 -13 17 -15 -16 -17 19 -19 -20 20 -22 24 23 -25 -26 -27
leaf_value=-7.2504689723034663e-05 -0.00028955379877095531 -0.0015834687732212481 0.00018454510093895746 0.0022540025310689672 0.003014850789624299 0.00044792658807168512 0.0014592916432904356 0.00035774068996345784 -0.0005615165908020224 0.00021603276563712654 -0.0020958660209591082 0.0019122987753652761 0.00011689339028865963 0.0016054476199525828 0.00041841296941759422 0.001797675415310865 -0.00067260467604696856 -0.0012181041744132742 -0.00076774896694433575 0.0010214324100420238 -0.00080026567470326882 -0.00082594105261557874 -0.00077198982620953172 0.00016709341426584818 -0.0015513645487346774 -0.0012686626486015803
leaf_weight=166 87 91 128 133 142 85 106 311 496 89 81 88 82 81 220 140 94 125 410 83 90 113 270 381 121 119
leaf_count=166 87 91 128 133 142 85 106 311 496 89 81 88 82 81 220 140 94 125 410 83 90 113 270 381 121 119
internal_value=2.20905e-06 -0.000109516 0.000131313 0.000683335 0.0014203 0.00207147 -0.000114125 -0.00021259 8.87522e-05 0.000369279 -0.000753462 0.000711919 -5.11274e-05 0.000489404 -0.000259834 0.00119354 -0.000578509 -0.000694423 -0.000541238 -0.000503116 7.56091e-05 -0.000594339 -0.000422562 -0.000223916 -0.00121554 -0.00101834
internal_weight=4332 4018 2656 816 314 227 1840 1734 1115 683 619 399 454 247 716 229 1362 207 538 1271 173 1098 864 651 234 213
internal_count=4332 4018 2656 816 314 227 1840 1734 1115 683 619 399 454 247 716 229 1362 207 538 1271 173 1098 864 651 234 213
is_linear=0
shrinkage=0.015492


Tree=117
num_leaves=28
num_cat=0
split_feature=38 35 12 49 66 1 53 3 86 62 14 72 11 44 48 55 41 57 49 8 48 18 51 80 48 18 55
split_gain=2.77755 1.83669 1.48504 1.7651 1.43324 1.4057 0.968827 0.799331 0.722249 0.781244 0.672461 0.628733 1.10028 0.750015 0.491054 0.475291 0.700022 0.472219 0.40818 0.379127 0.272505 0.598364 0.468298 0.411634 0.568275 0.10965 0.0649745
threshold=4.4877582413620436 44.468812533484574 0.25000000000000011 104.56539194071735 -71.69598405096265 39.203008611996971 0.088531434215583169 22.041754602061374 266.58332182108131 -0.038913655167929211 23.277292950418261 63.75819301790667 1.0000000180025095e-35 101.75095389083582 88.117330649340616 0.066064858674748358 20.383073694176151 1.6323943577411273 104.56539194071735 0.37940952255126054 96.108589335503396 24.026926767561175 108.74596851967001 8.3194962214266344 81.216899391280307 23.895427799754675 0.044073047807374081
decision_type=2 2 2 2 2 2 2 2 2 2 2 2 2 2 2 2 2 2 2 2 2 2 2 2 2 2 2
left_child=1 2 3 6 -2 -6 -1 14 9 -8 11 12 -5 -13 15 16 -4 19 -3 -12 22 -22 23 26 -25 -24 -20
right_child=4 18 7 10 5 -7 8 -9 -10 -11 17 13 -14 -15 -16 -17 -18 -19 20 -21 21 -23 25 24 -26 -27 -28
leaf_value=-0.00046307276440359633 -0.00028520995959841291 -0.0015596805968524658 -0.00078296222504816923 -0.00031403094483438643 0.0029690612124165616 0.00044121181188110304 -0.00016469044839664398 0.0008657266865890722 0.0024705363081624983 0.0014391286595044528 0.00084005255790936463 -0.00056818061698393687 0.0014026146128631235 0.00064740782240440664 -0.0014598920284399301 -0.0012581940668874752 0.00079231380116274942 0.001627721885834787 -0.00066249047678537969 -0.00049194206336578266 0.0010061322915777362 -0.00078824746531650641 -0.00081345949672184973 -0.0012424969100379895 -1.6133644810041586e-05 -0.0015278823627041017 -0.001249466979699523
leaf_weight=82 87 91 148 207 142 85 99 83 105 267 121 674 154 146 160 115 120 90 94 85 83 90 113 106 545 121 119
leaf_count=82 87 91 148 207 142 85 99 83 105 267 121 674 154 146 160 115 120 90 94 85 83 90 113 106 545 121 119
internal_value=2.20015e-06 -0.000107826 0.000129374 0.0003328 0.00139873 0.00204005 0.00107695 -0.000528683 0.00134642 0.00100714 5.25908e-05 -0.000113214 0.000423271 -0.000350151 -0.000745384 -0.000438112 -7.63764e-05 0.000709209 -0.000569754 0.000290805 -0.000495487 7.44854e-05 -0.000585332 -0.000416147 -0.000220485 -0.00119716 -0.00100297
internal_weight=4332 4018 2656 2030 314 227 553 626 471 366 1477 1181 361 820 543 383 268 296 1362 206 1271 173 1098 864 651 234 213
internal_count=4332 4018 2656 2030 314 227 553 626 471 366 1477 1181 361 820 543 383 268 296 1362 206 1271 173 1098 864 651 234 213
is_linear=0
shrinkage=0.015492


Tree=118
num_leaves=28
num_cat=0
split_feature=38 35 12 36 66 1 83 58 48 48 45 11 12 75 8 60 64 35 86 44 61 28 60 61 3 47 4
split_gain=2.69383 1.78179 1.4403 1.67915 1.39017 1.3632 0.884687 0.977568 0.964722 0.895697 0.78078 0.426561 0.393081 0.38602 0.365847 0.319328 0.28641 0.337271 0.282482 0.682269 0.469642 0.347111 0.298759 0.171426 0.357658 0.131515 0.111007
threshold=4.4877582413620436 44.468812533484574 0.25000000000000011 103.3612646622128 -71.69598405096265 39.203008611996971 -0.11159481823107924 -0.96419758205060535 85.802291211905313 80.999365665294519 98.997706404703635 -0.22252093395631442 -0.6830127018922193 58.20818612029553 -0.37940952255126059 -2.7563960160149459 0.25713901834632896 35.879860951105762 296.37893507004054 104.00614266872405 4.5728015529359327 108.4497541417016 0.67951180996718119 -2.6893559903568653 20.694158302148193 87.93361710813312 102.03354447576736
decision_type=2 2 2 2 2 2 2 2 2 2 2 2 2 2 2 2 2 2 2 2 2 2 2 2 2 2 2
left_child=1 2 3 -1 -2 -6 8 -8 13 -9 16 -10 15 -5 -14 -3 23 -18 19 22 26 -22 -17 -4 -25 -16 -20
right_child=4 12 10 6 5 -7 7 9 11 -11 -12 -13 14 -15 25 18 17 -19 20 -21 21 -23 -24 24 -26 -27 -28
leaf_value=0.0023869177691743276 -0.00028093126263662469 -0.0012762423192526008 -0.0015917038076979733 -0.00070445210095580204 0.0029239670609163501 0.00043459766730795905 -0.0015871536219398924 0.0014844642120739376 0.00076627361049291147 1.9434549850131745e-05 0.0008392306444185533 0.0021348356746858925 -0.00040109889265730497 0.00054981448828125238 -0.0010448246068873795 -0.00059099314816397626 0.00048114436996151056 -0.00084932670701297732 -0.00084034247104502449 0.0010025026896808731 0.00029245428276932959 -0.000776570678922827 0.0004245061796462992 -0.0013071703382375791 -0.00019199362985890532 -0.0020004932066269763 -0.0016525899377643988
leaf_weight=88 87 94 86 83 142 85 81 106 105 1258 85 124 117 185 82 324 84 94 104 106 151 136 86 145 132 81 81
leaf_count=88 87 94 86 83 142 85 81 106 105 1258 85 124 117 185 82 324 84 94 104 106 151 136 86 145 132 81 81
internal_value=2.17253e-06 -0.000106183 0.000127445 0.000327784 0.0013775 0.00200911 0.000231079 3.66102e-05 0.000792886 0.0001362 -0.000520622 0.00152479 -0.000561154 0.000157725 -0.00107698 -0.000425116 -0.000737708 -0.000223282 -0.000340621 -8.89609e-05 -0.000613377 -0.000216465 -0.000376316 -0.000986026 -0.000783412 -0.0015464 -0.00121607
internal_weight=4332 4018 2656 2030 314 227 1942 1445 497 1364 626 229 1362 268 280 1082 541 178 988 516 472 287 410 363 277 163 185
internal_count=4332 4018 2656 2030 314 227 1942 1445 497 1364 626 229 1362 268 280 1082 541 178 988 516 472 287 410 363 277 163 185
is_linear=0
shrinkage=0.015492


Tree=119
num_leaves=30
num_cat=0
split_feature=38 35 12 49 66 1 53 3 42 14 81 14 29 45 35 57 25 49 41 66 83 56 16 13 51 46 30 46 60
split_gain=2.61271 1.72837 1.39701 1.67465 1.34838 1.32199 0.949847 1.09175 0.854832 0.76491 0.742949 0.653838 0.608469 1.02194 0.784106 0.458084 0.427513 0.392082 0.367671 0.505073 0.336629 0.268856 0.4049 0.298807 0.297205 0.357501 0.273411 0.170099 0.0526664
threshold=4.4877582413620436 44.468812533484574 0.25000000000000011 104.56539194071735 -71.69598405096265 39.203008611996971 0.19849555570650571 20.80421214712992 21.079205920696264 22.040003545284268 13.889012000952706 23.277292950418261 64.803374187681399 101.47166781451971 38.20657394144272 1.6323943577411273 89.471991564432784 104.56539194071735 20.383073694176151 -66.271683946185632 -0.016436092509365372 2.7571229748193207 24.00087669319576 0.6830127018922193 108.7837543015127 97.209954805727378 90.664292869567888 75.668398608101725 0.38001309037208847
decision_type=2 2 2 2 2 2 2 2 2 2 2 2 2 2 2 2 2 2 2 2 2 2 2 2 2 2 2 2 2
left_child=1 2 3 6 -2 -6 8 -8 10 16 -1 12 14 -14 -5 20 18 -3 27 -20 -13 23 -23 24 26 -26 -19 -4 -25
right_child=4 17 9 11 5 -7 7 -9 -10 -11 -12 15 13 -15 -16 -17 -18 21 19 -21 -22 22 -24 28 25 -27 -28 -29 -30
leaf_value=8.6505600828375035e-05 -0.00027671672987077058 -0.0015228194915293564 -0.0014071846733653814 -0.00010559938881733669 0.0028795578004435127 0.00042808271962857362 0.00065764859406733562 0.0026143303483911456 -0.00079553363098696869 0.00085123855019861728 0.0020533383058855032 0.00090032245989971678 -0.00075287215674442844 0.00067991706437627031 0.001212693421926549 0.0016020048901105649 -0.0014485456159459207 -0.00012967871877998116 0.00090981451801540737 -0.00064447359583404574 -0.00033661441117738484 -0.00052747462366939586 0.00086897206546798962 -0.0014319177186906203 -0.0012401632649743297 -2.5884041280907178e-05 -0.0010267654845442921 -0.00048789174560046435 -0.00082057940939726738
leaf_weight=99 87 91 92 364 142 85 134 143 93 83 84 103 513 153 151 90 142 526 84 116 103 120 81 92 194 83 94 109 81
leaf_count=99 87 91 92 364 142 85 134 143 93 83 84 103 513 153 151 90 142 526 84 116 103 120 81 92 194 83 94 109 81
internal_value=2.12416e-06 -0.000104587 0.000125511 0.000322817 0.00135659 0.00197863 0.00104765 0.00168438 0.000397645 -0.000512742 0.00100738 4.98825e-05 -0.000113605 -0.000422096 0.000285293 0.000697349 -0.00072474 -0.000552686 -0.000459822 1.14931e-05 0.000285267 -0.000479916 3.91088e-05 -0.000577343 -0.000460766 -0.000880591 -0.000269895 -0.000922848 -0.00116407
internal_weight=4332 4018 2656 2030 314 227 553 277 276 626 183 1477 1181 666 515 296 543 1362 401 200 206 1271 201 1070 897 277 620 201 173
internal_count=4332 4018 2656 2030 314 227 553 277 276 626 183 1477 1181 666 515 296 543 1362 401 200 206 1271 201 1070 897 277 620 201 173
is_linear=0
shrinkage=0.015492


Tree=120
num_leaves=28
num_cat=0
split_feature=38 35 29 57 59 62 78 51 61 31 21 10 41 61 79 20 3 49 9 55 58 59 62 12 55 51 39
split_gain=2.53389 1.67668 1.36368 1.57379 1.32751 1.3075 1.12982 1.08841 0.93156 0.866151 1.46004 0.64826 1.19782 0.908627 0.626899 0.648506 0.527101 0.380437 0.356894 0.262153 0.260713 0.456392 0.499935 0.372142 0.500037 0.36111 0.321343
threshold=4.4877582413620436 44.468812533484574 60.936872483359451 3.6113251075976236 0.36293493946396188 0.041336245069070639 89.358930879765111 110.95663552619794 -0.048789726230850754 64.730598380830585 98.066894933912522 -1.0000000180025095e-35 21.706480704325219 -0.75718736966451405 101.90385006374784 93.113807710011812 20.72529637151295 104.56539194071735 1.0000000180025095e-35 1.3247048602513762 -0.018354594210780558 -0.11615414049889237 -0.018895103568141499 -0.93301270189221908 0.056402031235073771 107.5392904633063 4.1769185874859458
decision_type=2 2 2 2 2 2 2 2 2 2 2 2 2 2 2 2 2 2 2 2 2 2 2 2 2 2 2
left_child=1 2 3 8 -2 -6 7 11 14 -9 -11 12 -4 -13 15 -1 -10 -3 -16 20 21 25 -23 24 -22 -19 -25
right_child=4 17 6 -5 5 -7 -8 9 16 10 -12 13 -14 -15 18 -17 -18 19 -20 -21 23 22 -24 26 -26 -27 -28
leaf_value=-0.00065836928643536654 0.0025979480585382082 -0.0014999424446687081 -0.00054064654965528384 0.0021733480577878343 -0.00092359581601995358 0.0016113966461601969 0.0014678614486675057 0.0014337927799080101 0.00013004539889770311 -0.00087279307630884007 0.0011126791388561155 0.00059075555997452215 0.00099926035897393247 -0.00099153271972127568 0.00010671844448233381 0.0010112019301668624 0.0016854852694422836 0.00024431772579369156 -0.0011983316303159691 -0.0012297932282862095 0.00084574308593175058 -0.00043375098526669093 0.00096758857648074261 -0.00060527696336097917 -0.00066909895389579181 -0.00095349144924247882 -0.0015563901194616512
leaf_weight=81 120 91 378 133 83 111 100 139 81 199 156 100 175 593 82 166 148 87 125 99 83 108 134 325 131 187 117
leaf_count=81 120 91 378 133 83 111 100 139 81 199 156 100 175 593 82 166 148 87 125 99 83 108 134 325 131 187 117
internal_value=2.11774e-06 -0.000102971 0.00012366 0.00064963 0.00133599 0.000528714 -0.000110191 -0.00020318 0.000345014 0.000410484 1.357e-06 -0.00044693 -5.0558e-05 -0.000761601 -6.2429e-05 0.000462077 0.00114403 -0.000544319 -0.000686491 -0.000472636 -0.000405783 -0.00014387 0.000344061 -0.000610158 -7.77758e-05 -0.000574243 -0.000865575
internal_weight=4332 4018 2656 816 314 194 1840 1740 683 494 355 1246 553 693 454 247 229 1362 207 1271 1172 516 242 656 214 274 442
internal_count=4332 4018 2656 816 314 194 1840 1740 683 494 355 1246 553 693 454 247 229 1362 207 1271 1172 516 242 656 214 274 442
is_linear=0
shrinkage=0.015492


Tree=121
num_leaves=27
num_cat=0
split_feature=81 74 12 51 51 10 49 86 51 50 60 36 60 42 48 63 45 22 45 55 84 63 44 86 0 56
split_gain=2.40516 1.24584 1.05113 1.37847 0.788205 0.777658 1.34692 2.29809 1.72992 1.14721 0.926672 0.768828 0.746764 0.672008 0.657613 0.920479 0.568644 0.324502 0.926581 0.265381 0.402509 0.233249 0.172757 0.158121 0.107549 0.119361
threshold=13.70058649690259 38.874031656914291 0.25000000000000011 103.27412696114295 103.08199616847217 1.0000000180025095e-35 105.01417247242398 254.12658622544248 106.96968164920808 111.70795460100528 0.73633227591159323 102.93005510965985 -0.95607300356582658 21.058476508767516 89.724897536436728 1.0267676210952612 98.003040376327675 104.10049565739104 103.99130025007106 0.067145870714068648 412.96568273511565 1.2271685885577923 95.002239711902789 297.17206728429204 85.736991658740621 0.73165732266243777
decision_type=2 2 2 2 2 2 2 2 2 2 2 2 2 2 2 2 2 2 2 2 2 2 2 2 2 2
left_child=4 17 3 -3 -1 6 7 -5 -8 10 -7 13 -6 -4 -14 -16 -11 18 21 20 -13 24 -22 -19 -2 -26
right_child=1 2 11 5 12 9 8 -9 -10 16 -12 19 14 -15 15 -17 -18 23 -20 -21 22 -23 -24 -25 25 -27
leaf_value=0.0024416424074608567 -0.0013194471751985415 0.0019245630790562674 -0.00054419340434284274 -0.0005544509263043807 -0.00049831230882280565 -0.00078784240610112145 -0.0012614875951217743 0.0026261725188166151 0.00041713491023815297 -7.7340223668957556e-05 0.00037971721574588623 0.00028858525969405771 2.7355870372516757e-05 0.0013505531203695438 0.00056304409361632776 0.0028228516263122273 0.0016081896198631655 -0.00070897193856321009 0.0010566504303912987 -0.0014461005227621544 -0.0012315611722158685 -3.1109572619681506e-05 -0.00036667769293076408 -0.0016997487517880177 -0.00033643353543833454 -0.00086631512933962472
leaf_weight=83 81 102 93 86 83 590 176 142 834 86 223 87 82 82 88 86 105 83 82 128 158 117 90 84 157 324
leaf_count=83 81 102 93 86 83 590 176 142 834 86 223 87 82 82 88 86 105 83 82 128 158 117 90 84 157 324
internal_value=2.13446e-06 -0.00011805 3.63342e-05 0.000188174 0.00110924 0.000106801 0.000366285 0.00143402 0.000121817 -0.000213204 -0.000467274 -0.000519745 0.000765174 0.000350529 0.00117613 0.00170787 0.000858797 -0.000612833 -0.000473666 -0.000849003 -0.000610352 -0.000662239 -0.000925754 -0.00122795 -0.000792657 -0.000696534
internal_weight=4332 3910 2982 2344 422 2242 1238 228 1010 1004 813 638 339 175 256 174 191 928 761 463 335 679 248 167 562 481
internal_count=4332 3910 2982 2344 422 2242 1238 228 1010 1004 813 638 339 175 256 174 191 928 761 463 335 679 248 167 562 481
is_linear=0
shrinkage=0.015492


Tree=122
num_leaves=26
num_cat=0
split_feature=38 35 70 79 3 66 4 64 63 64 82 9 65 72 31 47 64 11 23 59 21 59 65 51 53
split_gain=2.41426 1.69747 1.36489 1.03867 0.98916 0.812626 0.778237 0.723877 0.619905 0.556639 0.55131 0.539684 0.533135 0.503776 0.831682 0.496717 0.488898 0.47924 0.404981 0.388379 0.5354 0.37452 0.331793 0.305397 0.280867
threshold=4.5543444464246434 42.233549734221576 0.50675346268547383 101.98461934645971 22.10081146160762 -71.095906354056453 90.949472476111524 0.25713901834632896 1.1966872462831832 0.2412835302118094 25.619016998011393 0.25881904510252057 65.449205340809314 68.978242793083169 67.707147459454006 90.502404860165498 0.24320473884625851 -0.56174490092936669 93.147015747494152 0.092597227714676947 102.98975050184463 -0.38545767082105437 -0.47534314261542215 108.70721275762278 0.12655617837001745
decision_type=2 2 2 2 2 2 2 2 2 2 2 2 2 2 2 2 2 2 2 2 2 2 2 2 2
left_child=1 2 3 5 7 -1 -7 22 16 -3 -9 15 -13 14 -6 17 -4 -11 -8 20 -17 -19 -5 24 -14
right_child=-2 9 8 4 13 6 18 10 -10 11 -12 12 23 -15 -16 19 -18 21 -20 -21 -22 -23 -24 -25 -26
leaf_value=-0.00075543774892985127 0.0022184248189314549 0.00060582043154566224 0.00074767377219839813 -0.00020973920206876509 0.00029559298406286116 -0.00039384196486174955 0.000866838346858971 -0.0011489579808528464 -0.00014156323115157381 -0.0014732447544142826 0.00022817027246321099 -0.0019892383304752214 0.00018794978406616673 0.0012126288209085121 -0.0011559856149297887 -5.0295218448552181e-05 0.0020239396251663959 0.00055424174719966794 0.0020404755349274777 -0.00052843006014673772 0.0014307341465473436 -0.0006894858225405914 -0.0011466815192741121 -0.0013172303643256978 -0.00074399445229837106
leaf_weight=85 112 104 158 123 649 92 277 84 84 124 352 91 110 106 108 175 139 81 97 155 85 188 362 139 252
leaf_count=85 112 104 158 123 649 92 277 84 84 124 352 91 110 106 108 175 139 81 97 155 85 188 362 139 252
internal_value=2.13849e-06 -5.81148e-05 0.000173057 3.22445e-05 -0.000149443 0.000618412 0.000872255 -0.000501875 0.00102918 -0.000475174 -4.26692e-05 -0.000556604 -0.000911154 0.000226985 8.48335e-05 -0.000294442 0.0013588 -0.000687101 0.00118456 7.93335e-05 0.000443786 -0.000312777 -0.000911852 -0.000705044 -0.000461307
internal_weight=4332 4220 2716 2335 1784 551 466 921 381 1504 436 1400 592 863 757 808 297 393 374 415 260 269 485 501 362
internal_count=4332 4220 2716 2335 1784 551 466 921 381 1504 436 1400 592 863 757 808 297 393 374 415 260 269 485 501 362
is_linear=0
shrinkage=0.015492


Tree=123
num_leaves=28
num_cat=0
split_feature=38 33 12 49 53 14 55 51 32 83 58 75 48 59 48 18 55 41 52 61 30 61 9 42 8 82 53
split_gain=2.34185 1.64905 1.39309 1.91115 0.894474 0.703399 0.698496 0.612628 0.723013 0.692728 0.836465 0.497722 0.481516 0.453393 0.451017 0.903001 0.439945 0.603079 0.415961 0.374462 0.500201 0.472196 0.409986 0.373089 0.262278 0.209791 0.0774373
threshold=4.5543444464246434 43.460201428731288 0.25000000000000011 104.36487090322709 0.19849555570650571 22.040003545284268 0.035580700230766642 112.28262577546262 65.047344197167277 -0.11080459132776979 -0.83526867647965186 58.20818612029553 88.873607639736619 -0.058272061038898919 95.95433334337342 23.999154622819699 0.066064858674748358 20.383073694176151 0.089186030180146786 -2.4431083871920865 67.667923282517378 3.2242561396298801 1.0000000180025095e-35 23.737545577574661 0.12940952255126045 26.156963512343392 0.21894507457652027
decision_type=2 2 2 2 2 2 2 2 2 2 2 2 2 2 2 2 2 2 2 2 2 2 2 2 2 2 2
left_child=1 2 3 4 6 12 -1 9 -9 13 -11 -6 16 -5 19 -16 17 -4 -8 23 22 26 -21 -3 -23 -25 -22
right_child=-2 14 5 7 11 -7 18 8 -10 10 -12 -13 -14 -15 15 -17 -18 -19 -20 20 21 24 -24 25 -26 -27 -28
leaf_value=-0.00051087669511163183 0.0021849075023499605 -0.0015717913608346398 -0.00071833237383545545 0.0013005594765057098 0.0010246383104686174 0.00082182298144609892 0.00021582783053758538 0.0019062390829038402 -0.00010755314789105114 -0.0016417587040857119 -7.075569694681536e-05 0.0023654279419363998 -0.0014283083897412713 -3.6123467513253899e-05 0.0013055276529865103 -0.00071797588587277686 -0.0011955250982759369 0.00072794106679363992 0.0016948696582456549 0.00072490419681525752 -0.00088966656345796215 4.2145408005591508e-05 -0.00049210920959502592 -0.00093463479997198964 -0.0007729701766094791 1.0227199413267202e-05 -0.001596948058113592
leaf_weight=103 112 157 148 136 135 83 81 87 81 85 1106 145 150 108 92 117 113 125 105 138 82 198 123 153 178 88 103
leaf_count=103 112 157 148 136 135 83 81 87 81 85 1106 145 150 108 92 117 113 125 105 138 82 198 123 153 178 88 103
internal_value=2.1112e-06 -5.72313e-05 0.000161876 0.00034664 0.00111556 -0.00048492 0.000503016 7.21577e-05 0.000949149 -3.2126e-05 -0.000186591 0.00173608 -0.000690701 0.000714951 -0.000484706 0.000177901 -0.000395495 -5.51222e-05 0.00106418 -0.00059844 -0.000407042 -0.000666701 0.000151912 -0.000987831 -0.000346405 -0.000593163 -0.00130212
internal_weight=4332 4220 2791 2172 569 619 289 1603 168 1435 1191 280 536 244 1429 209 386 273 186 1220 822 561 261 398 376 241 185
internal_count=4332 4220 2791 2172 569 619 289 1603 168 1435 1191 280 536 244 1429 209 386 273 186 1220 822 561 261 398 376 241 185
is_linear=0
shrinkage=0.015492


Tree=124
num_leaves=27
num_cat=0
split_feature=38 35 59 62 29 57 81 74 72 12 86 61 27 36 51 22 11 12 7 56 13 39 51 59 46 8
split_gain=2.27529 1.49485 1.28564 1.27429 1.23771 1.50119 1.08755 1.09269 0.771757 0.799866 0.707643 0.8808 0.67717 0.643225 0.532118 0.505037 0.477721 0.362307 0.360301 0.287948 0.30903 0.28991 0.276448 0.356085 0.328591 0.162173
threshold=4.4877582413620436 44.468812533484574 0.36293493946396188 0.041336245069070639 60.936872483359451 4.5598673145386011 22.203750732398401 107.30535105599297 63.67481782979435 -0.6830127018922193 254.12658622544248 -0.034572109580039971 102.12886570188736 106.83692503611248 103.89611553633655 91.948184488084607 1.0000000180025095e-35 0.25000000000000011 59.631416013505735 2.7571229748193207 0.6830127018922193 4.0388079110119088 108.7837543015127 1.4906743898656745 97.209954805727378 0.12940952255126045
decision_type=2 2 2 2 2 2 2 2 2 2 2 2 2 2 2 2 2 2 2 2 2 2 2 2 2 2
left_child=1 4 -2 -4 5 10 7 13 16 -10 11 12 -1 17 -12 -16 -9 -6 -3 20 22 -21 23 -20 -24 -22
right_child=2 18 3 -5 6 -7 -8 8 9 -11 14 -13 -14 -15 15 -17 -18 -19 19 21 25 -23 24 -25 -26 -27
leaf_value=0.00075672015917275679 0.0025076826967125785 -0.0014134594139665665 -0.00096023048196341597 0.0015418240684263844 -1.9867646234438271e-05 0.0025829533921294294 0.0013960958511811544 0.0001628619530432163 -0.00047573849406049484 0.00046027338394078631 0.00020493698921042252 0.001396409114872398 -0.0007781539978064017 -0.0019068010208637156 0.00060421329425557838 0.002283277040764347 0.0017719081948979415 -0.00081210822954154872 -8.0247538956431749e-05 -0.00054713198283687294 -0.00060521680823852027 0.00062756319279573666 -0.0011798984043685198 -0.0011079197357093591 -1.345452883975915e-05 -0.0015789156458855197
leaf_weight=92 120 97 83 111 230 81 106 83 515 377 133 82 252 88 84 92 94 347 525 89 83 109 191 93 83 92
leaf_count=92 120 97 83 111 230 81 106 83 515 377 133 82 252 88 84 92 94 347 525 89 83 109 191 93 83 92
internal_value=2.0942e-06 -9.74866e-05 0.00126607 0.000472501 0.000116502 0.000617591 -0.000106283 -0.000200308 0.000106487 -7.98331e-05 0.000391766 -1.83915e-05 -0.000364573 -0.000691974 0.000952524 0.00150473 0.00103237 -0.000498108 -0.000514218 -0.00044218 -0.000542653 9.88338e-05 -0.000423177 -0.000239403 -0.000830644 -0.00113465
internal_weight=4332 4018 314 194 2656 816 1840 1734 1069 892 735 426 344 665 309 176 177 577 1362 1265 1067 198 892 618 274 175
internal_count=4332 4018 314 194 2656 816 1840 1734 1069 892 735 426 344 665 309 176 177 577 1362 1265 1067 198 892 618 274 175
is_linear=0
shrinkage=0.015492


Tree=125
num_leaves=23
num_cat=0
split_feature=38 35 70 77 79 78 75 45 51 48 23 63 11 64 76 64 36 59 5 51 48 56
split_gain=2.23336 1.55522 1.29396 1.04163 1.20357 0.823381 0.743683 0.738341 0.651942 0.619553 0.917378 0.591115 0.576406 0.524164 0.496088 0.474374 0.429577 0.307476 0.988128 0.473008 0.247047 0.290478
threshold=4.5543444464246434 42.233549734221576 0.50675346268547383 103.06419915199284 106.159975087444 82.863489653534387 63.037636384566632 90.603299673133421 108.7837543015127 93.769266544624642 92.740817374123509 1.1966872462831832 1.0000000180025095e-35 0.2412835302118094 102.89097043938108 0.24320473884625851 106.60730416403878 0.057806616006104157 4.2940766693486099 108.74596851967001 86.49118715595317 1.8900930174789226
decision_type=2 2 2 2 2 2 2 2 2 2 2 2 2 2 2 2 2 2 2 2 2 2
left_child=1 2 3 7 5 16 12 -1 -8 10 -9 15 -6 -3 -15 -4 -5 18 19 -16 -19 -22
right_child=-2 13 11 4 6 -7 8 9 -10 -11 -12 -13 -14 14 17 -17 -18 20 -20 -21 21 -23
leaf_value=-0.00057314375411353889 0.0021337465950532356 0.00059385857582397515 0.00071939856927315075 -0.00075591214055274465 0.00014888637785859818 0.00070240007413419417 0.00090719650900461556 0.00066856619610002716 -0.0002413019415641915 -0.00029308863910233388 0.0024073475012316809 -0.00014402755832264251 0.0018102517479557001 -0.0016509373578711913 -0.00028815503681513325 0.0019758726017581277 -0.0019819938539874346 -0.0013984673712800434 0.0012238199515207633 -0.0013389381281147161 -0.00082019610162361808 0.00017690663283364598
leaf_weight=113 112 104 158 437 101 81 138 345 749 101 91 84 98 87 625 139 81 113 91 121 270 93
leaf_count=113 112 104 158 437 101 81 138 345 749 101 91 84 98 87 625 139 81 113 91 121 270 93
internal_value=2.11005e-06 -5.58412e-05 0.000165432 2.833e-05 -0.000174915 -0.000730699 0.000132662 0.000553807 -6.01921e-05 0.000792881 0.00104492 0.000999013 0.000981452 -0.000455044 -0.00053407 0.00132089 -0.000957573 -0.000456594 -0.000276108 -0.000463143 -0.000770254 -0.000565109
internal_weight=4332 4220 2716 2335 1685 599 1086 650 887 537 436 381 199 1504 1400 297 518 1313 837 746 476 363
internal_count=4332 4220 2716 2335 1685 599 1086 650 887 537 436 381 199 1504 1400 297 518 1313 837 746 476 363
is_linear=0
shrinkage=0.015492


Tree=126
num_leaves=26
num_cat=0
split_feature=38 35 29 57 43 61 83 81 74 72 23 48 20 64 9 65 47 26 10 21 10 51 53 29 61
split_gain=2.1663 1.50835 1.25447 1.20801 1.24308 1.09113 1.10653 1.0457 1.24203 0.757099 0.748016 0.608877 0.589357 0.508398 0.51185 0.509599 0.465018 0.457423 0.4204 0.702059 0.406886 0.291217 0.267142 0.256713 0.115633
threshold=4.5543444464246434 42.233549734221576 61.144889135890537 4.8647607510550062 100.97983783368713 0.0040643275666951703 -0.1026485869424844 22.203750732398401 107.30535105599297 63.67481782979435 91.490431341595155 89.724897536436728 98.192473096847564 0.2412835302118094 0.25881904510252057 65.449205340809314 90.502404860165498 106.53531646728517 1.0000000180025095e-35 103.37345364676584 -0.60785761079279388 108.70721275762278 0.12655617837001745 66.945866178936427 7.7889033073160556
decision_type=2 2 2 2 2 2 2 2 2 2 2 2 2 2 2 2 2 2 2 2 2 2 2 2 2
left_child=1 2 3 4 5 6 -1 8 17 11 -7 -10 -11 -3 16 -16 23 20 19 -18 -4 22 -17 -15 -25
right_child=-2 13 7 -5 -6 10 -8 -9 9 12 -12 -13 -14 14 15 21 18 -19 -20 -21 -22 -23 -24 24 -26
leaf_value=0.00033412616334518728 0.0021015086139039019 0.00058490323696421811 0.00019300990187282887 0.0024101228391649313 0.0022285274408029741 0.00015471370191922926 -0.0012249488349145212 0.0014245312223661424 0.00028160354278070304 -0.00034609454026490353 0.0019081173296613269 0.0020174522342656081 0.00046875899817127285 4.9977446115360767e-06 -0.0019248697169626438 0.00020079879383679493 -9.4439701503346983e-05 -0.0017506952498277527 -0.00056797848805432256 0.001583804345647262 -0.00078967007901640021 -0.0012674351472705086 -0.00070778589358958454 -0.0010812406325634422 -0.00037211047868325264
leaf_weight=338 112 104 134 81 82 108 158 103 118 568 126 81 337 105 91 110 182 86 147 86 396 139 252 207 81
leaf_count=338 112 104 134 81 82 108 158 103 118 568 126 81 337 105 91 110 182 86 147 86 396 139 252 207 81
internal_value=2.11781e-06 -5.49565e-05 0.000162956 0.000637681 0.000452976 0.000245542 -0.000166487 -7.01714e-05 -0.000161933 0.000149076 0.00111079 0.00100705 -4.20482e-05 -0.000448098 -0.000525927 -0.000871176 -0.000270697 -0.000717593 9.08675e-05 0.000454743 -0.000541349 -0.000669834 -0.000432041 -0.000650636 -0.000887686
internal_weight=4332 4220 2716 893 812 730 496 1823 1720 1104 234 199 905 1504 1400 592 808 616 415 268 530 501 362 393 288
internal_count=4332 4220 2716 893 812 730 496 1823 1720 1104 234 199 905 1504 1400 592 808 616 415 268 530 501 362 393 288
is_linear=0
shrinkage=0.015492


Tree=127
num_leaves=27
num_cat=0
split_feature=39 41 19 35 29 57 78 51 31 12 58 64 49 26 7 51 17 55 7 59 82 64 11 18 32 13
split_gain=2.04531 1.43139 1.84314 1.3 1.20694 1.3621 1.1274 0.911322 0.95819 0.935851 0.739272 0.58767 0.582258 0.572109 0.563575 0.570261 0.651249 0.514571 0.445292 0.357471 0.425439 0.356731 0.348319 0.205156 0.131112 0.117594
threshold=4.4754375199476879 20.980155000554195 100.43495617336698 42.233549734221576 60.936872483359451 3.6113251075976236 89.358930879765111 106.64824059963227 64.78799805323284 -0.6830127018922193 0.085057833915730199 0.2412835302118094 111.97082783557752 106.03278683026633 59.790017643504683 103.29752711499181 21.115226878590047 0.044073047807374081 59.631416013505735 0.5482358375743247 25.308213416519195 0.26584334007694577 -0.56174490092936669 24.495116618739242 60.425873380237164 1.0000000180025095e-35
decision_type=2 2 2 2 2 2 2 2 2 2 2 2 2 2 2 2 2 2 2 2 2 2 2 2 2 2
left_child=3 -2 -3 4 5 14 7 13 12 -10 -4 -5 -9 21 15 16 -1 -16 -13 20 -20 -6 -22 25 -19 -21
right_child=1 2 10 11 6 -7 -8 8 9 -11 -12 18 -14 -15 17 -17 -18 24 19 23 22 -23 -24 -25 -26 -27
leaf_value=-0.00053706595556437934 0.0028631688782400455 -0.00091632844297637162 0.00046263709143801429 0.00067267107432495853 -0.00070334082601263156 0.0021038311167858592 0.0015155738050899798 0.00035071994219467193 -0.00089148289345500299 0.00026588899367089864 0.0024712620360949626 -0.001481500336011069 0.0017799597590995059 -0.0018646520461077279 4.5205902702013601e-05 -0.00089114269593354933 0.0012792433200383439 0.0017340993129428177 0.00049737695506915994 -0.00068477384394977352 -0.00089205117882980062 0.00025773151381914655 -0.00021399042726801925 -0.00028587155609128228 0.00083823547591347237 -0.0014720464059530061
leaf_weight=87 82 118 83 98 407 123 94 308 318 349 95 112 86 82 126 132 98 95 130 82 277 118 528 88 83 133
leaf_count=87 82 118 83 98 407 123 94 308 318 349 95 112 86 82 126 132 98 95 130 82 277 118 528 88 83 133
internal_value=2.14454e-06 0.00108649 0.000571458 -0.000102202 0.000111316 0.000633281 -0.000109698 -0.000203765 7.02806e-05 -0.000287211 0.00155713 -0.000471283 0.000673421 -0.00068102 0.000333615 -0.000123227 0.000429414 0.000807009 -0.00055563 -0.000468595 -0.000316851 -0.000486937 -0.000449737 -0.000929266 0.00133659 -0.00118504
internal_weight=4332 378 296 3954 2506 744 1762 1668 1061 667 178 1448 394 607 621 317 185 304 1350 1238 935 525 805 303 178 215
internal_count=4332 378 296 3954 2506 744 1762 1668 1061 667 178 1448 394 607 621 317 185 304 1350 1238 935 525 805 303 178 215
is_linear=0
shrinkage=0.015492


Tree=128
num_leaves=25
num_cat=0
split_feature=38 33 70 79 40 63 12 64 80 25 42 7 30 50 50 59 9 44 11 11 83 30 29 47
split_gain=2.07001 1.42492 1.29122 0.851845 0.913069 0.724391 0.664538 0.645937 0.555265 0.479079 0.452324 0.432834 0.822419 0.422725 0.405954 0.373063 0.347393 0.472622 0.370922 0.25619 0.238724 0.211796 0.353734 0.220701
threshold=4.5543444464246434 43.460201428731288 0.50675346268547383 101.98461934645971 22.14497592325564 0.98436186982037321 0.25000000000000011 0.25713901834632896 25.704502857673209 85.094180812835717 20.295370473442258 69.919313288794612 67.847579489813924 104.10123263164802 104.6515350311774 2.4162849935950708 1.0000000180025095e-35 104.00614266872405 -0.56174490092936669 -0.22252093395631442 -0.11880504458418985 62.513954225116315 66.284536036385461 92.431813455511019
decision_type=2 2 2 2 2 2 2 2 2 2 2 2 2 2 2 2 2 2 2 2 2 2 2 2
left_child=1 2 3 5 7 -1 9 20 -9 -4 -7 12 -6 -12 -3 16 17 18 -16 -11 -5 23 -23 -18
right_child=-2 14 6 4 11 10 -8 8 -10 19 13 -13 -14 -15 15 -17 21 -19 -20 -21 -22 22 -24 -25
leaf_value=-0.00045392745653035179 0.0020543802160124555 -0.0014327950952286645 0.00049420926927862035 -0.00024640925134593268 0.00028362000576089225 -8.9284440637624476e-06 -0.00011369027421226023 -0.0011585492190880138 0.00022661217688576098 0.0011157874021138238 0.0014534572252595857 0.0011231518089318774 -0.001239759773436078 0.00016098020293369377 -0.00085580151040149223 -0.0013351237559782972 -0.00047656897290044957 0.00089325455518636857 3.3258980245107415e-05 0.0023297302571274919 -0.0010244001185692546 0.00037865407092893766 -0.00063018969556441202 -0.0015985531485358453
leaf_weight=134 112 92 109 127 648 112 102 83 361 86 242 108 95 82 160 89 91 103 364 102 400 108 340 82
leaf_count=134 112 92 109 127 648 112 102 83 361 86 242 108 95 82 160 89 91 103 364 102 400 108 340 82
internal_value=2.17597e-06 -5.36151e-05 0.000150057 1.34973e-05 -0.000150086 0.000534694 0.000962627 -0.000474158 -3.78495e-05 0.00133014 0.000839709 0.000219928 8.47407e-05 0.00113086 -0.00045098 -0.000380459 -0.000309429 -5.15039e-05 -0.000241194 0.00179976 -0.000839408 -0.000568284 -0.000385937 -0.00102612
internal_weight=4332 4220 2791 2392 1822 570 399 971 444 297 436 851 743 324 1429 1337 1248 627 524 188 527 621 448 173
internal_count=4332 4220 2791 2392 1822 570 399 971 444 297 436 851 743 324 1429 1337 1248 627 524 188 527 621 448 173
is_linear=0
shrinkage=0.015492


Tree=129
num_leaves=24
num_cat=0
split_feature=38 33 78 66 42 78 23 61 43 60 57 26 7 48 18 61 30 61 9 42 8 31 53
split_gain=2.00794 1.38206 1.08044 0.886421 1.24308 0.831693 0.870192 0.713216 0.611663 0.550281 0.539089 0.506507 0.477246 0.403259 0.863008 0.353061 0.464268 0.446598 0.371477 0.353577 0.249565 0.204126 0.0771996
threshold=4.5543444464246434 43.460201428731288 58.390269360012482 -70.336314828660747 20.275074476886683 89.358930879765111 93.601649861865596 0.36192932329793598 99.022839762723024 0.36142316111811118 2.772285200311317 104.95566222614714 60.049730006853743 95.95433334337342 23.999154622819699 -2.4431083871920865 67.667923282517378 3.2242561396298801 1.0000000180025095e-35 23.737545577574661 0.12940952255126045 63.333745653894219 0.21894507457652027
decision_type=2 2 2 2 2 2 2 2 2 2 2 2 2 2 2 2 2 2 2 2 2 2 2
left_child=1 2 3 -1 -5 6 7 8 -4 -8 12 -9 -6 15 -15 19 18 22 -17 -3 -19 -21 -18
right_child=-2 13 5 4 10 -7 9 11 -10 -11 -12 -13 -14 14 -16 16 17 20 -20 21 -22 -23 -24
leaf_value=-0.00036849210589183311 0.0020233414055085973 -0.0014977971541277866 -0.00023242076551013074 -0.00039915978239834441 0.00061958227496925692 0.001320371288033552 0.0013535898936155744 -8.637805528931881e-05 0.0005879312842838781 -5.7597603682505695e-05 0.0022848513524562405 -0.0011328678214252779 0.0018585765715570081 0.0012845287076239343 -0.00069368735508963707 0.00071745156369174782 -0.00082718725919204929 7.3544587281803577e-05 -0.00044111878122680525 -0.0010253453352936507 -0.00072120395963928417 -0.00012293722842631114 -0.0015261241898701281
leaf_weight=160 112 157 918 131 250 100 143 177 283 121 103 298 107 92 117 138 82 198 123 111 178 130 103
leaf_count=160 112 157 918 131 250 100 143 177 283 121 103 298 107 92 117 138 82 198 123 111 178 130 103
internal_value=2.14135e-06 -5.28065e-05 0.000147779 0.000648954 0.000924998 -3.73251e-05 -0.000109184 -0.000239691 -3.81106e-05 0.00071274 0.00130242 -0.00074593 0.00100292 -0.00044415 0.00018224 -0.000551704 -0.000366026 -0.000616217 0.000172254 -0.000929657 -0.000305048 -0.000546037 -0.001234
internal_weight=4332 4220 2791 751 591 2040 1940 1676 1201 264 460 475 357 1429 209 1220 822 561 261 398 376 241 185
internal_count=4332 4220 2791 751 591 2040 1940 1676 1201 264 460 475 357 1429 209 1220 822 561 261 398 376 241 185
is_linear=0
shrinkage=0.015492


Tree=130
num_leaves=26
num_cat=0
split_feature=38 33 12 26 42 18 60 72 10 14 48 55 3 29 48 9 10 45 11 59 32 42 37 48 48
split_gain=1.94767 1.34068 1.24995 1.55699 1.16209 1.03054 0.780124 0.835855 0.867677 0.636467 0.485498 0.421909 0.424774 0.397082 0.369783 0.514449 0.500381 0.546638 0.422445 0.337438 0.333929 0.337702 0.319359 0.256484 0.254608
threshold=4.5543444464246434 43.460201428731288 0.25000000000000011 103.84288861698576 20.295370473442258 21.103746261596694 1.7697438863913322 69.44815226018433 1.0000000180025095e-35 22.040003545284268 88.873607639736619 0.066064858674748358 20.553514129320789 59.601471012963195 87.976726590968951 1.0000000180025095e-35 1.0000000180025095e-35 102.96130811061907 -0.56174490092936669 0.25313152433048464 80.56495825661554 23.967368260136361 34.904933099746707 89.724897536436728 92.797930649828047
decision_type=2 2 2 2 2 2 2 2 2 2 2 2 2 2 2 2 2 2 2 2 2 2 2 2 2
left_child=1 2 3 4 -1 -6 7 8 -5 10 11 12 -4 -3 18 16 17 -16 -15 22 21 -17 -20 -9 -18
right_child=-2 13 9 6 5 -7 -8 23 -10 -11 -12 -13 -14 14 15 20 24 -19 19 -21 -22 -23 -24 -25 -26
leaf_value=-0.00040532680786615664 0.0019927715263938733 -0.0013768819972222051 -0.00052139612737255676 0.00042739585070988558 0.0024947409853997241 0.00067651410979013436 -0.0011835783987099726 0.0018543921483919602 -0.00031502844440154775 0.00077600692866584776 -0.001403227031035288 -0.0011501222833478347 0.00071629392061777907 -0.0014055809509174804 0.00010421170421980408 -0.00029101367490652006 0.00011022203183653988 0.0015581809450463094 -0.00073203463065491241 -0.0010796278087078573 0.00030119198022853758 -0.0012648918681739698 0.00049956277113016585 0.00061333223096685682 -0.0010719046139640179
leaf_weight=83 112 98 166 831 160 144 100 81 688 83 150 113 107 145 185 176 89 91 84 108 85 168 118 85 82
leaf_count=83 112 98 166 831 160 144 100 81 688 83 150 113 107 145 185 176 89 91 84 108 85 168 118 85 82
internal_value=2.13698e-06 -5.19796e-05 0.00014558 0.000320602 0.00120766 0.00164801 0.00012662 0.000206291 9.11116e-05 -0.000467072 -0.000662804 -0.000366696 -3.35924e-05 -0.00043742 -0.000365396 -0.000178109 0.000189104 0.000594911 -0.000722439 -0.000392758 -0.00055966 -0.00077335 -1.52064e-05 0.00124045 -0.000464394
internal_weight=4332 4220 2791 2172 387 304 1785 1685 1519 619 536 386 273 1429 1331 876 447 276 455 310 429 344 202 166 171
internal_count=4332 4220 2791 2172 387 304 1785 1685 1519 619 536 386 273 1429 1331 876 447 276 455 310 429 344 202 166 171
is_linear=0
shrinkage=0.015492


Tree=131
num_leaves=27
num_cat=0
split_feature=39 42 19 35 29 78 70 74 86 31 12 58 74 49 36 64 76 56 14 48 56 51 77 23 10 55
split_gain=1.84506 1.46228 1.77085 1.15717 1.10413 1.03929 0.885614 0.884991 0.858167 0.666893 1.16174 0.665265 0.650176 0.628155 0.628004 0.556255 0.428255 0.36659 0.357514 0.332991 0.304385 0.251815 0.332298 0.234663 0.219832 0.132539
threshold=4.4754375199476879 21.14295786332201 100.43495617336698 42.233549734221576 60.936872483359451 89.358930879765111 1.0106033865610728 107.30535105599297 252.61450042347192 64.78799805323284 -0.6830127018922193 0.085057833915730199 102.43724410666361 111.97082783557752 106.83692503611248 0.2412835302118094 102.89097043938108 0.76293895110464016 21.421970892747254 90.836487350463884 0.53760964170923986 108.70721275762278 33.864432874917988 90.740997145970667 1.0000000180025095e-35 0.14223528275970046
decision_type=2 2 2 2 2 2 2 2 2 2 2 2 2 2 2 2 2 2 2 2 2 2 2 2 2 2
left_child=3 -2 -3 4 6 7 8 14 12 13 -11 -4 -1 -9 18 -5 -17 -10 -6 -14 25 22 -22 -19 -23 -18
right_child=1 2 11 15 5 -7 -8 9 17 10 -12 -13 19 -15 -16 16 20 23 -20 -21 21 24 -24 -25 -26 -27
leaf_value=0.001011988208693166 0.0027615806934685782 -0.00098703292605939312 0.00042771275825744394 0.00066756991621417486 -0.00064653813539850328 0.0014535247349266212 0.0020958057798629256 0.00025211981526766493 0.00016123780123041307 -0.00087537563757830261 0.00044013985146096845 0.0023416902252249997 -4.3811377225461242e-06 0.001744901897312752 -0.0018706332963066767 -0.0015896782281141413 -0.00058267560079554466 0.00075736603915703524 0.0003102721730835727 -0.0010935056964693215 -0.00072288595323212208 -0.00031728251083345285 -1.0800691191531822e-05 0.0018283596795679036 -0.0012611144081717547 -0.0013444367514139205
leaf_weight=92 87 115 83 98 453 94 82 290 86 318 321 93 156 86 84 83 122 95 116 116 213 126 581 117 114 111
leaf_count=92 87 115 83 98 453 94 82 290 86 318 321 93 156 86 84 83 122 95 116 116 213 126 581 117 114 111
internal_value=2.10279e-06 0.001032 0.000492897 -9.70026e-05 0.000104443 -0.000106943 0.000603686 -0.000197259 0.00041056 8.90299e-05 -0.00021537 0.00146071 -9.4513e-05 0.000604315 -0.000640848 -0.00044522 -0.000527298 0.00102285 -0.00045075 -0.000475686 -0.000454231 -0.000338364 -0.000203834 0.00136521 -0.000775478 -0.000957776
internal_weight=4332 378 291 3954 2506 1762 744 1668 662 1015 639 176 364 376 653 1448 1350 298 569 272 1267 1034 794 212 240 233
internal_count=4332 378 291 3954 2506 1762 744 1668 662 1015 639 176 364 376 653 1448 1350 298 569 272 1267 1034 794 212 240 233
is_linear=0
shrinkage=0.015492


Tree=132
num_leaves=27
num_cat=0
split_feature=38 35 12 49 53 17 86 38 60 15 10 8 64 9 2 47 11 59 3 48 37 3 55 51 53 55
split_gain=1.86194 1.26414 1.11896 1.54258 0.80019 0.747285 0.548555 0.750086 0.538962 0.656224 0.650333 0.459057 0.451613 0.467951 0.493307 0.425933 0.479424 0.444893 0.426765 0.399315 0.374301 0.348856 0.313196 0.263541 0.264138 0.166932
threshold=4.5543444464246434 42.233549734221576 0.25000000000000011 104.36487090322709 0.10234235602250201 21.700807575384786 254.41021680819713 4.3572369139724332 1.9383184150854762 22.896820024649305 -0.8783796973249266 0.12940952255126045 0.2412835302118094 0.25881904510252057 39.741885013145627 90.856464203551965 -0.56174490092936669 0.078926320429232547 24.297029643588598 88.873607639736619 34.499766574965591 20.553514129320789 0.067145870714068648 108.70721275762278 0.12655617837001745 0.034906615092320896
decision_type=2 2 2 2 2 2 2 2 2 2 2 2 2 2 2 2 2 2 2 2 2 2 2 2 2 2
left_child=1 2 3 4 -1 19 22 -8 9 10 -5 -11 -3 15 23 16 -14 18 -17 21 -18 25 -6 24 -15 -4
right_child=-2 12 5 8 6 -7 7 -9 -10 11 -12 -13 13 14 -16 17 20 -19 -20 -21 -22 -23 -24 -25 -26 -27
leaf_value=-0.00012748544607748337 0.0019484527349040524 0.00056274120522113084 -0.00031897517581344436 0.00086752002270284242 -9.9185946586879565e-05 0.0006483979600332186 0.0028028800046020707 0.0011007483974340045 -0.0011137190233085541 0.0011403571166437529 -0.00022350248713548182 0.00011346206236755275 -0.0013547195297134017 0.00024901869742914411 -0.0017667327180397457 -0.00014215255023124356 -0.00088241948988764972 -0.00052779738623503949 0.0011631930432723385 -0.0014381615770225023 0.00023145738942597748 0.00020862565343354939 0.0012474209786878152 -0.0012130311676566681 -0.00065494351324742444 -0.0012001479689099134
leaf_weight=116 112 104 96 150 81 117 99 178 85 218 920 200 129 109 105 113 120 148 124 132 174 126 81 123 255 117
leaf_count=116 112 104 96 150 81 117 99 178 85 218 920 200 129 109 105 113 120 148 124 132 174 126 81 123 255 117
internal_value=2.12046e-06 -5.07913e-05 0.000148701 0.000313997 0.00101396 -0.000447997 0.00131466 0.00173169 6.55892e-05 0.000135009 -6.85803e-05 0.000653314 -0.000410704 -0.000484074 -0.000814144 -0.000240125 -0.000577856 0.000132229 0.000546135 -0.000722792 -0.000226984 -0.000434342 0.00058348 -0.000599522 -0.000384179 -0.000812837
internal_weight=4332 4220 2716 2128 555 588 439 277 1573 1488 1070 418 1504 1400 592 808 423 385 237 471 294 339 162 487 364 213
internal_count=4332 4220 2716 2128 555 588 439 277 1573 1488 1070 418 1504 1400 592 808 423 385 237 471 294 339 162 487 364 213
is_linear=0
shrinkage=0.015492


Tree=133
num_leaves=25
num_cat=0
split_feature=38 33 70 58 12 60 10 10 12 26 25 57 48 10 46 16 85 35 45 59 54 11 57 28
split_gain=1.80608 1.22794 1.21944 0.80818 0.877468 1.00869 0.993608 0.797389 0.609387 0.536749 0.44857 0.539154 0.382035 0.595902 0.323721 0.312844 0.292362 0.315433 0.530834 0.234369 0.200466 0.188336 0.0612292 0.0466943
threshold=4.5543444464246434 43.460201428731288 0.50675346268547383 -0.96419758205060535 0.25000000000000011 0.35051874942249844 0.6078576107927941 1.0000000180025095e-35 0.25000000000000011 102.64756631215415 85.094180812835717 1.6938699699610373 95.95433334337342 -1.0000000180025095e-35 93.562987828078136 20.935978206263652 424.85637142283775 108.66862266858421 103.59043015753782 0.019602088133503063 0.044624224754577869 -0.22252093395631442 2.2174037003904208 105.88613040500219
decision_type=2 2 2 2 2 2 2 2 2 2 2 2 2 2 2 2 2 2 2 2 2 2 2 2
left_child=1 2 3 -1 5 7 -7 -5 10 15 -4 -12 14 -14 16 -6 22 18 -18 -11 -16 -19 23 -3
right_child=-2 12 8 4 9 6 -8 -9 -10 19 11 -13 13 -15 20 -17 17 21 -20 -21 -22 -23 -24 -25
leaf_value=-0.0010874654804032817 0.0019190143165473854 -0.0013080024090223285 0.00047196266129937841 0.00081495931371919469 -0.0004275256289792819 -0.00079268254869229858 0.00057828407164841559 2.0876254783490318e-06 -0.00010210607853779217 -0.00052486244138030933 0.00081058230060558883 0.0025028163657492514 0.0010241774372074374 -0.00060904943292655795 -0.00044703261755422801 0.00083458056279402386 -0.00029731916515937396 -0.0012927503352837093 0.00090266987377780102 -0.0014109999080908079 -0.0014498292732936361 -0.00028134920361824056 -0.00050521573930335101 -0.00072722786244587372
leaf_weight=149 112 83 109 726 99 355 194 481 102 179 88 100 102 107 81 85 470 92 106 124 129 87 90 82
leaf_count=149 112 83 109 726 99 355 194 481 102 179 88 100 102 107 81 85 470 92 106 124 129 87 90 82
internal_value=2.09939e-06 -5.00124e-05 0.000139057 6.35453e-06 8.03392e-05 0.000241779 -0.000307581 0.000491862 0.000928717 -0.000499616 0.00128064 0.00173504 -0.000418892 0.000190658 -0.000523587 0.000158866 -0.000406242 -0.000251119 -7.29879e-05 -0.000897536 -0.00107458 -0.00081374 -0.000857356 -0.0010371
internal_weight=4332 4220 2791 2392 2243 1756 549 1207 399 487 297 188 1429 209 1220 184 1010 755 576 303 210 179 255 165
internal_count=4332 4220 2791 2392 2243 1756 549 1207 399 487 297 188 1429 209 1220 184 1010 755 576 303 210 179 255 165
is_linear=0
shrinkage=0.015492


Tree=134
num_leaves=27
num_cat=0
split_feature=39 42 19 35 70 77 79 45 39 3 72 51 30 64 62 70 79 37 22 62 70 48 56 51 12 54
split_gain=1.70833 1.39796 1.72613 1.05817 1.00323 0.957247 0.901247 0.820615 0.745682 0.678344 0.653566 0.90376 0.564144 0.518039 0.478967 0.442818 0.5028 0.434665 0.763249 0.333022 0.318118 0.279202 0.582795 0.321126 0.293545 0.239805
threshold=4.4754375199476879 21.14295786332201 100.43495617336698 42.233549734221576 0.50675346268547383 103.06419915199284 106.27675613482792 90.603299673133421 3.9794524870647332 20.371893921958073 63.67481782979435 108.7837543015127 59.876586177614008 0.2412835302118094 0.039601919863729858 -0.80904314888847739 101.20968126906291 44.120285466512051 98.765869833628358 -0.025446326749193556 0.77994172732035605 89.510428119147278 2.568930823492908 108.74596851967001 -0.93301270189221908 0.036965465363799743
decision_type=2 2 2 2 2 2 2 2 2 2 2 2 2 2 2 2 2 2 2 2 2 2 2 2 2 2
left_child=3 -2 -3 4 5 7 8 -1 -7 -6 -8 -12 -11 -5 -4 -9 -17 21 -19 -10 -14 24 23 -23 -15 -26
right_child=1 2 14 13 9 6 10 15 19 12 11 -13 20 17 -16 16 -18 18 -20 -21 -22 22 -24 -25 25 -27
leaf_value=-0.00068141397326807395 0.0026840586482287463 -0.00099470757086731875 0.00060995891790349016 0.00064753330588294771 -0.00036181400362829977 0.00024739377617774636 0.00097884629433949593 -0.00019551976401117828 -0.0015497510818680783 0.0023048931865319823 0.0010696450537587712 -0.00032172488138467028 0.0014101325392521004 0.00012545794561305199 0.0022420336366491601 0.0016729597322735189 0.00051520733526897941 -0.00025335319130099869 -0.0022963671325229814 -0.00066838495364247169 0.00012908056135103112 -8.9836412532720507e-05 0.0010153719732156361 -0.00084985487293215639 -0.00033952400328993772 -0.0011184542077857268
leaf_weight=107 87 115 91 98 81 151 156 84 168 81 130 713 88 91 85 165 203 94 81 282 97 379 82 204 152 267
leaf_count=107 87 115 91 98 81 151 156 84 168 81 130 713 88 91 85 165 203 94 81 282 97 379 82 204 152 267
internal_value=2.05073e-06 0.00099305 0.000466121 -9.3311e-05 9.93237e-05 -2.53074e-05 -0.000218192 0.000524932 -0.000690722 0.000868925 6.71476e-05 -0.000104183 0.00124389 -0.000426299 0.00142177 0.000813172 0.00104339 -0.000505513 -0.00122106 -0.00100528 0.00075103 -0.000396179 -0.000185587 -0.000358761 -0.000668052 -0.000840283
internal_weight=4332 378 291 3954 2506 2159 1600 559 601 347 999 843 266 1448 176 452 368 1350 175 450 185 1175 665 583 510 419
internal_count=4332 378 291 3954 2506 2159 1600 559 601 347 999 843 266 1448 176 452 368 1350 175 450 185 1175 665 583 510 419
is_linear=0
shrinkage=0.015492


Tree=135
num_leaves=30
num_cat=0
split_feature=39 41 20 35 29 57 78 74 58 72 12 36 64 86 32 48 37 22 20 56 10 48 57 20 11 59 51 59 77
split_gain=1.65739 1.2736 1.61417 1.02634 1.0136 1.27861 0.985696 0.814726 0.721595 0.673343 0.707263 0.605405 0.50248 0.4989 0.625587 0.446226 0.421912 0.740573 0.402697 0.363322 0.341857 0.27075 0.567014 0.674526 0.393328 0.317663 0.219567 0.0956683 0.0830979
threshold=4.4754375199476879 20.980155000554195 100.43495617336698 42.233549734221576 60.936872483359451 3.6113251075976236 89.358930879765111 107.30535105599297 0.085057833915730199 63.67481782979435 -0.6830127018922193 106.83692503611248 0.2412835302118094 254.12658622544248 58.933862366146521 88.720404643615083 44.120285466512051 98.765869833628358 94.937811516655856 0.76293895110464016 -1.0000000180025095e-35 89.510428119147278 1.9364973236345986 103.69843969451058 -0.22252093395631442 0.14444283127780724 108.74596851967001 0.052915898031656645 35.212641567720318
decision_type=2 2 2 2 2 2 2 2 2 2 2 2 2 2 2 2 2 2 2 2 2 2 2 2 2 2 2 2 2
left_child=3 -2 -3 4 5 13 7 11 -4 15 -11 20 -5 14 -1 -9 21 -18 -16 -15 -6 24 26 -24 28 -26 -23 -21 -14
right_child=1 2 8 12 6 -7 -8 9 -10 10 -12 -13 16 19 18 -17 17 -19 -20 27 -22 22 23 -25 25 -27 -28 -29 -30
leaf_value=0.00076734873321827142 0.0026537123958572783 -0.00089877031495604108 0.00033920419246537828 0.00063778442842060635 -4.5183787138863175e-06 0.0020008124559200598 0.0014150343423897846 0.00018816104593663525 0.0023179679086904174 -0.00046513472812240262 0.00044436484058715423 -0.0018255744948705039 -0.00076518944768444604 -1.3615748529677182e-05 0.00012650441423113344 0.0017756032844978454 -0.00024954341621419675 -0.0022619977072421082 -0.0011289296085359307 0.00081998279925646063 -0.00076787920974201744 -0.00020129070293774457 -0.00032339404182105 0.0015793437244658141 6.639190746471311e-05 -0.00097026490090279061 -0.00088283436072040589 0.0016302023007612485 -0.0014516949336933949
leaf_weight=135 82 118 83 98 252 123 94 88 95 504 342 84 85 82 115 81 94 81 127 81 317 312 94 81 199 107 178 81 119
leaf_count=135 82 118 83 98 252 123 94 88 95 504 342 84 85 82 115 81 94 81 127 81 317 312 94 81 199 107 178 81 119
internal_value=2.0792e-06 0.000978194 0.000492913 -9.185e-05 9.78654e-05 0.000576204 -0.000104664 -0.000192621 0.0014156 8.20725e-05 -9.7104e-05 -0.000618235 -0.000419793 0.000286065 -6.77269e-05 0.000966301 -0.000497809 -0.00120278 -0.000537435 0.000827545 -0.000431657 -0.000390089 -0.000182707 0.00056797 -0.000657817 -0.000301406 -0.000452714 0.00124675 -0.00118052
internal_weight=4332 378 296 3954 2506 744 1762 1668 178 1015 846 653 1448 621 377 169 1350 175 242 244 569 1175 665 175 510 306 490 162 204
internal_count=4332 378 296 3954 2506 744 1762 1668 178 1015 846 653 1448 621 377 169 1350 175 242 244 569 1175 665 175 510 306 490 162 204
is_linear=0
shrinkage=0.015492


Tree=136
num_leaves=31
num_cat=0
split_feature=5 33 12 49 57 3 18 41 36 42 61 35 80 29 4 58 29 48 32 48 51 8 48 41 29 49 59 10 21 46
split_gain=1.60976 1.19066 1.12063 1.53007 0.991527 0.904739 0.870869 1.01623 0.603181 0.650397 0.563857 0.714491 0.54618 0.786245 0.526155 0.370201 0.369993 0.316136 0.439693 0.609339 0.424635 0.349829 0.290942 0.481553 0.277457 0.27058 0.263705 0.359109 0.0783997 0.0748673
threshold=4.5543444464246434 43.460201428731288 0.25000000000000011 104.36487090322709 2.7281736803291023 20.80421214712992 21.004659698274395 20.415568717762277 102.93005510965985 21.079205920696264 0.52746245409292325 39.384771970113128 26.214135028308267 62.142858968310897 98.317152716318802 0.13169063220421509 59.601471012963195 87.976726590968951 71.996391944885247 92.662965455408468 108.7837543015127 0.12940952255126045 88.528469845409759 20.383073694176151 64.949029818640852 109.44636801649025 0.23312887942347518 0.6078576107927941 101.9114606804318 75.668398608101725
decision_type=2 2 2 2 2 2 2 2 2 2 2 2 2 2 2 2 2 2 2 2 2 2 2 2 2 2 2 2 2 2
left_child=1 2 3 4 6 -6 7 -1 9 -4 11 14 13 -12 -5 -8 -3 26 20 -20 21 -19 23 29 -13 -22 27 28 -18 -10
right_child=-2 16 8 10 5 -7 15 -9 22 -11 12 24 -14 -15 -16 -17 17 18 19 -21 25 -23 -24 -25 -26 -27 -28 -29 -30 -31
leaf_value=-0.00015046188984715791 0.0018118267330677373 -0.001317073982779792 -0.00054107531342380613 -0.0001422945401484883 0.00077148605387458193 0.0029518649436183638 0.00039457411181195799 0.0020288065885631043 -0.0012951097049120669 0.001319669086989136 0.00042663874730405042 0.0017696537413485292 0.00040928663420778294 -0.0013166046521986719 0.00064259210058497523 -0.0010306742242712386 -0.0011744876738752593 0.00043403763790354993 -0.00025332248459394711 0.001290484265487021 -0.0014100935942439744 -0.00051651921905627118 -0.0012842514728461059 0.00029416079394874894 0.00049492426956649542 -0.00040038321633059155 -0.0012313130763666688 0.00028233997109384959 -0.00053336161384138234 -0.00060245168795113057
leaf_weight=83 112 98 95 735 91 95 89 130 87 81 87 85 128 204 281 81 81 182 148 101 116 184 154 121 83 145 138 112 124 81
leaf_count=83 112 98 95 735 91 95 89 130 87 81 87 85 128 204 281 81 81 182 148 101 116 184 154 121 83 145 138 112 124 81
internal_value=2.09291e-06 -4.7104e-05 0.000139071 0.000304793 0.000992794 0.00191325 0.000534755 0.0011884 -0.000441021 0.000322159 5.92013e-05 0.000232067 -0.000427342 -0.000796043 7.58856e-05 -0.000289785 -0.000410342 -0.00034085 -0.000167657 0.000380026 -0.000386032 -4.38964e-05 -0.000744544 -0.000446942 0.0011591 -0.000859832 -0.000670991 -0.000418017 -0.000799704 -0.000977243
internal_weight=4332 4220 2791 2172 569 186 383 213 619 176 1603 1184 419 291 1016 170 1429 1331 876 249 627 366 443 289 168 261 455 317 205 168
internal_count=4332 4220 2791 2172 569 186 383 213 619 176 1603 1184 419 291 1016 170 1429 1331 876 249 627 366 443 289 168 261 455 317 205 168
is_linear=0
shrinkage=0.015492


Tree=137
num_leaves=25
num_cat=0
split_feature=38 33 70 58 12 78 61 12 26 61 29 18 48 9 10 82 11 59 63 48 48 59 52 78
split_gain=1.65756 1.09037 1.12925 0.765074 0.800776 0.919809 0.888104 0.571889 0.497762 0.396497 0.366088 0.360322 0.324623 0.487108 0.453677 0.601866 0.37762 0.305913 0.285097 0.258784 0.231176 0.228273 0.212425 0.184131
threshold=4.5543444464246434 43.460201428731288 0.50675346268547383 -0.96419758205060535 0.25000000000000011 81.980853952964154 0.52746245409292325 0.25000000000000011 102.64756631215415 0.081380154137274743 59.601471012963195 20.908161899778587 87.976726590968951 1.0000000180025095e-35 1.0000000180025095e-35 25.335581666538818 -0.56174490092936669 0.25313152433048464 1.1236566353633382 81.216899391280307 92.797930649828047 0.019602088133503063 0.002697726256381846 60.564994209739922
decision_type=2 2 2 2 2 2 2 2 2 2 2 2 2 2 2 2 2 2 2 2 2 2 2 2
left_child=1 2 3 -1 5 6 -5 9 11 -4 -3 -6 16 14 15 -14 -12 19 22 -18 -16 -10 -15 -11
right_child=-2 10 7 4 8 -7 -8 -9 21 23 12 -13 13 18 20 -17 17 -19 -20 -21 -22 -23 -24 -25
leaf_value=-0.0010616217093977033 0.0018384907173825738 -0.0012972449245774484 0.0018637285252448303 0.00030042151349938173 -0.00047441021997018625 0.0017561125266589634 -0.00067890961866885714 -0.00010812909327730866 -0.00049539162839255975 0.0012003729414458981 -0.0013065752602587693 0.00088001087199804883 0.0016904554043004349 -6.4441817374692739e-05 0.00013059592975581415 0.00011834722015915489 -0.00064883370754795092 -0.0010034092672727682 0.0002256556580532964 0.00046365027521825115 -0.00099519385367538614 -0.0013690407213487784 -0.00095957813568895193 0.00016802971690086033
leaf_weight=149 112 98 131 1408 99 87 261 102 179 85 145 85 81 86 89 195 82 108 94 120 82 124 249 81
leaf_count=149 112 98 131 1408 99 87 261 102 179 85 145 85 81 86 89 195 82 108 94 120 82 124 249 81
internal_value=2.08141e-06 -4.7841e-05 0.000130322 2.62393e-06 7.46138e-05 0.000228841 0.000146326 0.00089022 -0.000479412 0.00123116 -0.000395444 0.000154669 -0.000326356 -0.00015094 0.00020628 0.00059257 -0.000660855 -0.000349417 -0.000522261 8.88079e-06 -0.000416192 -0.000862612 -0.000732518 0.000708469
internal_weight=4332 4220 2791 2392 2243 1756 1669 399 487 297 1429 184 1331 876 447 276 455 310 429 202 171 303 335 166
internal_count=4332 4220 2791 2392 2243 1756 1669 399 487 297 1429 184 1331 876 447 276 455 310 429 202 171 303 335 166
is_linear=0
shrinkage=0.015492


Tree=138
num_leaves=25
num_cat=0
split_feature=38 35 70 77 79 81 45 72 51 48 23 48 63 64 64 9 83 45 35 36 76 50 53 1
split_gain=1.60785 1.05813 1.03524 0.786577 0.987351 0.718149 0.627434 0.619512 0.654136 0.567401 0.824184 0.545552 0.522926 0.472477 0.397563 0.439218 0.477664 0.407536 0.627358 0.357083 0.314617 0.206648 0.376695 0.183062
threshold=4.5543444464246434 42.233549734221576 0.50675346268547383 103.1335773142179 106.159975087444 20.582511383272113 90.603299673133421 63.777416096197207 108.7837543015127 93.769266544624642 92.740817374123509 90.551778851879988 1.1966872462831832 0.24320473884625851 0.2412835302118094 0.25881904510252057 15.918643794416671 103.79589449123101 108.18112626923457 106.60730416403878 109.56417582154275 108.54082379040895 0.12655617837001745 106.08540628645157
decision_type=2 2 2 2 2 2 2 2 2 2 2 2 2 2 2 2 2 2 2 2 2 2 2 2
left_child=1 2 3 6 5 19 -1 11 -9 10 -8 -6 13 -4 -3 17 -17 20 -19 -5 23 22 -18 -16
right_child=-2 14 12 4 7 -7 9 8 -10 -11 -12 -13 -14 -15 15 16 21 18 -20 -21 -22 -23 -24 -25
leaf_value=-0.00056177850552314274 0.001810713665861715 0.00053681101371896715 0.00058720059361557484 -0.00071845450680157422 0.00022278135250801163 0.00055680504599724167 0.00057295184706942473 0.00089660740813983834 -0.00026768079121540679 -0.00034044203956463709 0.0022155784241826987 0.0017746775732863675 -0.00019239673759718079 0.0018360177170359045 -0.00092417006440846726 -0.0016031340467772943 0.00055839730278789889 0.0012617204623660396 -0.00046005001100691748 -0.0018433363722867087 0.00047910006475576801 -0.00098555878489692034 -0.00062885905374069706 -0.00032224396946780226
leaf_weight=116 112 104 158 411 143 93 353 135 722 104 91 86 84 139 192 126 87 98 100 81 81 156 223 337
leaf_count=116 112 104 158 411 143 93 353 135 722 104 91 86 84 139 192 126 87 98 100 81 81 156 223 337
internal_value=2.0503e-06 -4.71175e-05 0.000135395 1.2776e-05 -0.000166451 -0.00067792 0.000462733 0.000110033 -8.1815e-05 0.00068154 0.000921763 0.00082058 0.000880994 0.00118382 -0.000376401 -0.000445253 -0.00076498 -0.000209028 0.000397495 -0.000913349 -0.000406973 -0.000529823 -0.000293334 -0.000544649
internal_weight=4332 4220 2716 2335 1671 585 664 1086 857 548 444 229 381 297 1504 1400 592 808 198 492 610 466 310 529
internal_count=4332 4220 2716 2335 1671 585 664 1086 857 548 444 229 381 297 1504 1400 592 808 198 492 610 466 310 529
is_linear=0
shrinkage=0.015492


Tree=139
num_leaves=25
num_cat=0
split_feature=38 35 70 77 79 75 19 12 83 75 12 11 63 64 64 9 83 45 34 36 76 50 27 1
split_gain=1.55956 1.02617 1.0039 0.762652 0.957634 0.636829 0.616783 1.09797 1.00801 0.61262 0.819045 0.50903 0.507202 0.458244 0.385588 0.426024 0.463366 0.395232 0.647517 0.363635 0.305166 0.200448 0.282527 0.178134
threshold=4.5543444464246434 42.233549734221576 0.50675346268547383 103.1335773142179 106.159975087444 82.466883702278153 98.954580133226187 0.25000000000000011 -0.1026485869424844 63.037636384566632 -0.6830127018922193 1.0000000180025095e-35 1.1966872462831832 0.24320473884625851 0.2412835302118094 0.25881904510252057 15.918643794416671 103.79589449123101 108.91074484401281 106.60730416403878 109.56417582154275 108.54082379040895 106.29803982098899 105.49364738464358
decision_type=2 2 2 2 2 2 2 2 2 2 2 2 2 2 2 2 2 2 2 2 2 2 2 2
left_child=1 2 3 6 5 19 7 8 -1 11 -11 -6 13 -4 -3 17 -17 20 -19 -5 23 22 -18 -16
right_child=-2 14 12 4 9 -7 -8 -9 -10 10 -12 -13 -14 -15 15 16 21 18 -20 -21 -22 -23 -24 -25
leaf_value=0.0009658408275704136 0.0017833563005583252 0.00052871594394079458 0.00057826443101714319 -0.000684137165870978 9.7682420306536812e-05 0.00056531306351902426 0.0015351492698521248 -0.0012185084438608867 -0.00072306430588184572 -0.00048720593206352212 0.00045690248641804172 0.0016575718309239367 -0.00018951369810143531 0.0018081440642494862 -0.00097285445165094353 -0.0015788461266693292 -0.0007969756039712954 0.0011403938533763424 -0.00062788566476983207 -0.0018157473917676328 0.00047192942947563984 -0.00097056370592206345 0.00013541937749092907 -0.0003475337157447467
leaf_weight=353 112 104 158 420 101 84 104 98 109 492 395 98 84 139 156 126 140 114 84 81 81 156 170 373
leaf_count=353 112 104 158 420 101 84 104 98 109 492 395 98 84 139 156 126 140 114 84 81 81 156 170 373
internal_value=2.06384e-06 -4.63596e-05 0.000133375 1.26253e-05 -0.000163855 -0.000667568 0.000455687 0.000248319 0.000565202 0.000108436 -6.65587e-05 0.000878829 0.000867602 0.00116584 -0.000370632 -0.000438439 -0.000753328 -0.000205788 0.000391506 -0.000876477 -0.000400724 -0.000521714 -0.000288795 -0.000536317
internal_weight=4332 4220 2716 2335 1671 585 664 560 462 1086 887 199 381 297 1504 1400 592 808 198 501 610 466 310 529
internal_count=4332 4220 2716 2335 1671 585 664 560 462 1086 887 199 381 297 1504 1400 592 808 198 501 610 466 310 529
is_linear=0
shrinkage=0.015492


Tree=140
num_leaves=24
num_cat=0
split_feature=38 35 70 77 79 66 3 81 75 11 50 63 69 64 60 64 44 9 45 5 18 58 13
split_gain=1.51277 0.995144 0.973605 0.739299 0.928727 0.663075 0.685766 0.653892 0.58896 0.577047 0.543753 0.491951 0.488604 0.444439 0.375877 0.334322 0.289937 0.278835 0.463393 0.377074 0.279382 0.274924 0.218446
threshold=4.5543444464246434 42.233549734221576 0.50675346268547383 103.1335773142179 106.27675613482792 -71.75467981762354 22.123235322899301 20.582511383272113 63.037636384566632 1.0000000180025095e-35 108.68292526262779 1.1966872462831832 2.3135800642437734 0.24320473884625851 -2.628710612329733 0.2412835302118094 98.058266764570178 1.0000000180025095e-35 103.79589449123101 4.0814736980862101 24.371021190484367 -0.013034701325278062 1.0000000180025095e-35
decision_type=2 2 2 2 2 2 2 2 2 2 2 2 2 2 2 2 2 2 2 2 2 2 2
left_child=1 2 3 5 7 -1 12 16 9 -6 -10 13 -7 -4 -3 -16 -5 18 20 21 -17 -19 -21
right_child=-2 14 11 4 8 6 -8 -9 10 -11 -12 -13 -14 -15 15 17 -18 19 -20 22 -22 -23 -24
leaf_value=-0.00078552971785380047 0.001756412259763382 -0.0011251972460006173 0.00056946425268594454 -0.00070006938399942156 3.277196190492127e-05 0.00063836872379138051 0.0019031170839528724 0.00052188775857022667 0.00093065799961247048 0.0017208826165703009 -0.00020740291750640622 -0.00018667380925539907 -0.00062615001929742251 0.0017806935501830012 0.00060867122601305015 -0.00062172542870697677 -0.0017137189702471428 0.00025730802500611093 0.00059818384111520653 -0.00064214073341778096 0.0001556821796665077 -0.00063667247499962646 -0.0015243082074096498
leaf_weight=88 112 139 158 420 97 404 85 94 113 95 771 84 87 139 91 325 81 154 158 189 166 172 110
leaf_count=88 112 139 158 420 97 404 85 94 113 95 771 84 87 139 91 325 81 154 158 189 166 172 110
internal_value=2.04519e-06 -4.5646e-05 0.000131351 1.24362e-05 -0.00016132 0.000448662 0.000640303 -0.00065094 0.000110347 0.000881405 -5.93112e-05 0.000854413 0.000411817 0.00114813 -0.000364979 -0.000285323 -0.00087287 -0.000350462 -0.000124497 -0.000583338 -0.000359333 -0.00021552 -0.000978272
internal_weight=4332 4220 2716 2335 1671 664 576 595 1076 192 884 381 491 297 1504 1365 501 1274 649 625 491 326 299
internal_count=4332 4220 2716 2335 1671 664 576 595 1076 192 884 381 491 297 1504 1365 501 1274 649 625 491 326 299
is_linear=0
shrinkage=0.015492


Tree=141
num_leaves=25
num_cat=0
split_feature=38 66 1 1 12 36 10 26 51 51 51 65 36 42 48 41 7 48 14 36 9 11 61 46
split_gain=1.46849 1.03297 1.06675 0.889307 0.875968 1.26792 0.691334 0.997562 1.06843 1.01401 0.669843 0.939006 0.545902 0.604948 0.3005 0.456533 0.29071 0.265898 0.437337 0.342248 0.340538 0.307691 0.207757 0.0776095
threshold=4.4877582413620436 -71.69598405096265 39.203008611996971 43.396425510512465 0.25000000000000011 103.3612646622128 1.0000000180025095e-35 105.30888750288223 103.89611553633655 106.64824059963227 111.59718933626459 -0.54223919868469739 102.93005510965985 21.079205920696264 88.528469845409759 20.383073694176151 59.631416013505735 86.64988100060711 23.277292950418261 43.373979610866975 1.0000000180025095e-35 -0.56174490092936669 2.5773159907014223 75.668398608101725
decision_type=2 2 2 2 2 2 2 2 2 2 2 2 2 2 2 2 2 2 2 2 2 2 2 2
left_child=3 -2 -3 4 5 -1 7 8 -7 -9 11 -8 13 -6 15 23 -5 21 -19 20 -20 -18 -23 -14
right_child=1 2 -4 16 12 6 10 9 -10 -11 -12 -13 14 -15 -16 -17 17 18 19 -21 -22 22 -24 -25
leaf_value=0.0020347284906037659 -0.00040756426721966433 0.0023710336257809711 0.00017730337084026796 -0.0011899911040775413 -0.00052561615259457935 0.00010744038830435919 0.0007368270103488855 -0.0014705423101725964 0.0018262953156416915 0.00030437554874942509 0.00073632017209868822 -0.00066522065970971774 -0.0012443585307202782 0.001268888407135491 -0.0012559833362902411 0.00031483927815160318 -0.0012482900253312703 0.0006725750786998573 0.0001842192957014389 -0.001121808035908092 -0.0005230585866532393 -0.00077110595005013775 8.0293530559558349e-05 -0.00054574850695889433
leaf_weight=88 87 142 85 100 95 152 142 85 201 638 157 551 87 81 154 121 137 122 314 106 335 135 136 81
leaf_count=88 87 142 85 100 95 152 142 85 201 638 157 551 87 81 154 121 137 122 314 106 335 135 136 81
internal_value=2.04129e-06 0.00101749 0.00156233 -7.79554e-05 8.92e-05 0.000245873 0.000161216 0.000421639 0.00109318 9.0644e-05 -0.000168651 -0.00037597 -0.00041921 0.00030681 -0.000707966 -0.000406253 -0.000395327 -0.000330928 -0.000177746 -0.000317272 -0.000181416 -0.000656471 -0.000347114 -0.000922726
internal_weight=4332 314 227 4018 2633 2014 1926 1076 353 723 850 693 619 176 443 289 1385 1285 877 755 649 408 271 168
internal_count=4332 314 227 4018 2633 2014 1926 1076 353 723 850 693 619 176 443 289 1385 1285 877 755 649 408 271 168
is_linear=0
shrinkage=0.015492


Tree=142
num_leaves=24
num_cat=0
split_feature=39 42 19 35 77 45 81 76 61 72 61 79 58 36 64 0 37 22 52 14 60 56 59
split_gain=1.38031 1.25834 1.63872 0.833885 0.798643 0.914339 0.730608 0.642239 0.637958 0.641514 0.620126 0.717231 0.611389 0.546589 0.436961 0.398639 0.385421 0.710143 0.375172 0.311569 0.256834 0.283653 0.281766
threshold=4.4754375199476879 21.14295786332201 100.43495617336698 42.233549734221576 103.1335773142179 90.603299673133421 22.203750732398401 106.92451961603432 -0.64510662321690038 63.75819301790667 -0.067130291042531084 101.20968126906291 0.085057833915730199 106.60730416403878 0.2412835302118094 89.752477043999576 44.120285466512051 98.765869833628358 0.24939389669601444 20.744169161849555 -2.628710612329733 2.7571229748193207 0.70948064609810058
decision_type=2 2 2 2 2 2 2 2 2 2 2 2 2 2 2 2 2 2 2 2 2 2 2
left_child=3 -2 -3 4 5 -1 7 13 -9 -10 11 -7 -4 18 -5 -13 20 -18 -6 -12 -16 22 -22
right_child=1 2 12 14 6 10 -8 8 9 -11 19 15 -14 -15 16 -17 17 -19 -20 -21 21 -23 -24
leaf_value=-0.000665863594309477 0.0024968217649376217 -0.0010290855120404768 0.00033771357139333581 0.00060674541141604794 -0.00057376373447865327 0.0011773133673139945 0.0011817490077425893 0.0013623186231690502 0.00080161205260221061 -0.00022222386512226974 0.00066209404254331024 0.0005541267310278775 0.0021690771330717716 -0.0016599664935034507 -0.0010534931451576428 -0.00086818871696657345 -0.00019395048721359675 -0.002162700534242566 0.00029169409672454954 0.0019034165844866347 -0.0002353712072786161 0.00032081958498167564 -0.00089982800590140998
leaf_weight=121 87 115 83 98 462 149 101 84 179 761 82 81 93 85 110 106 94 81 160 135 710 161 194
leaf_count=121 87 115 83 98 462 149 101 84 179 761 82 81 93 85 110 106 94 81 160 135 710 161 194
internal_value=2.0081e-06 0.000892802 0.000393439 -8.3709e-05 8.72943e-05 0.000542075 -8.05538e-05 -0.000156073 9.18632e-05 -2.53373e-05 0.000808592 0.000385812 0.00132501 -0.000514233 -0.00037931 -0.000252568 -0.00045208 -0.00112569 -0.000350683 0.00144937 -0.000349206 -0.00027377 -0.000380435
internal_weight=4332 378 291 3954 2506 674 1832 1731 1024 940 553 336 176 707 1448 187 1350 175 622 217 1175 1065 904
internal_count=4332 378 291 3954 2506 674 1832 1731 1024 940 553 336 176 707 1448 187 1350 175 622 217 1175 1065 904
is_linear=0
shrinkage=0.015492


Tree=143
num_leaves=22
num_cat=0
split_feature=38 33 70 60 23 35 75 38 12 79 25 57 48 18 51 51 48 65 71 48 4
split_gain=1.4085 0.913608 0.987825 0.741906 0.756034 0.972388 0.731146 0.625385 0.518048 0.420034 0.409825 0.521687 0.338154 0.784996 0.31831 0.344439 0.469085 0.407103 0.364461 0.288113 0.181868
threshold=4.5543444464246434 43.460201428731288 0.50675346268547383 1.5273674669530666 91.635973288218182 32.976482222874964 87.484274644752347 4.3455623851219825 0.25000000000000011 101.98461934645971 85.094180812835717 1.6938699699610373 95.95433334337342 23.999154622819699 109.46656245940527 106.93476363870835 90.114634814880517 63.632542145517142 38.626089968747571 93.233047335324486 103.51839490572614
decision_type=2 2 2 2 2 2 2 2 2 2 2 2 2 2 2 2 2 2 2 2 2
left_child=1 2 3 4 6 -6 9 -7 10 -1 -4 -12 14 -14 15 17 20 -3 -19 -18 -17
right_child=-2 12 8 -5 5 7 -8 -9 -10 -11 11 -13 13 -15 -16 16 19 18 -20 -21 -22
leaf_value=0.00030500024514139952 0.0016948515968527329 -0.0014971588387638604 0.00038373307784719433 -0.0013977260308921148 -0.00072073045779403276 0.00020505700771542582 0.0012322283653292915 0.0012263413812522511 -0.00011992923968743872 -0.0003417720340410855 0.00068431004989178649 0.0023419899535061951 0.0012618979022547721 -0.00062495126114215369 -0.0012470762491774907 -0.00033188875000286034 0.0005142754444867391 -0.00068076231363256112 0.00046786179118776697 -0.00051073165749517956 -0.0012024506016486364
leaf_weight=298 112 111 109 85 131 274 86 304 102 1214 88 100 92 117 110 187 253 308 82 86 83
leaf_count=298 112 111 109 85 131 274 86 304 102 1214 88 100 92 117 110 187 253 308 82 86 83
internal_value=2.02099e-06 -4.39967e-05 0.000119085 -2.74444e-07 5.28319e-05 0.000472854 -0.000133977 0.000745727 0.000829806 -0.000213908 0.00115432 0.00158826 -0.00036218 0.000210993 -0.000460705 -0.000379712 -0.000130943 -0.000679488 -0.000437395 0.000251902 -0.000609566
internal_weight=4332 4220 2791 2392 2307 709 1598 578 399 1512 297 188 1429 209 1220 1110 609 501 390 339 270
internal_count=4332 4220 2791 2392 2307 709 1598 578 399 1512 297 188 1429 209 1220 1110 609 501 390 339 270
is_linear=0
shrinkage=0.015492


Tree=144
num_leaves=22
num_cat=0
split_feature=38 33 70 60 58 38 60 11 25 29 54 48 32 48 51 44 11 22 42 42 37
split_gain=1.36624 0.886201 0.958285 0.71984 0.770277 0.566631 0.838883 0.753806 0.445772 0.333849 0.302119 0.299615 0.402824 0.584985 0.440955 0.375015 0.346306 0.235123 0.223653 0.257062 0.155971
threshold=4.5543444464246434 43.460201428731288 0.50675346268547383 1.5273674669530666 -0.96419758205060535 4.3455623851219825 -1.0787385238983018 1.0000000180025095e-35 85.094180812835717 59.601471012963195 0.039431649763520323 87.976726590968951 71.996391944885247 92.662965455408468 108.7837543015127 102.56795816456831 -0.56174490092936669 102.07291948636374 23.466933283850004 23.876902759825743 104.50748224046497
decision_type=2 2 2 2 2 2 2 2 2 2 2 2 2 2 2 2 2 2 2 2 2
left_child=1 2 3 4 -1 6 -6 -7 -4 -3 -10 16 14 -14 15 -13 -11 -16 -18 -20 -12
right_child=-2 9 8 -5 5 7 -8 -9 10 11 20 12 13 -15 17 -17 18 -19 19 -21 -22
leaf_value=-0.0010458219975606907 0.0016692447392739754 -0.0012176710521738742 0.00015207339444378665 -0.0013767730224536036 0.00081473022326793013 3.2867383380689807e-05 -0.00019376219940270913 0.0010938589495756155 0.00042300486796156513 -0.0012303043923187437 0.001062723126328284 -0.00043483096394306126 -0.00022248894136003158 0.0012861645131730859 -0.00018190931457322336 0.00055078881794227551 -0.00094215053553142606 -0.0011630482091796988 0.0006132777095781565 -0.00046211230340534044 0.0020846388944533471
leaf_weight=141 112 98 152 85 231 360 1287 288 81 145 84 201 148 102 92 167 92 166 85 133 82
leaf_count=141 112 98 152 85 231 360 1287 288 81 145 84 201 148 102 92 167 92 166 85 133 82
internal_value=2.00605e-06 -4.33156e-05 0.000117301 -2.59704e-07 5.20503e-05 0.000124836 -3.90023e-05 0.000507272 0.000817314 -0.00035669 0.00121995 -0.000290772 -0.000122341 0.00040023 -0.000332042 1.30028e-05 -0.000612082 -0.000819317 -0.000314082 -3.99131e-05 0.00159464
internal_weight=4332 4220 2791 2392 2307 2166 1518 648 399 1429 247 1331 876 250 626 368 455 258 310 218 166
internal_count=4332 4220 2791 2392 2307 2166 1518 648 399 1429 247 1331 876 250 626 368 455 258 310 218 166
is_linear=0
shrinkage=0.015492


Tree=145
num_leaves=26
num_cat=0
split_feature=5 35 70 76 21 51 81 51 30 83 12 61 59 58 4 8 45 43 65 10 11 43 22 45 12
split_gain=1.27924 0.915436 0.911847 0.709457 0.809895 0.659268 0.656886 0.821067 0.696077 0.66942 0.456919 0.414387 0.341376 0.663343 0.572155 0.45527 0.647791 0.421189 0.397591 0.378974 0.265189 0.136186 0.134107 0.129032 0.0760465
threshold=4.5543444464246434 41.842266950607303 0.50675346268547383 102.19376372496289 92.954520185258659 102.8436794059365 22.203750732398401 110.88498875149975 64.724162630505035 -0.11080459132776979 0.25000000000000011 0.21016177186258747 0.12939733037241299 -0.12621038340860122 102.97047681490584 0.12940952255126045 99.37904213569783 99.377900035646249 63.632542145517142 -1.0000000180025095e-35 -0.22252093395631442 97.776474267818301 101.93248129102921 103.99458752738106 -0.93301270189221908
decision_type=2 2 2 2 2 2 2 2 2 2 2 2 2 2 2 2 2 2 2 2 2 2 2 2 2
left_child=1 2 3 4 -1 -6 7 9 -9 -5 11 -4 14 -14 15 16 21 -17 -15 -16 -18 -3 -19 24 -20
right_child=-2 12 10 6 5 -7 -8 8 -10 -11 -12 -13 13 18 19 17 20 22 23 -21 -22 -23 -24 -25 -26
leaf_value=-0.00029952424564901834 0.0016152721770373284 0.00026030532487374879 0.0016937825565347647 0.00018584953957255851 0.0023096573406209842 0.00054176125152527021 0.0012427241654047027 0.0012438588913744838 2.6979612398288073e-06 -0.00057768755821995563 -0.00010549953944455227 0.00049757985835534552 0.00031668725269819837 -0.0018545398368972482 0.0011400920502581907 -0.0017507704948248033 -0.0010419729587942163 2.6370722142600617e-05 -0.00014128594273521498 -0.00010979180357555985 -8.1769909599130767e-05 0.0011645918666171636 -0.0007270586277045738 -0.0012098873834113311 -0.00071788653262009065
leaf_weight=130 112 81 150 383 82 132 81 149 380 968 93 134 126 91 111 82 119 84 93 118 161 81 169 83 139
leaf_count=130 112 81 150 383 82 132 81 149 380 968 93 134 126 91 111 82 119 84 93 118 161 81 169 83 139
internal_value=1.98798e-06 -4.18664e-05 0.00013088 1.49245e-05 0.000660873 0.00124098 -9.91356e-05 -0.000158785 0.000357232 -0.000361229 0.000834187 0.00114021 -0.000342848 -0.000659323 -0.000174013 -0.000374531 -4.67559e-05 -0.000802706 -0.000962535 0.000502215 -0.000496537 0.000725266 -0.000479049 -0.00069029 -0.000491632
internal_weight=4332 4220 2682 2305 344 214 1961 1880 529 1351 377 284 1538 532 1006 777 442 335 406 229 280 162 253 315 232
internal_count=4332 4220 2682 2305 344 214 1961 1880 529 1351 377 284 1538 532 1006 777 442 335 406 229 280 162 253 315 232
is_linear=0
shrinkage=0.015492


Tree=146
num_leaves=26
num_cat=0
split_feature=38 35 12 49 53 17 42 42 60 15 10 86 51 48 60 86 13 45 58 45 41 51 35 55 55
split_gain=1.29058 0.832736 0.864323 1.22082 0.713231 0.634829 0.57651 0.5718 0.508966 0.589062 0.617098 0.42626 0.420664 0.388701 0.322302 0.322083 0.476222 0.438277 0.54538 0.279805 0.26955 0.263696 0.287495 0.133956 0.0902795
threshold=4.5543444464246434 41.842266950607303 0.25000000000000011 104.36487090322709 0.19849555570650571 21.700807575384786 21.079205920696264 20.432764543405295 1.9383184150854762 22.896820024649305 -0.8783796973249266 265.21702850730429 108.7837543015127 89.229157029257891 -2.628710612329733 299.5414689421138 0.6830127018922193 104.00650497762412 -0.090221690833567778 104.11699008809198 20.363320685978291 106.84722452508079 107.13066611501907 0.034906615092320896 0.061625688189759352
decision_type=2 2 2 2 2 2 2 2 2 2 2 2 2 2 2 2 2 2 2 2 2 2 2 2 2
left_child=1 2 3 4 6 13 7 -1 9 10 -5 -6 -11 20 -3 16 17 18 -16 21 23 24 -23 -4 -17
right_child=-2 14 5 8 11 -7 -8 -9 -10 12 -12 -13 -14 -15 15 19 -18 -19 -20 -21 -22 22 -24 -25 -26
leaf_value=-9.0348740898096546e-05 0.0016224149768305893 -0.0010311202658134521 -0.00033569254185289329 0.0008316478500328704 0.00088702997253385641 0.0006070638748273485 -0.00058067402572486331 0.0016613955158474123 -0.0010984030810403085 0.0013443157673063034 -0.00023221893645644897 0.0021574264111085635 0.00027662854654035183 -0.0013696287398069027 0.00063518422700811067 -0.0004668903656407337 -0.0010840515302193896 0.00098539105838694671 -0.00039562884002462535 -0.0013465171016360409 0.00011056411365829303 0.00048046937190763351 -0.00044075216265481348 -0.0011886290540722075 -0.0011779168478777177
leaf_weight=81 112 140 91 150 149 116 101 96 85 126 907 118 291 131 176 86 90 109 393 82 150 118 246 90 98
leaf_count=81 112 140 91 150 149 116 101 96 85 126 907 118 291 131 176 86 90 109 393 82 150 118 246 90 98
internal_value=1.9943e-06 -4.20541e-05 0.000122705 0.000268486 0.000897591 -0.000406525 0.000342419 0.000870499 4.72721e-05 0.000115385 -7.93361e-05 0.00146561 0.000606365 -0.000663364 -0.000329118 -0.000256805 -4.32749e-05 9.86999e-05 -7.50569e-05 -0.000515606 -0.000374302 -0.000384807 -0.000140465 -0.000772103 -0.000858218
internal_weight=4332 4220 2682 2104 545 578 278 177 1559 1474 1057 267 417 462 1538 1398 768 678 569 630 331 548 364 181 184
internal_count=4332 4220 2682 2104 545 578 278 177 1559 1474 1057 267 417 462 1538 1398 768 678 569 630 331 548 364 181 184
is_linear=0
shrinkage=0.015492


Tree=147
num_leaves=23
num_cat=0
split_feature=38 33 70 58 60 40 22 63 57 8 29 75 10 5 13 61 8 10 32 55 5 23
split_gain=1.25187 0.80979 0.900667 0.687779 0.685593 0.539578 0.568819 0.453313 0.437338 0.384314 0.319734 0.257091 0.444844 0.799513 0.655915 0.401428 0.353651 0.23293 0.20926 0.203332 0.111851 0.169837
threshold=4.5543444464246434 43.460201428731288 0.50675346268547383 -0.96419758205060535 1.4634963020130629 22.859778135970789 100.95803957621258 1.1966872462831832 3.3528766167062534 0.12940952255126045 59.601471012963195 65.34749497923589 -1.0000000180025095e-35 4.2507697049114439 1.0000000180025095e-35 3.434689763885999 -0.78656609248549303 -1.0000000180025095e-35 63.505451435512974 0.077093258929409728 4.129984466168616 85.724435909059324
decision_type=2 2 2 2 2 2 2 2 2 2 2 2 2 2 2 2 2 2 2 2 2 2
left_child=1 2 3 -1 5 6 -5 8 17 -7 -3 12 13 -12 18 20 -17 -4 -14 -18 21 -13
right_child=-2 10 7 4 -6 9 -8 -9 -10 -11 11 15 14 -15 -16 16 19 -19 -20 -21 -22 -23
leaf_value=-0.0010109677033760707 0.001597902531053487 -0.0011834837331803881 0.00010234928932825681 -8.928014949230635e-05 -0.0012915126658313806 0.0011616915537496614 0.00082307785216626233 -0.00017190558563268441 0.0019888875682811703 0.00018733218400625916 -0.0003810602290577063 -0.0010706636618325158 0.00075416099526832666 0.0014511251805910002 -0.0011677090984468536 0.00064213075106846825 2.9947305256359859e-05 0.0011162437032224476 -0.0003083255494220154 -0.00070607216655547652 -0.0013211894863213009 -0.00023887832819552996
leaf_weight=149 112 98 95 1589 83 179 180 90 87 212 116 121 90 108 140 101 160 127 83 202 93 117
leaf_count=149 112 98 95 1589 83 179 180 90 87 212 116 121 90 108 140 101 160 127 83 202 93 117
internal_value=1.97019e-06 -4.14122e-05 0.000112123 -1.84591e-06 6.63441e-05 0.00012019 4.67589e-06 0.000790766 0.00107045 0.000638782 -0.000340973 -0.000276484 -1.42408e-05 0.000509039 -0.000390218 -0.000453052 -0.000156491 0.00068954 0.000247166 -0.000382818 -0.000862751 -0.000669771
internal_weight=4332 4220 2791 2392 2243 2160 1769 399 309 391 1429 1331 537 224 313 794 463 222 173 362 331 238
internal_count=4332 4220 2791 2392 2243 2160 1769 399 309 391 1429 1331 537 224 313 794 463 222 173 362 331 238
is_linear=0
shrinkage=0.015492


Tree=148
num_leaves=26
num_cat=0
split_feature=38 59 62 35 12 37 58 32 32 14 48 3 12 8 73 34 59 58 59 43 59 23 0 12 46
split_gain=1.21703 1.18383 1.20338 0.741539 0.82231 0.987831 0.677227 0.667448 0.602204 0.517357 0.442626 0.416392 0.280092 0.28053 0.278186 0.349082 0.256699 0.256585 0.372707 0.354325 0.325615 0.318169 0.30913 0.207856 0.109075
threshold=4.4877582413620436 0.36293493946396188 0.041336245069070639 44.468812533484574 0.25000000000000011 103.39419950909085 -0.96419758205060535 70.598348055945522 67.688244099617052 22.040003545284268 88.873607639736619 22.668841243584954 -0.6830127018922193 -0.37940952255126059 102.37596811880671 35.591148311297111 -2.0782077358767661 -0.018354594210780558 0.057806616006104157 102.02246588601008 -0.11615414049889237 87.083280777401413 90.142374580171378 -0.93301270189221908 88.431821976767665
decision_type=2 2 2 2 2 2 2 2 2 2 2 2 2 2 2 2 2 2 2 2 2 2 2 2 2
left_child=3 -2 -3 4 5 -1 -7 8 -8 10 14 -9 16 -14 -6 -16 -5 20 19 -19 22 -22 -18 -20 -15
right_child=1 2 -4 12 9 6 7 11 -10 -11 -12 -13 13 24 15 -17 17 18 23 -21 21 -23 -24 -25 -26
leaf_value=0.0017584619681705687 0.0021166464490492399 -0.0012173083452816597 0.0012121928531860025 -0.0010390582237706542 0.0004467962042829797 -0.00087246788964986954 0.00025192241760763854 0.0019092292435219957 -0.00063906899352722426 0.00071169352705731381 -0.0012862864174536569 0.00037588508530211933 -0.00021168083031922598 -0.00076605266128645336 -4.4035345957032267e-06 -0.0010535625583567127 0.00023323515713221396 -0.00043067529800579695 -0.00026882412380938367 0.0006528119731774091 -0.00019877076295289321 0.00096131530884389265 -0.001049642104321733 -0.0011185016686222177 -0.0016161593425743023
leaf_weight=94 120 83 111 88 89 140 1419 84 206 83 152 87 117 82 153 149 93 178 119 118 93 139 83 171 81
leaf_count=94 120 83 111 88 89 140 1419 84 206 83 152 87 117 82 153 149 93 178 119 118 93 139 83 171 81
internal_value=1.94832e-06 0.000926377 0.000169751 -7.0876e-05 7.98333e-05 0.000231231 0.000154564 0.000235923 0.000137999 -0.000409808 -0.000584209 0.00114851 -0.000364389 -0.000799174 -0.000303743 -0.000527321 -0.000249995 -0.000177287 -0.000384283 3.0606e-06 0.000120403 0.000499127 -0.00037833 -0.000776135 -0.00120949
internal_weight=4332 314 194 4018 2656 2030 1936 1796 1625 626 543 171 1362 280 391 302 1082 994 586 296 408 232 176 290 163
internal_count=4332 314 194 4018 2656 2030 1936 1796 1625 626 543 171 1362 280 391 302 1082 994 586 296 408 232 176 290 163
is_linear=0
shrinkage=0.015492


Tree=149
num_leaves=21
num_cat=0
split_feature=38 33 70 60 23 34 75 39 12 79 25 57 48 18 46 31 61 85 9 39
split_gain=1.19421 0.76274 0.872738 0.664569 0.697585 0.898877 0.689501 0.657979 0.457498 0.38375 0.381053 0.497042 0.304933 0.751357 0.302223 0.273293 0.444793 0.330431 0.164182 0.141809
threshold=4.5543444464246434 43.460201428731288 0.50675346268547383 1.5273674669530666 91.635973288218182 31.573472094535834 87.484274644752347 4.4109290603796643 0.25000000000000011 101.98461934645971 85.094180812835717 1.6938699699610373 95.95433334337342 23.999154622819699 93.562987828078136 90.665996315214386 -3.430655929601627 425.12089683938729 0.1294095225512602 4.0814736980862101
decision_type=2 2 2 2 2 2 2 2 2 2 2 2 2 2 2 2 2 2 2 2
left_child=1 2 3 4 6 -6 9 -7 10 -1 -4 -12 14 -14 15 16 19 -18 -16 -3
right_child=-2 12 8 -5 5 7 -8 -9 -10 -11 11 -13 13 -15 18 -17 17 -19 -20 -21
leaf_value=0.00028557693873084426 0.001560648743624023 -0.00037967168330737871 0.00033953043214213577 -0.0013262516861592374 -0.0010403173576546279 0.00032565783503649923 0.0011939185271886258 0.0014291957672695633 -0.0001158045875802826 -0.00033264434638012076 0.00061969081777472088 0.0022349627231393154 0.0012410543384130163 -0.0006049539458772643 -0.00052545420221753901 -0.0009354612766016994 -0.00064032743778813148 0.00023791449644413508 -0.0014108202527048374 -0.0010811500119966278
leaf_weight=298 112 157 109 85 83 444 86 182 102 1214 88 100 92 117 111 142 130 452 99 129
leaf_count=298 112 157 109 85 83 444 86 182 102 1214 88 100 92 117 111 142 130 452 99 129
internal_value=1.90496e-06 -4.04661e-05 0.000108542 -3.64369e-06 4.66205e-05 0.000450086 -0.000132815 0.000651644 0.00077658 -0.000210434 0.00108154 0.00149983 -0.000331194 0.000212974 -0.000424767 -0.000311744 -0.000206886 3.94345e-05 -0.00095652 -0.000703902
internal_weight=4332 4220 2791 2392 2307 709 1598 626 399 1512 297 188 1429 209 1220 1010 868 582 210 286
internal_count=4332 4220 2791 2392 2307 709 1598 626 399 1512 297 188 1429 209 1220 1010 868 582 210 286
is_linear=0
shrinkage=0.015492


Tree=150
num_leaves=28
num_cat=0
split_feature=38 35 12 83 48 78 17 35 7 84 67 48 59 58 4 8 45 37 3 19 3 11 44 55 55 22 11
split_gain=1.15838 0.74096 0.794979 1.1507 0.831968 0.816241 0.601591 0.501969 0.742649 0.60609 0.45355 0.37168 0.34046 0.633057 0.5727 0.432514 0.601129 0.42237 0.421482 0.383814 0.308764 0.263891 0.15121 0.148077 0.136951 0.117505 0.0713252
threshold=4.5543444464246434 41.842266950607303 0.25000000000000011 -0.13964050662623359 85.802291211905313 81.707771333522274 21.700807575384786 37.955839545461878 64.720968728595324 490.12109485837317 -0.015706401930914989 89.229157029257891 0.12939733037241299 -0.12621038340860122 102.97047681490584 0.12940952255126045 99.37904213569783 42.790935351583705 24.224545342392393 99.064190460840891 20.553514129320789 -0.22252093395631442 104.01053778524754 0.058153524929220803 0.034906615092320896 101.93248129102921 -0.22252093395631442
decision_type=2 2 2 2 2 2 2 2 2 2 2 2 2 2 2 2 2 2 2 2 2 2 2 2 2 2 2
left_child=1 2 3 4 -1 7 11 9 -9 -5 -6 20 14 -14 15 16 23 22 -16 -17 24 -18 26 -3 -4 -21 -15
right_child=-2 12 6 5 10 -7 -8 8 -10 -11 -12 -13 13 17 18 19 21 -19 -20 25 -22 -23 -24 -25 -26 -27 -28
leaf_value=0.00020609113742233877 0.0015370695309003702 0.00023695445909470143 -0.00026164341672116304 -0.00027231984403764303 0.0026434562725990893 0.0014197985296917734 0.00059466185391671199 0.001095058160367181 -0.00018186680654021337 0.00074385482583341593 0.0010441864258069298 -0.0013325959675258821 0.00032246066529987964 -5.8033749769214554e-05 -9.4983568492083048e-05 -0.0016508066942552936 -0.0010008859024297229 -0.0017654357579578927 0.0012246939568509266 2.9881456064319316e-05 0.00025571374746676451 -4.2586108029899874e-05 -0.0011243523454523864 0.0011778546107394363 -0.0010673016839665348 -0.00067866282352931464 -0.0006348445663659849
leaf_weight=142 112 81 93 1086 81 103 116 220 213 159 100 131 127 95 121 84 119 104 108 83 122 160 95 81 116 168 112
leaf_count=142 112 81 93 1086 81 103 116 220 213 159 100 131 127 95 121 84 119 104 108 83 122 160 95 81 116 168 112
internal_value=1.88574e-06 -3.98446e-05 0.000115569 0.000255383 0.0011019 0.000100299 -0.000391981 1.69889e-05 0.000469625 -0.000141074 0.00179016 -0.000642021 -0.000310629 -0.000626162 -0.000141905 -0.00034282 -2.29274e-05 -0.000923293 0.000534399 -0.000759936 -0.00035943 -0.000457607 -0.000619239 0.000720135 -0.000717539 -0.000446304 -0.000374916
internal_weight=4332 4220 2682 2104 323 1781 578 1678 433 1245 181 462 1538 533 1005 776 441 406 229 335 331 279 302 162 209 251 207
internal_count=4332 4220 2682 2104 323 1781 578 1678 433 1245 181 462 1538 533 1005 776 441 406 229 335 331 279 302 162 209 251 207
is_linear=0
shrinkage=0.015492


Tree=151
num_leaves=23
num_cat=0
split_feature=38 33 70 60 23 35 75 38 12 3 25 57 29 48 9 71 51 11 32 42 42 42
split_gain=1.12361 0.719504 0.841781 0.64406 0.667279 0.899188 0.661299 0.559998 0.434544 0.40323 0.365806 0.479742 0.301506 0.266255 0.417018 0.399355 0.376831 0.330399 0.287466 0.292973 0.205681 0.245476
threshold=4.5543444464246434 43.460201428731288 0.50675346268547383 1.5273674669530666 91.635973288218182 32.976482222874964 87.484274644752347 4.3455623851219825 0.25000000000000011 22.512816876305479 85.094180812835717 1.6938699699610373 59.601471012963195 87.976726590968951 1.0000000180025095e-35 33.254486152695286 108.7837543015127 -0.56174490092936669 80.56495825661554 23.967368260136361 23.466933283850004 23.876902759825743
decision_type=2 2 2 2 2 2 2 2 2 2 2 2 2 2 2 2 2 2 2 2 2 2
left_child=1 2 3 4 6 -6 9 -7 10 -1 -4 -12 -3 17 15 -15 -17 -14 19 -16 -19 -22
right_child=-2 12 8 -5 5 7 -8 -9 -10 -11 11 -13 13 14 18 16 -18 20 -20 -21 21 -23
leaf_value=-0.00033845953709078796 0.0015138465419395869 -0.0011396477485776774 0.00033178895463684539 -0.0013067101022926088 -0.0007081944299815342 0.00019026162696330246 0.0011686342805862311 0.0011566498333576368 -0.00010821630698787306 0.00027678954864001249 0.00060413184053860578 0.0021908061003017209 -0.0011654722257857981 -0.00073682795284829648 -0.00019471677140560242 0.00083149145080032541 -0.00018806916386349714 -0.00087346877024118991 0.00035314733916302134 -0.0010998882679138281 0.00062922563103802302 -0.00042166046671501177
leaf_weight=1189 112 98 109 85 131 274 86 304 102 323 88 100 145 81 176 228 138 92 85 168 85 133
leaf_count=1189 112 98 109 85 131 274 86 304 102 323 88 100 145 81 176 228 138 92 85 168 85 133
internal_value=1.88023e-06 -3.92186e-05 0.000105503 -4.6723e-06 4.48109e-05 0.000439416 -0.000130682 0.000701859 0.000761587 -0.000206696 0.0010588 0.00146863 -0.000321587 -0.000258989 -0.000100268 0.000230084 0.000448341 -0.000561858 -0.000443934 -0.000642422 -0.000271217 -8.68742e-06
internal_weight=4332 4220 2791 2392 2307 709 1598 578 399 1512 297 188 1429 1331 876 447 366 455 429 344 310 218
internal_count=4332 4220 2791 2392 2307 709 1598 578 399 1512 297 188 1429 1331 876 447 366 455 429 344 310 218
is_linear=0
shrinkage=0.015492


Tree=152
num_leaves=26
num_cat=0
split_feature=75 38 1 18 48 38 1 55 60 37 57 11 1 71 2 77 12 16 72 55 35 39 34 85 75
split_gain=1.10648 0.713213 0.871127 0.931644 1.25417 0.827822 0.713502 0.802213 0.695095 0.68112 0.676178 0.636116 0.586765 0.538269 0.963657 0.585716 0.419546 0.366643 0.353577 0.332356 0.398442 0.279343 0.228536 0.212355 0.19982
threshold=57.240413134627879 4.3512123930454232 33.906552090115035 23.997292416095735 89.983944962819422 4.4979494319359468 33.464715456432778 0.04586228296128541 0.45331832478134265 104.23176484107974 1.3040087213886997 -0.56174490092936669 37.955839545461878 110.11640493889652 105.44837484359742 33.864432874917988 -0.6830127018922193 21.702010938326527 64.32481584032378 0.040071166032869768 36.084235322740355 4.1142930754688054 32.47109162251153 430.4965394266024 64.024037648042082
decision_type=2 2 2 2 2 2 2 2 2 2 2 2 2 2 2 2 2 2 2 2 2 2 2 2 2
left_child=-1 6 -3 4 10 8 7 22 -6 -9 -4 19 -12 14 15 -13 18 -11 -15 23 -21 -16 -2 -8 -22
right_child=1 2 3 -5 5 -7 11 9 -10 17 12 13 -14 16 21 -17 -18 -19 -20 20 24 -23 -24 -25 -26
leaf_value=0.001416048779109316 -0.00094678645762890485 -0.001019393830502172 0.00071532087115789623 -0.00071452032018517141 0.0012672719508247359 0.0025212143403295973 -0.00066001556914984413 0.0019040639416111427 -5.0336865918298139e-05 -0.00036577194324560985 0.00028567531050888959 -0.0007191623292319971 -0.0014034343128363895 0.00079830382393966974 -0.00015063174825546546 0.0001514302991204344 0.0013688818988833976 0.00093667210607394883 -0.0005452880997533371 -3.9414077266533672e-05 -0.0015496229325773496 -0.0011215251838373134 0.00014560327920407236 0.00028953689869202982 -0.00080964928576642697
leaf_weight=126 94 106 140 141 288 82 102 99 143 93 85 224 112 86 95 1014 90 111 97 109 149 295 86 120 245
leaf_count=126 94 106 140 141 288 82 102 99 143 93 85 224 112 86 95 1014 90 111 97 109 149 295 86 120 245
internal_value=1.86028e-06 -4.14114e-05 0.000297697 0.000441177 0.000634732 0.00111495 -0.000161255 0.000384357 0.000832438 0.000868062 -9.92358e-05 -0.00026195 -0.000680491 -0.000112594 -0.00021953 -7.30729e-06 0.000520478 0.000345617 8.82038e-05 -0.000651484 -0.000870919 -0.000888051 -0.000430233 -0.000149179 -0.0010988
internal_weight=4332 4206 1097 991 850 513 3109 483 431 303 337 2626 197 1901 1628 1238 273 204 183 725 503 390 180 222 394
internal_count=4332 4206 1097 991 850 513 3109 483 431 303 337 2626 197 1901 1628 1238 273 204 183 725 503 390 180 222 394
is_linear=0
shrinkage=0.015492


Tree=153
num_leaves=23
num_cat=0
split_feature=75 74 23 1 5 11 26 74 15 64 63 76 74 78 60 22 45 60 63 5 29 50
split_gain=1.07318 0.6612 0.782111 1.11809 0.960753 0.840143 0.819786 0.64856 0.655981 0.623974 0.790623 0.557464 0.897663 0.581212 0.372494 0.352693 0.84029 0.316956 0.206056 0.0986582 0.0973487 0.0889973
threshold=57.240413134627879 38.874031656914291 93.147015747494152 30.908479834927459 4.4877582413620436 -0.56174490092936669 102.12886570188736 102.20669712172618 22.757577085759909 0.23792249933671764 0.98910410626512923 109.56417582154275 104.85795796801646 62.90948388642731 0.38001309037208847 104.10049565739104 103.99130025007106 0.35051874942249844 1.2271685885577923 4.2833614075846134 69.792794863382952 108.86874665701832
decision_type=2 2 2 2 2 2 2 2 2 2 2 2 2 2 2 2 2 2 2 2 2 2
left_child=-1 15 5 -4 9 7 -7 -3 17 10 -5 12 -8 -13 -11 16 18 -9 19 21 -17 -2
right_child=1 2 3 4 -6 6 11 8 -10 14 -12 13 -14 -15 -16 20 -18 -19 -20 -21 -22 -23
leaf_value=0.0013945952831431144 -0.00054218711840954949 -0.0015543207264452294 -0.00097482338449237206 9.2922475104850307e-05 0.0022987426498951411 0.0013296932210585077 0.00022889771868717194 -0.00025411343163694931 0.00088368364341864282 0.00053697858170483862 0.0018419202299246764 0.0013450158514572549 -0.00060527634159650073 0.00011634777936754606 -0.00058231976395900172 -0.00064876516908357899 0.0011657808959112165 -0.0010654824611513831 0.00015108498422717465 -9.9961520842998505e-05 -0.0014014217195326272 -0.0011029431733347074
leaf_weight=126 380 115 101 111 82 122 706 376 93 150 139 134 547 287 131 99 86 166 117 95 83 86
leaf_count=126 380 115 101 111 82 122 706 376 93 150 139 134 547 287 131 99 86 166 117 95 83 86
internal_value=1.84782e-06 -4.07675e-05 6.39135e-05 0.000515963 0.000765099 -6.32586e-05 0.000118632 -0.000497748 -0.000300189 0.000517123 0.00107549 2.82145e-05 -0.000135738 0.000514025 1.42537e-05 -0.000400712 -0.000252547 -0.000507037 -0.000436697 -0.000559583 -0.00100876 -0.000651921
internal_weight=4332 4206 3260 714 613 2546 1796 750 635 531 250 1674 1253 421 281 946 764 542 678 561 182 466
internal_count=4332 4206 3260 714 613 2546 1796 750 635 531 250 1674 1253 421 281 946 764 542 678 561 182 466
is_linear=0
shrinkage=0.015492


Tree=154
num_leaves=18
num_cat=0
split_feature=38 83 45 35 46 59 51 30 11 80 51 1 57 54 85 62 37
split_gain=1.0557 0.67756 0.717159 0.650767 0.710475 0.637136 0.473764 0.879034 0.566455 0.496541 0.7081 0.660327 0.460265 0.435693 0.403463 0.619267 0.0517285
threshold=4.5543444464246434 -0.11242452245395193 90.002621277968103 40.427945922745607 92.526726547877004 -2.0782077358767661 111.5206079276403 67.243766795264364 -0.56174490092936669 26.434968683599639 109.74058681583152 30.688142358726932 2.3747605822351416 0.021178363050909439 420.70170192265556 -0.0074123205796441374 105.18162794854906
decision_type=2 2 2 2 2 2 2 2 2 2 2 2 2 2 2 2 2
left_child=1 2 -1 4 14 12 9 8 -8 11 -11 -7 16 -13 -4 -16 -3
right_child=-2 5 3 -5 -6 6 7 -9 -10 10 -12 13 -14 -15 15 -17 -18
leaf_value=-0.00094223442190946203 0.0014674134952579949 -0.00096902341878811699 -0.00028394026233294052 -0.00047935087698982052 0.0017703544615232827 -0.0015095822636880412 -1.601118557737374e-05 -0.00057562370352545148 0.0015546232002406467 0.0011977558456472677 -0.00043656290283941633 0.00025983884459400734 8.7943365900439391e-05 -0.00026685283473679248 5.9532366435012872e-05 0.001286036225850692 -0.001574592569484356
leaf_weight=90 112 92 132 133 119 88 85 129 153 146 109 467 84 1908 190 204 91
leaf_count=90 112 92 132 133 119 88 85 129 153 146 109 467 84 1908 190 204 91
internal_value=1.84513e-06 -3.79919e-05 0.000347043 0.000499188 0.000702318 -0.000137933 -7.46878e-05 0.000445599 0.000999746 -0.000145364 0.00050171 -0.000212894 -0.000859872 -0.000163065 0.000452308 0.000699459 -0.0012901
internal_weight=4332 4220 868 778 645 3352 3085 367 238 2718 255 2463 267 2375 526 394 183
internal_count=4332 4220 868 778 645 3352 3085 367 238 2718 255 2463 267 2375 526 394 183
is_linear=0
shrinkage=0.015492


Tree=155
num_leaves=20
num_cat=0
split_feature=38 83 12 48 10 59 59 48 51 54 51 30 11 80 1 1 57 54 37
split_gain=1.02404 0.657005 0.914311 0.790369 1.44987 1.27365 0.618191 0.570664 0.513233 0.470178 0.459388 0.852528 0.549369 0.481485 0.68777 0.640731 0.446555 0.422349 0.0501731
threshold=4.5543444464246434 -0.11242452245395193 0.25000000000000011 85.734806930753948 -1.0000000180025095e-35 -0.058272061038898919 -2.0782077358767661 89.137564735854141 103.46253521142184 0.034467482697759969 111.5206079276403 67.243766795264364 -0.56174490092936669 26.434968683599639 34.332667133543218 30.688142358726932 2.3747605822351416 0.021178363050909439 105.18162794854906
decision_type=2 2 2 2 2 2 2 2 2 2 2 2 2 2 2 2 2 2 2
left_child=1 2 3 5 -5 -1 16 -4 -6 -7 13 12 -12 15 -15 -8 18 -17 -3
right_child=-2 6 7 4 8 9 10 -9 -10 -11 11 -13 -14 14 -16 17 -18 -19 -20
leaf_value=0.0012552093658845659 0.0014452429010935646 -0.00095446115853235042 0.00017631208846028554 -6.2162650549609535e-05 0.0029132633850364356 2.843010191392147e-06 -0.0014869274500236684 -0.0013358103116064004 0.0012719145020714015 -0.0016167447056615082 -1.5771138156150144e-05 -0.00056689836880957211 0.0015309782032083602 0.0013599316289028506 -0.00024068015418594028 0.00025583778189014646 8.6625536360819885e-05 -0.0002627249058046214 -0.0015509377509912224
leaf_weight=121 112 92 140 138 84 86 88 101 115 83 85 129 153 116 139 467 84 1908 91
leaf_count=121 112 92 140 138 84 86 88 101 115 83 85 129 153 116 139 467 84 1908 91
internal_value=1.822e-06 -3.74127e-05 0.000341737 0.000652746 0.00115972 5.77639e-05 -0.000135826 -0.00046522 0.00199645 -0.000805645 -7.35282e-05 0.000438803 0.000984533 -0.000143125 0.000494063 -0.000209623 -0.000846952 -0.000160538 -0.00127073
internal_weight=4332 4220 868 627 337 290 3352 241 199 169 3085 367 238 2718 255 2463 267 2375 183
internal_count=4332 4220 868 627 337 290 3352 241 199 169 3085 367 238 2718 255 2463 267 2375 183
is_linear=0
shrinkage=0.015492


Tree=156
num_leaves=26
num_cat=0
split_feature=5 65 35 23 51 78 11 41 10 51 10 66 85 55 62 18 51 64 78 18 59 52 9 55 22
split_gain=0.982399 0.723439 0.626492 0.603014 0.601054 0.700178 0.756471 0.572338 0.57039 0.547488 0.677705 0.671979 0.615452 0.544172 0.503105 0.600396 0.574403 0.571418 0.398128 0.491738 0.361874 0.396812 0.309977 0.262154 0.20611
threshold=4.5543444464246434 -0.53223058064777706 41.299219363000667 93.147015747494152 110.88498875149975 62.90948388642731 -0.56174490092936669 22.513464653712735 -0.60785761079279388 108.7837543015127 1.0000000180025095e-35 -75.100767042901751 469.47595906779844 0.017053340273114666 0.064033334939566103 20.67859949085447 106.93476363870835 0.25422865826999641 57.340571262439106 20.3759052236875 -0.058272061038898919 0.15954783827248778 -0.37940952255126015 0.24276340225817419 97.997715062035468
decision_type=2 2 2 2 2 2 2 2 2 2 2 2 2 2 2 2 2 2 2 2 2 2 2 2 2
left_child=1 2 3 18 8 6 -6 23 14 11 12 -10 -11 -13 15 -3 -17 -16 19 -1 -20 -22 -12 -7 -8
right_child=-2 4 -4 -5 5 7 24 -9 9 10 22 13 -14 -15 17 16 -18 -19 20 -21 21 -23 -24 -25 -26
leaf_value=4.4710637409267915e-05 0.0014155886154364168 0.001050368791193699 -0.00071845611931582959 0.0016041067095306093 -0.00017509344016987299 0.00094411338684986335 0.000878069512298851 -0.0010309160736862377 0.0011342051590594315 -0.00079256454876211122 -0.00061101249116235208 0.0009072067706017954 0.00096058930457888325 -0.00035762067312239534 0.001651053732144503 -0.00093544914044656191 0.00011412306059918906 -4.7303174897216688e-05 0.00058623098218277465 0.0016503556640176972 0.00026878974173617304 -0.0011639660686783165 -0.0015654056734300825 -0.00024207743962450354 0.0019516331258463281
leaf_weight=83 112 92 100 112 109 86 93 119 82 108 144 84 82 1391 95 200 325 92 154 100 94 87 206 88 94
leaf_count=83 112 92 100 112 109 86 93 119 82 108 144 84 82 1391 95 200 325 92 154 100 94 87 206 88 94
internal_value=1.81585e-06 -3.66126e-05 0.000405919 0.000586955 -0.000129457 0.000320629 0.000848518 -0.000215394 -0.000221094 -0.000355479 -0.000779387 -0.000207251 -3.24769e-05 -0.000283924 0.00012932 -8.47611e-05 -0.00028843 0.000826833 0.000359309 0.000934407 3.96718e-05 -0.00042675 -0.00118107 0.000349452 0.00143932
internal_weight=4332 4220 730 630 3490 589 296 293 2901 2097 540 1557 190 1475 804 617 525 187 518 183 335 181 350 174 187
internal_count=4332 4220 730 630 3490 589 296 293 2901 2097 540 1557 190 1475 804 617 525 187 518 183 335 181 350 174 187
is_linear=0
shrinkage=0.015492


Tree=157
num_leaves=22
num_cat=0
split_feature=38 74 32 23 1 8 11 57 58 23 55 25 35 48 22 22 85 63 86 57 43
split_gain=0.966639 0.619265 0.598113 0.581697 0.803282 0.675547 0.492728 0.69971 0.477689 0.441288 0.439989 0.400142 0.344831 0.455914 0.298517 0.619508 0.288502 0.199807 0.12512 0.0922717 0.0829193
threshold=4.5543444464246434 38.874031656914291 58.048885229958437 93.601649861865596 30.908479834927459 -1.0000000180025095e-35 -0.56174490092936669 2.125991590858034 -0.68517899801332038 97.522378005981452 0.97482339782780081 94.222539203431879 36.084235322740355 90.361094997635604 104.10049565739104 103.92801152865094 472.77854869629044 1.2271685885577923 297.17206728429204 0.68938704967807041 99.16548993711119
decision_type=2 2 2 2 2 2 2 2 2 2 2 2 2 2 2 2 2 2 2 2 2
left_child=1 14 -3 6 -5 9 12 8 -8 -6 -9 -7 13 -4 15 17 -14 19 -16 -1 -21
right_child=-2 2 3 4 5 11 7 10 -10 -11 -12 -13 16 -15 18 -17 -18 -19 -20 20 -22
leaf_value=-0.00010610666715762041 0.0014042515411957976 0.0011832886645938392 0.00025240601307885792 -0.00094010844586908096 -7.4258047037319006e-05 0.00072093707455435829 -0.0012550325285795947 0.00031699667054652174 -5.1164141885780252e-05 0.0012155648495350009 0.0014470917519379053 0.0022144581815292715 -0.0010260092663522476 -0.00090461737526524144 -0.00053967752118447103 0.00081264119702972458 -0.00013795181165066387 0.0001495512867579635 -0.0013808507233967185 -0.0010548112543549181 -0.00052909986742015241
leaf_weight=93 112 108 287 81 237 93 82 438 1178 84 100 85 255 111 96 110 135 116 84 95 352
leaf_count=93 112 108 287 81 237 93 82 438 1178 84 100 85 255 111 96 110 135 116 84 95 352
internal_value=1.86505e-06 -3.62538e-05 6.46662e-05 2.54524e-05 0.000467621 0.000700336 -7.40897e-05 6.75144e-05 -0.000132229 0.000270698 0.000533715 0.00145821 -0.000396384 -7.41869e-05 -0.000384767 -0.000249268 -0.000722051 -0.000430204 -0.000948068 -0.000555037 -0.000646982
internal_weight=4332 4220 3274 3166 580 499 2586 1798 1260 321 538 178 788 398 946 766 390 656 180 540 447
internal_count=4332 4220 3274 3166 580 499 2586 1798 1260 321 538 178 788 398 946 766 390 656 180 540 447
is_linear=0
shrinkage=0.015492


Tree=158
num_leaves=27
num_cat=0
split_feature=75 38 35 64 1 1 55 45 45 11 48 18 7 4 3 74 36 77 51 55 35 55 53 22 85 75
split_gain=0.96869 0.609857 0.836509 0.896249 0.711421 0.655194 0.746825 0.759517 0.712914 0.574689 0.568024 0.765299 0.92841 0.548394 0.524107 0.463558 0.988978 0.53236 0.316415 0.314468 0.368454 0.25215 0.220871 0.203526 0.201305 0.201041
threshold=57.240413134627879 4.3512123930454232 32.884033603138413 0.23963541709046776 39.329064655303959 33.464715456432778 0.04586228296128541 93.082223196029688 96.701232596768293 -0.56174490092936669 89.983944962819422 23.997292416095735 65.051932888031004 96.238202383253324 22.435553231239322 109.6733566076888 105.56440290451052 33.864432874917988 109.94109477007832 0.040071166032869768 36.084235322740355 0.059207249056090892 0.16249350184073466 97.438130168914796 430.4965394266024 64.024037648042082
decision_type=2 2 2 2 2 2 2 2 2 2 2 2 2 2 2 2 2 2 2 2 2 2 2 2 2 2
left_child=-1 5 -3 4 13 6 22 -8 -9 19 14 12 -12 -4 -5 16 17 -11 -18 24 -21 -17 -2 -23 -7 -22
right_child=1 2 3 10 -6 9 7 8 -10 15 11 -13 -14 -15 -16 21 18 -19 -20 20 25 23 -24 -25 -26 -27
leaf_value=0.0013250628992422435 -0.00089340688433134884 -0.0011948618728728768 0.00092288541061088516 -0.0010356137566463084 0 -0.00062539900747545288 -0.00019919879203333598 0.0024987135042620389 0.00059493591818078964 -0.00068049248310406857 0.0014806604077812226 -0.00056004384652951237 -0.00032285859025914617 0.0025801576998040901 0.00028194291029878929 -0.00025877620820164424 -0.0011762971516095803 0.00014847473253975035 -9.0858920091444579e-05 -3.0205227776902777e-05 -0.0014998535499213079 0.00033484712422612623 0.000184349798424824 0.0013233630706820116 0.0002990127522786688 -0.00076001632906757904
leaf_weight=126 99 83 123 155 96 102 108 81 114 224 200 124 102 82 132 82 273 1028 85 109 149 125 81 84 120 245
leaf_count=126 99 83 123 155 96 102 108 81 114 224 200 124 102 82 132 82 273 1028 85 109 149 125 81 84 120 245
internal_value=1.85266e-06 -3.8634e-05 0.00027494 0.000398339 0.00110297 -0.000149456 0.000373374 0.000840077 0.00141071 -0.000245953 9.7552e-05 0.00045536 0.000873904 0.00161243 -0.000432502 -0.000103994 -0.000206996 -9.73787e-07 -0.000921571 -0.0006162 -0.000829625 0.000462071 -0.000412606 0.000744985 -0.000127861 -0.00104876
internal_weight=4332 4206 1097 1014 301 3109 483 303 195 2626 713 426 302 205 287 1901 1610 1252 358 725 503 291 180 209 222 394
internal_count=4332 4206 1097 1014 301 3109 483 303 195 2626 713 426 302 205 287 1901 1610 1252 358 725 503 291 180 209 222 394
is_linear=0
shrinkage=0.015492


Tree=159
num_leaves=26
num_cat=0
split_feature=75 38 35 64 59 29 61 33 33 45 55 5 11 74 36 77 61 12 81 51 62 55 35 85 75
split_gain=0.939523 0.591384 0.811578 0.869613 0.769041 0.987583 0.675622 0.666545 0.611479 0.759285 0.713703 0.546832 0.525735 0.383257 0.964695 0.522943 0.326813 0.317797 0.347445 0.307211 0.295881 0.24402 0.419159 0.230402 0.213177
threshold=57.240413134627879 4.3512123930454232 32.884033603138413 0.23963541709046776 0.26868909509095579 64.776897924211283 0.22357604704521353 37.638981111314557 33.464715456432778 93.082223196029688 0.14223528275970046 4.0674645624558154 -0.56174490092936669 109.6733566076888 105.56440290451052 33.864432874917988 -0.33311883325931996 -0.6830127018922193 15.383344176694784 109.94109477007832 0.065099707289977729 0.040071166032869768 36.084235322740355 431.57504290618107 64.024037648042082
decision_type=2 2 2 2 2 2 2 2 2 2 2 2 2 2 2 2 2 2 2 2 2 2 2 2 2
left_child=-1 8 -3 7 5 16 -6 -4 9 11 -11 -2 21 14 15 -14 -5 18 -15 -16 -9 23 -23 -10 -24
right_child=1 2 3 4 6 -7 -8 20 12 10 -12 -13 13 17 19 -17 -18 -19 -20 -21 -22 22 24 -25 -26
leaf_value=0.0013049878454253804 -0.00092064002825133391 -0.0011769639256713337 0.0019057382168714972 0.00019691539601376478 3.8268839737614073e-05 -0.00051754187122235896 -0.0016214043220093329 0.001072123587742032 -0.00066658371407966952 0.0001807816839377079 0.0017839863781337541 0.0006674397261094996 -0.00067008238458602699 0.00076971450958168372 -0.001159963599994472 0.00015130345653090139 0.0013019439961347295 0.0010829390613100193 -0.00055011749992993938 -8.9496874877483432e-05 -0.00020352263138812381 7.6271863884418809e-05 -0.001477052729597101 0.00033068640719104917 -0.00071983160587253822
leaf_weight=126 135 83 131 93 152 160 93 84 106 149 119 81 224 82 271 1031 215 104 107 85 86 107 149 111 248
leaf_count=126 135 83 131 93 152 160 93 84 106 149 119 81 224 82 271 1031 215 104 107 85 86 107 149 111 248
internal_value=1.84988e-06 -3.80223e-05 0.000270765 0.000392313 9.60273e-05 0.000463453 -0.000602741 0.00108639 -0.000147153 0.000357322 0.000904228 -0.000323773 -0.000240488 -0.000105151 -0.000199013 3.44469e-06 0.000973417 0.000407587 2.49676e-05 -0.000907353 0.00043355 -0.000595946 -0.000782225 -0.000158377 -0.00101273
internal_weight=4332 4206 1097 1014 713 468 245 301 3109 484 268 216 2625 1904 1611 1255 308 293 189 356 170 721 504 217 397
internal_count=4332 4206 1097 1014 713 468 245 301 3109 484 268 216 2625 1904 1611 1255 308 293 189 356 170 721 504 217 397
is_linear=0
shrinkage=0.015492


Tree=160
num_leaves=22
num_cat=0
split_feature=5 57 26 66 45 59 42 61 81 46 12 86 76 19 29 10 5 7 77 5 32
split_gain=0.913081 0.635017 0.779616 0.961252 0.982643 0.695092 0.43998 0.444905 0.713404 0.509801 0.415304 0.400585 0.440705 0.371086 0.316252 0.447903 0.293677 0.2866 0.28416 0.372833 0.11901
threshold=4.5543444464246434 2.7281736803291023 104.79603704452516 -63.087772125667989 93.403590767560189 -2.0782077358767661 19.269048103270709 -1.0440220672554188 15.093524647612732 86.097198572158831 1.0000000180025095e-35 254.77856610531896 102.19376372496289 95.966152231428367 65.27871211051945 1.0000000180025095e-35 4.3379106136825376 64.85178335613675 38.753116921053994 4.1927380737993438 66.226996741824664
decision_type=2 2 2 2 2 2 2 2 2 2 2 2 2 2 2 2 2 2 2 2 2
left_child=1 5 3 4 -3 17 -7 11 9 -9 14 12 -8 -10 15 -4 -13 -1 -16 -20 -19
right_child=-2 2 10 -5 -6 6 7 8 13 -11 -12 16 -14 -15 18 -17 -18 20 19 -21 -22
leaf_value=-0.00020708030733189632 0.001364815548914959 0.00036304932798783936 0.001197694370121921 -0.00022172475512426517 0.0023824234543329973 -0.0011479955103844651 0.00026320731805312041 -0.00043392919292000614 0.00029941828180030415 0.00053706471477468634 -0.0010337695049966072 0.00029124654907163012 -0.0010240633650844396 -0.00034064370567194163 -0.00070565882025640562 -0.00027048284871915664 -0.00064041044239342127 -0.0017096450784622162 0.00069976861746692907 -0.00052418000187396806 -0.00082426761740647789
leaf_weight=92 112 108 123 123 125 86 81 152 285 813 81 249 280 888 132 81 117 83 138 101 82
leaf_count=92 112 108 123 123 125 86 81 152 285 813 81 249 280 888 132 81 117 83 138 101 82
internal_value=1.8326e-06 -3.52146e-05 0.000302586 0.000883153 0.00146243 -0.000141979 -7.42339e-05 -4.08659e-05 7.17506e-05 0.000383204 -1.47935e-05 -0.000371165 -0.000735187 -0.000184707 0.000132975 0.000618608 -8.9785e-06 -0.000910199 -0.000136495 0.000182089 -0.00129157
internal_weight=4332 4220 1012 356 233 3208 2951 2865 2138 965 656 727 361 1173 575 204 366 257 371 239 165
internal_count=4332 4220 1012 356 233 3208 2951 2865 2138 965 656 727 361 1173 575 204 366 257 371 239 165
is_linear=0
shrinkage=0.015492


Tree=161
num_leaves=21
num_cat=0
split_feature=38 83 12 59 25 10 59 59 49 80 1 51 64 10 51 13 62 11 64 30
split_gain=0.894868 0.579627 0.829334 0.677112 0.97792 1.06372 0.565804 0.478115 0.450691 0.41357 0.692721 0.568199 0.540037 0.954949 0.513056 0.437674 0.296443 0.247215 0.196608 0.0942718
threshold=4.5543444464246434 -0.11242452245395193 0.25000000000000011 -0.058272061038898919 80.798509829839119 -1.0000000180025095e-35 -2.0782077358767661 0.45896488193105262 102.3526496964914 26.434968683599639 34.381865853203671 109.74058681583152 0.23823162679163651 -1.0000000180025095e-35 104.16192931192894 1.0000000180025095e-35 -0.0067003870838215898 -0.22252093395631442 0.24433768826377431 67.776391770045038
decision_type=2 2 2 2 2 2 2 2 2 2 2 2 2 2 2 2 2 2 2 2
left_child=1 2 3 17 -5 -6 18 -7 -4 10 14 -11 13 -12 16 -14 -8 -1 -3 -20
right_child=-2 6 8 4 5 7 9 -9 -10 11 12 -13 15 -15 -16 -17 -18 -19 19 -21
leaf_value=0.00068099647571245251 0.0013511065370311074 -0.00016712005877750431 0.00033589220205967288 -0.00089530728906561923 -0.00042555905240793064 0.00059535214259101674 -0.00088173002406983039 0.0022216979308270616 -0.0010083317909336446 0.001157551426326597 0.0018985562109508666 -0.00020834550520315885 5.5421052100928406e-05 -0.00024854454564834168 -0.0014281723751052261 -0.00039526440969301545 0.00035775504309281791 0.0017799715124847957 -0.0014853316242983219 -0.00073988289303140206
leaf_weight=91 112 82 101 123 114 84 83 94 140 146 89 142 1471 107 155 794 98 121 81 104
leaf_count=91 112 82 101 123 114 84 83 94 140 146 89 142 1471 107 155 794 98 121 81 104
internal_value=1.78552e-06 -3.48901e-05 0.000321231 0.000617447 0.000249799 0.000736434 -0.000127328 0.00147611 -0.000447274 -6.77295e-05 -0.000125455 0.00048833 -3.49563e-05 0.000739171 -0.000782188 -0.000102826 -0.000214991 0.0013239 -0.000807653 -0.00108427
internal_weight=4332 4220 868 627 415 292 3352 178 241 3085 2797 288 2461 196 336 2265 181 212 267 185
internal_count=4332 4220 868 627 415 292 3352 178 241 3085 2797 288 2461 196 336 2265 181 212 267 185
is_linear=0
shrinkage=0.015492


Tree=162
num_leaves=21
num_cat=0
split_feature=38 65 35 45 11 70 51 30 21 11 76 57 58 35 54 62 76 8 81 55
split_gain=0.867999 0.560564 0.551578 0.6476 0.5646 0.559152 0.520246 0.607725 0.887716 0.482672 0.399021 0.398392 0.859885 0.538507 0.398385 0.380942 0.347819 0.317306 0.308874 0.250313
threshold=4.5543444464246434 -0.53223058064777706 41.299219363000667 90.005214780260033 -0.22252093395631442 0.3033086808522612 110.88498875149975 65.026744284100047 101.50736524687878 -0.22252093395631442 110.64116421522301 2.7281736803291023 -0.96419758205060535 34.6831950182385 0.0068648717270260494 0.021409761748378834 102.23849871198338 -1.0000000180025095e-35 14.177474119546138 0.82682850050948142
decision_type=2 2 2 2 2 2 2 2 2 2 2 2 2 2 2 2 2 2 2 2
left_child=1 2 3 -1 15 16 11 9 10 -8 -9 12 -3 -13 -14 -5 -6 -16 -15 -20
right_child=-2 6 -4 4 5 -7 7 8 -10 -11 -12 13 14 18 17 -17 -18 -19 19 -21
leaf_value=-0.00073126833902367565 0.0013306931870111147 -0.0017417331299405846 -0.0006994894792256832 -0.00035261015118163318 0.0013503973114543427 0.0021825161269254162 8.9936686857760556e-05 -0.00015823262858347204 0.00085639187350285281 0.0014850148611581272 -0.0015171252303500184 0.0011285191118074749 0.00068063988577330499 0.00077581895300910181 -4.4709829228077339e-05 0.00083584253466771272 6.7580519798371948e-05 -0.00043676919976478668 -0.00044936682502219767 0.00038129353497636643
leaf_weight=83 112 92 100 141 99 90 104 123 135 138 88 107 106 85 822 115 102 1249 325 116
leaf_count=83 112 92 100 141 99 90 104 123 135 138 88 107 106 85 822 115 102 1249 325 116
internal_value=1.78314e-06 -3.43374e-05 0.000355203 0.000525144 0.000718742 0.00118233 -0.000116065 0.000303088 -0.00011376 0.00089384 -0.000738017 -0.000201237 -0.000297045 0.000141841 -0.000233761 0.000184239 0.000709866 -0.000281474 -6.36897e-05 -0.00022963
internal_weight=4332 4220 730 630 547 291 3490 588 346 242 211 2902 2269 633 2177 256 201 2071 526 441
internal_count=4332 4220 730 630 547 291 3490 588 346 242 211 2902 2269 633 2177 256 201 2071 526 441
is_linear=0
shrinkage=0.015492


Tree=163
num_leaves=21
num_cat=0
split_feature=38 83 12 48 10 59 48 59 54 80 1 1 64 10 62 57 65 36 10 32
split_gain=0.841902 0.545859 0.795156 0.704047 1.34286 1.16692 0.553969 0.540921 0.45442 0.402697 0.668826 0.554207 0.519382 0.926035 0.426527 0.402361 0.388581 0.343304 0.371388 0.0613962
threshold=4.5543444464246434 -0.11242452245395193 0.25000000000000011 85.802291211905313 -1.0000000180025095e-35 -0.058272061038898919 89.137564735854141 -2.0782077358767661 0.034467482697759969 26.434968683599639 34.381865853203671 34.332667133543218 0.23823162679163651 -1.0000000180025095e-35 0.14665760170441325 2.3747605822351416 -0.6130128150515971 104.29799928983054 1.0000000180025095e-35 65.551110934151623
decision_type=2 2 2 2 2 2 2 2 2 2 2 2 2 2 2 2 2 2 2 2
left_child=1 2 3 5 -5 -1 -4 15 -7 10 17 -11 13 -12 -14 19 -6 -9 -19 -3
right_child=-2 7 6 4 16 8 -8 9 -10 11 12 -13 14 -15 -16 -17 -18 18 -20 -21
leaf_value=0.0011820137112729609 0.0013105882293438639 -0.0014587127468610505 0.00019111177926373334 -9.9261325004437097e-05 0.0024755471269767991 8.6204962917629133e-06 -0.0012984874190487376 -0.00023139028307944773 -0.0015833944650914854 0.0012161521583153396 0.0018676462384749747 -0.00013802460155813308 -4.884656173939833e-05 -0.000246654612466827 -0.00098766355189180369 9.7008341157705212e-05 0.0010385138848772043 -0.00052900942025046332 -0.0019541669378761849 -0.00082228841141380657
leaf_weight=122 112 101 140 137 114 86 101 157 83 131 89 157 2145 107 120 84 85 94 85 82
leaf_count=122 112 101 140 137 114 86 101 157 83 131 89 157 2145 107 120 84 85 94 85 82
internal_value=1.80726e-06 -3.37659e-05 0.000311825 0.00060188 0.0010819 4.22307e-05 -0.000440656 -0.000123471 -0.000785998 -6.51985e-05 -0.000122161 0.000483499 -3.32384e-05 0.000725938 -9.97994e-05 -0.000788668 0.00188544 -0.000767468 -0.00122621 -0.00119095
internal_weight=4332 4220 868 627 336 291 241 3352 169 3085 2797 288 2461 196 2265 267 199 336 179 183
internal_count=4332 4220 868 627 336 291 241 3352 169 3085 2797 288 2461 196 2265 267 199 336 179 183
is_linear=0
shrinkage=0.015492


Tree=164
num_leaves=25
num_cat=0
split_feature=75 11 77 12 83 17 47 32 35 64 75 64 44 57 37 18 32 44 11 59 48 86 58 48
split_gain=0.847072 0.52689 0.695481 0.636182 0.967085 1.28418 0.552902 0.682393 0.510946 0.594705 0.521811 0.488225 1.22708 0.571119 0.413437 0.750003 0.397526 0.544899 0.305853 0.240194 0.368382 0.223759 0.220942 0.187183
threshold=57.240413134627879 -0.56174490092936669 36.198723558187488 0.25000000000000011 -0.1353168788083329 20.456449495686432 92.552299817049956 59.946270856857303 36.084235322740355 0.26584334007694577 64.092352724737637 0.24833997789206461 101.86140470010264 1.5198630772370725 104.50748224046497 21.33877523289787 60.692000754144466 99.005278582396343 1.0000000180025095e-35 -0.14898233713930861 90.41514674954945 296.37893507004054 0.54782472606411947 91.746617425282807
decision_type=2 2 2 2 2 2 2 2 2 2 2 2 2 2 2 2 2 2 2 2 2 2 2 2
left_child=-1 6 18 4 5 -4 7 -2 9 10 -9 12 -6 -13 15 22 -8 -18 21 -10 -21 -3 -5 -20
right_child=1 2 3 14 11 -7 16 8 19 -11 -12 13 -14 -15 -16 -17 17 -19 23 20 -22 -23 -24 -25
leaf_value=0.0012391410793415681 -0.0018237847599318442 0.00050769896237669158 9.7300096104957143e-05 -0.00076520377912114911 0.00023374488859578057 0.0022659661474891042 0.0010637708023221648 0.00048738203538366612 -0.001202184356666969 0.0010755234562196488 -0.0009340966922069706 -0.00035229186945434171 0.0021751287431527747 0.00035842208491531995 -0.0010910158028447576 0.0011960765899481089 -0.0010937487548726432 0.00045058862265634047 -0.00035170930119854551 -0.00073587040183686284 0.00044841874037162481 -0.00049970215695037856 0.00019690914230104624 -0.0011579812702476671
leaf_weight=126 82 102 132 179 567 128 96 107 148 101 140 598 88 492 123 84 83 149 134 257 81 104 82 149
leaf_count=126 82 102 132 179 567 128 96 107 148 101 140 598 88 492 123 84 83 149 134 257 81 104 82 149
internal_value=1.77789e-06 -3.60807e-05 7.62897e-05 0.000181951 0.00030199 0.00117824 -0.000303273 -0.00049834 -0.000362164 9.0614e-05 -0.000319422 0.000169677 0.000502976 -3.1314e-05 -0.000330849 -5.28802e-05 0.000240822 -0.000108085 -0.000455853 -0.000685198 -0.00045043 -3.48366e-07 -0.000463731 -0.000783814
internal_weight=4332 4206 2962 2473 2005 260 1244 916 834 348 247 1745 655 1090 468 345 328 232 489 486 338 206 261 283
internal_count=4332 4206 2962 2473 2005 260 1244 916 834 348 247 1745 655 1090 468 345 328 232 489 486 338 206 261 283
is_linear=0
shrinkage=0.015492


Tree=165
num_leaves=22
num_cat=0
split_feature=75 38 1 18 48 38 41 3 60 1 55 37 16 10 30 22 22 80 6 5 34
split_gain=0.821575 0.503598 0.793271 0.805385 1.09605 0.712835 0.632101 1.07261 0.606089 0.581031 0.676642 0.627915 0.339925 0.295409 0.505283 0.485331 0.454605 0.266338 0.258697 0.271035 0.211533
threshold=57.240413134627879 4.3512123930454232 33.906552090115035 23.997292416095735 89.983944962819422 4.4979494319359468 20.980155000554195 22.435553231239322 0.45331832478134265 33.464715456432778 0.04586228296128541 104.23176484107974 21.702010938326527 -0.8783796973249266 58.679856727917993 98.192473096847564 102.97047681490584 25.969062674550639 111.50261487642926 4.3379106136825376 32.47109162251153
decision_type=2 2 2 2 2 2 2 2 2 2 2 2 2 2 2 2 2 2 2 2 2
left_child=-1 9 -3 4 6 8 -4 -8 -6 10 20 -12 -13 15 -15 17 -17 -11 19 -16 -2
right_child=1 2 3 -5 5 -7 7 -9 -10 13 11 12 -14 14 18 16 -18 -19 -20 -21 -22
leaf_value=0.0012203677857361727 -0.00088909624033837629 -0.001007171323009527 0.0008123705252375842 -0.00068788428173586743 0.0011594511322314412 0.0023200397465971893 -0.0018405130359830575 0.00031011946993137948 -7.0457561031316232e-05 0.0001653627013408318 0.0017948614486591136 -0.00038501043021880684 0.00086865205340980406 0.00068640843437640258 -0.00034797365952149916 -0.0010012341115566857 0.00050693829394916001 0.0013584831684461251 0.00032408149021980278 -0.0011564421727734983 0.00016137712490604382
leaf_weight=126 94 106 113 141 288 82 93 131 143 93 99 93 111 117 1909 110 81 86 127 103 86
leaf_count=126 94 106 113 141 288 82 93 131 143 93 99 93 111 117 1909 110 81 86 127 103 86
internal_value=1.76915e-06 -3.5515e-05 0.000249432 0.000386426 0.000566437 0.00101538 -0.000119491 -0.00059426 0.000753392 -0.000136222 0.000356116 0.000800351 0.000299265 -0.000227098 -0.000293621 0.000177417 -0.000363132 0.000751351 -0.000348108 -0.000390978 -0.000392013
internal_weight=4332 4206 1097 991 850 513 337 224 431 3109 483 303 204 2626 2256 370 191 179 2139 2012 180
internal_count=4332 4206 1097 991 850 513 337 224 431 3109 483 303 204 2626 2256 370 191 179 2139 2012 180
is_linear=0
shrinkage=0.015492


Tree=166
num_leaves=22
num_cat=0
split_feature=75 11 77 26 62 51 80 45 47 32 35 64 72 32 4 11 39 54 48 77 52
split_gain=0.796811 0.506539 0.663882 0.556471 0.610255 0.663431 0.952543 0.813005 0.527436 0.661293 0.491169 0.571252 0.563699 0.384235 0.516409 0.294326 0.249349 0.206121 0.181118 0.177185 0.170527
threshold=57.240413134627879 -0.56174490092936669 36.198723558187488 101.97058912171259 0.12566470085884676 110.9896711360967 24.41343370963563 98.001445406454607 92.552299817049956 59.946270856857303 36.084235322740355 0.26584334007694577 64.32481584032378 60.692000754144466 99.772840969297633 1.0000000180025095e-35 4.3173404343922952 0.032379385765619044 91.746617425282807 33.864432874917988 0.36228229987686311
decision_type=2 2 2 2 2 2 2 2 2 2 2 2 2 2 2 2 2 2 2 2 2
left_child=-1 8 15 -4 5 6 -5 -7 9 -2 11 12 -11 -10 -15 19 -6 -12 -17 -3 -19
right_child=1 2 3 4 16 7 -8 -9 13 10 17 -13 -14 14 -16 18 -18 20 -20 -21 -22
leaf_value=0.001201878888599416 -0.001792203132905477 -0.0004381114664131397 0.0012318367675871577 0.00052844548699125006 -8.855374018710279e-05 0.00022934361351622476 -0.00019435273415849575 0.0017997256405501505 0.0010435872490506689 0.00049408578013861106 -0.00015078556588961085 0.0010558066582579649 -0.00097662735034607234 -0.0010339430514207792 0.00045538329963309623 -0.00034146840553163474 -0.0012281952632201547 -0.0010555562604810127 -0.0011344068133246656 0.00045845526129480884 -0.00024149230775002116
leaf_weight=126 82 105 112 709 84 208 1133 126 96 112 135 101 135 87 145 134 101 268 149 101 83
leaf_count=126 82 105 112 709 84 208 1133 126 96 112 135 101 135 87 145 134 101 268 149 101 83
internal_value=1.78638e-06 -3.49313e-05 7.52469e-05 0.00017848 0.000127053 0.000199987 8.41955e-05 0.000832211 -0.000296913 -0.000487435 -0.000353392 9.05209e-05 -0.000311358 0.000234503 -0.000108492 -0.000444667 -0.000720375 -0.000670114 -0.000766388 1.30166e-06 -0.000866792
internal_weight=4332 4206 2962 2473 2361 2176 1842 334 1244 916 834 348 247 328 232 489 185 486 283 206 351
internal_count=4332 4206 2962 2473 2361 2176 1842 334 1244 916 834 348 247 328 232 489 185 486 283 206 351
is_linear=0
shrinkage=0.015492


Tree=167
num_leaves=18
num_cat=0
split_feature=5 57 58 30 45 66 42 35 77 80 57 33 39 36 77 39 77
split_gain=0.781553 0.578756 0.720759 0.620838 0.639707 0.565394 0.514298 0.479913 0.423084 0.404323 0.735091 0.377957 0.416283 0.350283 0.28866 0.145208 0.178408
threshold=4.5543444464246434 2.7281736803291023 -0.96419758205060535 64.724162630505035 92.000097148506754 -63.087772125667989 19.269048103270709 45.370124876234279 42.898558299872626 25.991422529837411 4.7862667048407994 30.675089361667638 4.3455623851219825 104.79522684203255 38.55684302449226 4.1769185874859458 37.188116924431604
decision_type=2 2 2 2 2 2 2 2 2 2 2 2 2 2 2 2 2
left_child=1 2 -1 4 -3 13 -4 11 14 15 -11 -8 -13 -6 -9 16 -5
right_child=-2 3 6 9 5 -7 7 8 -10 10 -12 12 -14 -15 -16 -17 -18
leaf_value=-0.0012790731853611487 0.0012627572751319732 -0.00046290317893395378 -0.0012422816993726447 -0.00057891649147907539 0.0022108714620723453 0.0002720542583318483 -0.00071288298448602056 -0.00035740382333404884 -0.0013268653217270987 0.0015808925467865245 -0.00042245494752796885 -1.8977170192954031e-05 0.00047270298820751942 0.00089478238452208778 0.0003544056234817973 -0.00066849028133028133 0.00026422053959591278
leaf_weight=124 112 85 87 97 97 145 130 741 90 85 86 1259 612 108 165 160 149
leaf_count=124 112 85 87 97 97 145 130 741 90 85 86 1259 612 108 165 160 149
internal_value=1.75597e-06 -3.25177e-05 -0.000134444 0.00028997 0.000729861 0.00102118 -8.72578e-05 -5.25541e-05 -0.000329939 -4.34631e-05 0.000582418 8.57424e-05 0.000142276 0.00153966 -0.00022697 -0.000309505 -7.06959e-05
internal_weight=4332 4220 3208 1012 435 350 3084 2997 996 577 171 2001 1871 205 906 406 246
internal_count=4332 4220 3208 1012 435 350 3084 2997 996 577 171 2001 1871 205 906 406 246
is_linear=0
shrinkage=0.015492


Tree=168
num_leaves=23
num_cat=0
split_feature=75 11 51 51 31 13 58 45 46 64 4 74 58 51 51 57 40 78 65 12 57 65
split_gain=0.759169 0.486975 0.645261 0.59887 1.17696 0.572487 0.753809 0.53577 0.530833 0.517223 0.695313 0.513038 0.591844 0.479238 0.445939 0.438484 0.41542 0.404384 0.352202 0.865853 0.390476 0.15805
threshold=57.240413134627879 -0.56174490092936669 102.23059764341075 111.02974736531576 67.288031033409922 -0.9330127018922193 0.25651198328645292 97.996450897411066 91.560703526249668 0.25582316005886502 93.613905101352273 102.20669712172618 -0.018354594210780558 104.1277087601909 106.70038526632169 2.2543236099600601 24.09496748818292 66.221142490439931 -0.49300450185139505 0.25000000000000011 0.98482323705778563 69.615647674666533
decision_type=2 2 2 2 2 2 2 2 2 2 2 2 2 2 2 2 2 2 2 2 2 2
left_child=-1 8 -3 5 7 6 15 -5 9 10 17 21 -13 -10 -15 -4 -16 -2 19 -7 -20 -11
right_child=1 2 3 4 -6 18 -8 -9 13 11 -12 12 -14 14 16 -17 -18 -19 20 -21 -22 -23
leaf_value=0.0011731338957211696 0.00015590674092854918 0.0012735781149985058 -0.00047554829181613393 0.00044915511924262957 -0.0004367479612662049 0.00099956087584027122 0.0015281781672917185 0.0020293131896656808 0.0011416086250487004 -0.0012833880122598603 -0.0019311473412303519 -0.00043220404047298678 0.0010442280428355139 -0.00093618639903931915 -0.00023173015898507638 0.0008047727757399157 0.0010675848297381227 -0.0012014289641145922 -0.0005760143383012399 -0.00059661899764036934 -8.4165371316797491e-05 -0.00040882983334683797
leaf_weight=126 117 101 158 93 148 186 115 119 88 81 119 135 121 108 160 104 90 92 563 141 1234 133
leaf_count=126 117 101 158 93 148 186 115 119 88 81 119 135 121 108 160 104 90 92 563 141 1234 133
internal_value=1.73027e-06 -3.41091e-05 7.39198e-05 3.03165e-05 0.000618515 -5.4921e-05 0.000499099 0.00135165 -0.000290982 -0.000529602 -0.000999136 -0.000197704 0.000269103 0.000136418 -0.000117468 3.55197e-05 0.000242416 -0.000449266 -0.000153834 0.000311822 -0.000238977 -0.000752742
internal_weight=4332 4206 2962 2861 360 2501 377 212 1244 798 328 470 256 446 358 262 250 209 2124 327 1797 214
internal_count=4332 4206 2962 2861 360 2501 377 212 1244 798 328 470 256 446 358 262 250 209 2124 327 1797 214
is_linear=0
shrinkage=0.015492


Tree=169
num_leaves=18
num_cat=0
split_feature=5 57 58 26 66 45 42 51 30 35 60 41 77 12 77 37 5
split_gain=0.75131 0.552679 0.692863 0.686445 0.875603 0.91771 0.491897 0.48276 0.485236 0.455108 0.512049 0.485356 0.408726 0.304419 0.279338 0.268219 0.263536
threshold=4.5543444464246434 2.7281736803291023 -0.96419758205060535 104.79603704452516 -63.087772125667989 93.403590767560189 19.269048103270709 105.78527646223704 64.724162630505035 45.370124876234279 1.5273674669530666 22.85253981577026 42.898558299872626 -0.6830127018922193 38.55684302449226 108.74875656551787 4.2041696718004014
decision_type=2 2 2 2 2 2 2 2 2 2 2 2 2 2 2 2 2
left_child=1 2 -1 4 5 -3 -4 -5 -9 10 11 -8 14 16 -11 -15 -10
right_child=-2 3 6 7 -6 -7 9 8 13 12 -12 -13 -14 15 -16 -17 -18
leaf_value=-0.0012537339790707194 0.0012380969697430868 0.0003194561184396566 -0.0012147995495972667 -0.00093745506432715137 -0.00022615427975905672 0.002269885186418772 1.1502154548082566e-05 0.00098638646517938211 2.5402884937714197e-05 -0.00034851094299252723 -0.0010873216226572684 0.0006244552426501336 -0.0013012380416844202 -0.00033365028781275492 0.00035168946555532468 0.00080726229378473037 -0.0010520896094659163
leaf_weight=124 112 108 87 110 123 125 1532 131 114 741 83 386 90 81 165 119 101
leaf_count=124 112 108 87 110 123 125 1532 131 114 741 83 386 90 81 165 119 101
internal_value=1.73405e-06 -3.18696e-05 -0.000131474 0.000283269 0.000828041 0.00138094 -8.52092e-05 -1.45323e-05 0.000175135 -5.12691e-05 8.34051e-05 0.000135647 -0.00032139 -8.57025e-05 -0.000220193 0.000346557 -0.000487485
internal_weight=4332 4220 3208 1012 356 233 3084 656 546 2997 2001 1918 996 415 906 200 215
internal_count=4332 4220 3208 1012 356 233 3084 656 546 2997 2001 1918 996 415 906 200 215
is_linear=0
shrinkage=0.015492


Tree=170
num_leaves=21
num_cat=0
split_feature=38 29 51 65 44 48 59 70 12 10 40 11 45 45 10 27 61 49 45 11
split_gain=0.732205 0.462234 0.644072 0.601167 0.664933 0.597172 0.567047 0.558776 0.51639 0.55148 0.47014 0.454463 0.382151 0.360665 0.35864 1.16314 0.647495 0.351029 0.453352 0.143434
threshold=4.5543444464246434 67.82978588898979 111.5206079276403 -0.53223058064777706 104.00614266872405 74.155151743447348 0.063760550154597709 -0.62965803464253856 0.25000000000000011 -1.0000000180025095e-35 20.750403996838468 -0.56174490092936669 97.998677245246071 104.24016001601115 1.0000000180025095e-35 102.9084800190396 -6.3555468009136424 105.05813069166963 100.9874042137464 1.0000000180025095e-35
decision_type=2 2 2 2 2 2 2 2 2 2 2 2 2 2 2 2 2 2 2 2
left_child=1 2 3 7 14 -3 -6 -1 9 -9 19 -4 -13 17 16 -16 -5 -12 -19 -7
right_child=-2 5 11 4 6 10 -8 8 -10 -11 13 12 -14 -15 15 -17 -18 18 -20 -21
leaf_value=-0.00060283908790800388 0.0012222378434713873 0.00096253403469103349 -5.9447463843556787e-05 -0.00098193381084042404 0.0014816153919263082 -0.0014338156502428433 -2.4003387273824406e-05 0.00024093486461769731 -0.00020255198574768552 0.0014067839911431582 0.00083075921068455176 0.00046273046902733797 0.0019311014409756956 -0.001171188105363418 0.001222984174304214 -0.00070284229782917144 0.00015963181477934702 -0.00058900588968979469 7.8205358640022479e-05 -0.00060246737522468995
leaf_weight=105 112 88 95 140 102 98 140 174 135 223 81 81 93 84 82 677 719 431 558 114
leaf_count=105 112 88 95 140 102 98 140 174 135 223 81 81 93 84 82 677 719 431 558 114
internal_value=1.69549e-06 -3.14779e-05 8.60503e-05 8.04503e-06 -0.000132646 -0.000254848 0.000620067 0.000417757 0.000621488 0.000901372 -0.000335174 0.000802158 0.00126647 -0.00021061 -0.000246172 -0.00049088 -2.89427e-05 -0.000132215 -0.000213327 -0.00100106
internal_weight=4332 4220 2766 2497 1860 1454 242 637 532 397 1366 269 174 1154 1618 759 859 1070 989 212
internal_count=4332 4220 2766 2497 1860 1454 242 637 532 397 1366 269 174 1154 1618 759 859 1070 989 212
is_linear=0
shrinkage=0.015492


Tree=171
num_leaves=22
num_cat=0
split_feature=75 11 51 51 31 83 50 14 45 57 4 23 32 5 10 0 45 73 84 14 60
split_gain=0.710844 0.462101 0.615688 0.564572 1.11181 0.544688 0.876272 0.552355 0.504469 0.487172 0.460493 0.45353 0.683195 0.358066 0.351659 0.316246 0.308573 0.284467 0.490126 0.328932 0.208977
threshold=57.240413134627879 -0.56174490092936669 102.23059764341075 111.02974736531576 67.288031033409922 -0.10408734147098798 103.6123167511269 20.849183634652025 97.996450897411066 0.98482323705778563 96.153271427154536 93.23453202141657 59.916486702495156 4.3832624219523568 -1.0000000180025095e-35 93.704781121148031 103.79589449123101 110.44068289399148 430.60663949161204 21.540306574503582 -0.55604164505025711
decision_type=2 2 2 2 2 2 2 2 2 2 2 2 2 2 2 2 2 2 2 2 2
left_child=-1 11 -3 5 8 6 7 -4 -5 14 -8 12 -2 15 -7 -13 -11 18 20 -20 -14
right_child=1 2 3 4 -6 9 10 -9 -10 16 -12 13 17 -15 -16 -17 -18 -19 19 -21 -22
leaf_value=0.0011352145707039488 -0.0017263331216096167 0.0012441052785319019 -0.00084767695295395772 0.00043749653388606231 -0.00042485128917086977 -8.6888858464561752e-05 0.0011516706040666377 0.00065131186289798225 0.0019709223760140827 -0.00012165912851954664 -0.00015966589323169081 0.00058280173853741111 -0.00098722876932868749 0.0010387584586417677 -0.00086157300785161316 -0.00063922019066053187 0.00051928100144372688 -0.00096293885213163488 -0.00017785363543835616 0.00086857737214199836 -0.00027089736944982786
leaf_weight=126 88 101 170 93 148 235 271 87 119 1091 83 86 145 91 351 116 213 133 153 132 300
leaf_count=126 88 101 170 93 148 235 271 87 119 1091 83 86 145 91 351 116 213 133 153 132 300
internal_value=1.70608e-06 -3.29733e-05 7.22598e-05 2.96666e-05 0.000600774 -5.30933e-05 0.000347944 -0.000338324 0.00131334 -0.000183115 0.00084514 -0.000283201 -0.000447123 0.000247734 -0.000552975 -0.000117655 -1.59966e-05 -0.000311342 -0.000189232 0.000310293 -0.000509289
internal_weight=4332 4206 2962 2861 360 2501 611 257 212 1890 354 1244 951 293 586 202 1304 863 730 285 445
internal_count=4332 4206 2962 2861 360 2501 611 257 212 1890 354 1244 951 293 586 202 1304 863 730 285 445
is_linear=0
shrinkage=0.015492


Tree=172
num_leaves=17
num_cat=0
split_feature=5 57 58 26 66 22 51 30 51 54 83 47 5 77 41 51
split_gain=0.701829 0.525943 0.662603 0.657928 0.83988 0.656803 0.462705 0.462399 0.388351 0.364232 0.398287 0.454048 0.28062 0.370158 0.263227 0.1871
threshold=4.5543444464246434 2.7281736803291023 -0.96419758205060535 104.79603704452516 -63.087772125667989 93.188746022118451 105.78527646223704 64.724162630505035 112.56367709177339 0.0042052011296386171 -0.11880504458418985 80.816276614224478 4.1907852245701678 38.364552928739137 20.383073694176151 110.78429535645027
decision_type=2 2 2 2 2 2 2 2 2 2 2 2 2 2 2 2
left_child=1 2 -1 4 5 -3 -5 -8 9 -4 11 -11 13 -9 -12 -14
right_child=-2 3 8 6 -6 -7 7 12 -10 10 14 -13 15 -15 -16 -17
leaf_value=-0.0012254205443504437 0.0011966595462022699 0.00045497484560497946 0.00084357212651040394 -0.00091844761600024048 -0.00022245325927583665 0.0021110083027189763 0.00096271903663887456 -0.00053952760361382032 0.00095101263341086401 -0.00049452679483192512 -0.00084580896114732046 0.00055873280219206098 -0.0010053163361588078 0.00072969809247345867 -0.00018078708438486174 -1.6831549441387849e-05
leaf_weight=124 112 109 90 110 123 124 131 84 82 134 150 347 94 149 2281 88
leaf_count=124 112 109 90 110 123 124 131 84 82 134 150 347 94 149 2281 88
internal_value=1.70241e-06 -3.07752e-05 -0.000127941 0.000276645 0.000809982 0.00135149 -1.48989e-05 0.000170787 -8.26979e-05 -0.000111836 -0.000142188 0.000263946 -8.38327e-05 0.000270761 -0.000222797 -0.000535452
internal_weight=4332 4220 3208 1012 356 233 656 546 3084 3002 2912 481 415 233 2431 182
internal_count=4332 4220 3208 1012 356 233 656 546 3084 3002 2912 481 415 233 2431 182
is_linear=0
shrinkage=0.015492


Tree=173
num_leaves=13
num_cat=0
split_feature=38 32 84 57 35 35 23 29 63 63 59 1
split_gain=0.683308 0.451146 0.510264 0.609167 0.473986 0.459111 0.549855 0.426805 0.321765 0.340752 0.293293 0.307615
threshold=4.5543444464246434 57.757994000646811 431.77234876061823 6.3462386545277427 41.842266950607303 38.952249955071352 87.898060771094393 64.720968728595324 1.3471408118465658 0.99748961207988052 2.3006698664471164 32.625055847697794
decision_type=2 2 2 2 2 2 2 2 2 2 2 2
left_child=1 -1 8 4 5 6 -4 -7 9 -3 11 -11
right_child=-2 2 3 -5 -6 7 -8 -9 -10 10 -12 -13
leaf_value=0.0010495878319842747 0.0011807836381390064 -0.00099830395049589279 -0.00032675688492357407 0.0012237437833577849 -0.00078753470770720068 0.0011567277752454865 0.00026615217963322189 -3.0326980742306208e-05 -0.0010814667751091024 0.0006576183645627075 -0.00079084404151622261 -0.00013264237856885097
leaf_weight=88 112 113 653 110 146 176 875 122 98 125 146 1568
leaf_count=88 112 113 653 110 146 176 875 122 98 125 146 1568
internal_value=1.69936e-06 -3.03465e-05 -5.4073e-05 0.000116655 5.31837e-05 0.000121572 1.25751e-05 0.000674763 -0.00022743 -0.000182999 -0.00013139 -7.32384e-05
internal_weight=4332 4220 4132 2082 1972 1826 1528 298 2050 1952 1839 1693
internal_count=4332 4220 4132 2082 1972 1826 1528 298 2050 1952 1839 1693
is_linear=0
shrinkage=0.015492


Tree=174
num_leaves=20
num_cat=0
split_feature=5 65 12 72 42 44 59 48 61 26 51 10 43 86 48 9 38 64 18
split_gain=0.664161 0.489197 0.803084 0.756111 0.571678 0.891996 0.474888 0.38895 0.382215 0.609508 0.628673 0.639975 0.466327 0.488074 0.388416 0.339877 0.338943 0.142047 0.104286
threshold=4.5543444464246434 -0.53223058064777706 0.25000000000000011 58.500754590299401 21.079205920696264 92.380258730782401 -2.0782077358767661 88.873607639736619 -1.0440220672554188 102.7017646598816 112.56367709177339 -1.0000000180025095e-35 99.022839762723024 255.10714311478435 95.636108317993319 0.37940952255126048 4.1120805350277152 0.24433768826377431 23.497507225142595
decision_type=2 2 2 2 2 2 2 2 2 2 2 2 2 2 2 2 2 2 2
left_child=1 2 3 -1 5 15 17 -4 12 -10 11 -11 13 -8 16 -5 -14 -3 -19
right_child=-2 6 7 4 -6 -7 8 -9 9 10 -12 -13 14 -15 -16 -17 -18 18 -20
leaf_value=-0.0003323440140050322 0.0011641342121284002 -0.00020115887049296642 7.229454582448077e-05 -9.704610344376067e-05 -0.0001106098382322411 0.0022891140032199084 -0.001574301774493221 -0.0012755881762224991 0.0012888807889057748 0.00024302804176429209 0.0011798904286375409 -0.00028550278065065976 0.0001209612040081914 -0.00013618611999774094 0.00085457505837478775 0.0012653026450635096 -0.00071122620928595686 -0.00054837569085064116 -0.0012953288438186882
leaf_weight=135 112 93 127 88 85 128 125 83 88 960 100 1279 243 103 83 84 223 94 99
leaf_count=135 112 93 127 88 85 128 125 83 88 960 100 1279 243 103 83 84 223 94 99
internal_value=1.68649e-06 -2.9907e-05 0.00033399 0.000659614 0.00100756 0.00132273 -0.000106258 -0.000469944 -5.19432e-05 4.38476e-05 -4.46368e-06 -5.88282e-05 -0.000350334 -0.000934684 -0.000103929 0.000577534 -0.000278983 -0.000707932 -0.000945215
internal_weight=4332 4220 730 520 385 300 3490 210 3204 2427 2339 2239 777 228 549 172 466 286 193
internal_count=4332 4220 730 520 385 300 3490 210 3204 2427 2339 2239 777 228 549 172 466 286 193
is_linear=0
shrinkage=0.015492


Tree=175
num_leaves=16
num_cat=0
split_feature=75 26 12 42 48 32 78 5 61 40 5 57 26 55 10
split_gain=0.663846 0.453909 0.509403 0.874396 1.11623 1.20042 0.881421 0.818848 0.551756 0.634426 0.506554 0.504496 0.433392 0.392279 0.123914
threshold=57.240413134627879 101.63002211464779 0.25000000000000011 21.042454562253429 85.165313886094978 60.473155726326844 55.938421678900717 4.0436869020263382 -2.6893559903568653 20.61434534664507 4.4979494319359468 1.2030947810261783 102.7517790359921 0.04586228296128541 -0.60785761079279388
decision_type=2 2 2 2 2 2 2 2 2 2 2 2 2 2 2
left_child=-1 -2 3 4 7 -6 -5 -3 -4 14 11 -8 -11 -9 -10
right_child=1 2 8 6 5 -7 10 13 9 12 -12 -13 -14 -15 -16
leaf_value=0.0010970760019356062 0.0010513649326096717 0.0012276109923947923 -0.0014168359950112828 -0.0015895646089801225 0.0022227588463039657 0.00015884580625354194 -0.00033239851406987323 9.0251988709417286e-06 -0.00031371591253092387 0.0012060614179696251 0.0010421967920823121 9.2188281918985815e-05 -0.00018559205394455005 -0.0012447149503665603 -0.0010404460067143372
leaf_weight=126 88 85 117 89 146 125 1157 143 94 86 96 1593 134 100 153
leaf_count=126 88 85 117 89 146 125 1157 143 94 86 96 1593 134 100 153
internal_value=1.67882e-06 -3.18338e-05 -5.57119e-05 1.44419e-05 0.000552415 0.00128262 -9.57504e-05 -5.64633e-05 -0.000478403 -0.000235956 -4.74658e-05 -8.65736e-05 0.000366465 -0.000514983 -0.000770944
internal_weight=4332 4206 4118 3534 599 271 2935 328 584 467 2846 2750 220 243 247
internal_count=4332 4206 4118 3534 599 271 2935 328 584 467 2846 2750 220 243 247
is_linear=0
shrinkage=0.015492


Tree=176
num_leaves=17
num_cat=0
split_feature=75 26 12 42 48 32 81 39 38 18 61 40 49 8 54 10
split_gain=0.64386 0.440367 0.494061 0.848017 1.08254 1.16419 0.950179 0.66278 0.547396 0.687708 0.535236 0.615407 0.513548 0.395297 0.314742 0.120145
threshold=57.240413134627879 101.63002211464779 0.25000000000000011 21.042454562253429 85.165313886094978 60.473155726326844 13.413091860184553 4.0333562721808747 4.3512123930454232 24.057747989230691 -2.6893559903568653 20.61434534664507 102.87008312013417 -0.37940952255126059 0.044624224754577869 -0.60785761079279388
decision_type=2 2 2 2 2 2 2 2 2 2 2 2 2 2 2 2
left_child=-1 -2 3 4 7 -6 -5 -3 13 -10 -4 15 -13 -8 -9 -12
right_child=1 2 10 6 5 -7 8 14 9 -11 11 12 -14 -15 -16 -17
leaf_value=0.001080455047189384 0.0010355867452532354 0.0011086657334538458 -0.0013954069205979391 -0.001672055583048275 0.0021889814010400861 0.00015643967747058668 0.00013748927864075386 -4.140105342528286e-05 0.00051004100646191957 -0.00074650133428853208 -0.00030899845251955698 0.0011950146334628331 -0.00029633012136287735 -0.00032059088604489782 -0.0011898811631266572 -0.0010246213844731982
leaf_weight=126 88 84 117 86 146 125 660 156 645 122 94 96 124 1422 88 153
leaf_count=126 88 84 117 86 146 125 660 156 645 122 94 96 124 1422 88 153
internal_value=1.67327e-06 -3.13308e-05 -5.48502e-05 1.42386e-05 0.000544035 0.00126314 -9.42783e-05 -5.55814e-05 -4.50018e-05 0.000308041 -0.000471127 -0.000232335 0.000360983 -0.000175346 -0.000464895 -0.000759245
internal_weight=4332 4206 4118 3534 599 271 2935 328 2849 767 584 467 220 2082 244 247
internal_count=4332 4206 4118 3534 599 271 2935 328 2849 767 584 467 220 2082 244 247
is_linear=0
shrinkage=0.015492


Tree=177
num_leaves=19
num_cat=0
split_feature=38 32 12 65 10 17 4 59 86 51 61 36 57 40 3 26 10 52
split_gain=0.638366 0.422755 0.424538 0.80354 0.81958 1.33987 1.15521 0.453755 0.46681 0.431153 0.365239 0.617917 0.314121 0.278391 0.252087 0.233746 0.102582 0.0447207
threshold=4.5543444464246434 57.757994000646811 0.25000000000000011 -0.54223919868469739 -1.0000000180025095e-35 20.331391364733374 91.976624777052152 -2.0782077358767661 247.61868388390656 104.43718461124986 -2.6893559903568653 102.93005510965985 2.3747605822351416 20.61434534664507 23.900972978538949 103.73821080419755 -0.60785761079279388 0.1224711679937837
decision_type=2 2 2 2 2 2 2 2 2 2 2 2 2 2 2 2 2 2
left_child=1 -1 3 4 6 -6 -3 12 14 -10 -4 -12 17 16 -9 -7 -13 -5
right_child=-2 2 10 7 5 15 -8 8 9 -11 11 13 -14 -15 -16 -17 -18 -19
leaf_value=0.0010160777146006313 0.0011413020505105492 0.0011480652108761058 -0.001112392948210127 -0.0007852394770321491 -0.00041991750728305395 0.0024435327506399473 -0.0012086462389760242 -0.001376508110457975 0.0007110272385015638 -2.5871270114135367e-05 0.00088070356362867275 -0.00042298891571664065 7.3697527287671922e-05 -8.7735069078310576e-06 -0.00021609125410540961 0.0012502649661653104 -0.0011367701451667398 -0.0013481926139361021
leaf_weight=88 112 88 141 91 86 96 108 85 204 2417 95 85 85 159 95 86 129 82
leaf_count=88 112 88 141 91 86 96 108 85 204 2417 95 85 85 159 95 86 129 82
internal_value=1.65096e-06 -2.93225e-05 -5.2291e-05 1.30925e-05 0.000611806 0.00116412 -0.000148802 -7.81772e-05 -2.05719e-05 3.2158e-05 -0.000428976 -0.000217416 -0.000696199 -0.000501877 -0.000777426 0.00190805 -0.000862925 -0.00107005
internal_weight=4332 4220 4132 3523 464 268 196 3059 2801 2621 609 468 258 373 180 182 214 173
internal_count=4332 4220 4132 3523 464 268 196 3059 2801 2621 609 468 258 373 180 182 214 173
is_linear=0
shrinkage=0.015492


Tree=178
num_leaves=21
num_cat=0
split_feature=38 32 84 38 72 4 76 38 61 3 48 7 61 10 2 12 22 36 35 17
split_gain=0.619217 0.410156 0.455189 0.403046 0.510656 0.548964 1.03866 0.473655 0.436658 1.44002 0.748267 0.344303 0.54981 0.40693 0.523037 0.867769 0.326145 0.288909 0.320269 0.16979
threshold=4.5543444464246434 57.757994000646811 431.77234876061823 4.0739808308415961 63.75819301790667 98.066894933912522 109.23710052417387 4.1877201098865973 -1.0440220672554188 21.095224062866642 86.034648282086422 59.691877646976053 -2.6893559903568653 -0.60785761079279388 41.980379354159041 0.25000000000000011 102.90174512121415 104.26892486784195 35.052748897340571 21.515136944188011
decision_type=2 2 2 2 2 2 2 2 2 2 2 2 2 2 2 2 2 2 2 2
left_child=1 -1 11 -4 8 7 -7 -6 9 -5 -10 12 -3 14 16 -16 -13 18 -15 -19
right_child=-2 2 3 4 5 6 -8 -9 10 -11 -12 13 -14 17 15 -17 -18 19 -20 -21
leaf_value=0.0010008291018592718 0.0011240585486137337 -0.0013874942095027758 0.00095612712257402361 0.001050486238954819 7.9014836286361354e-05 -0.00063510813064289852 0.0010314244127014841 -0.00087482498980026536 -0.00040949570882232663 -0.001558544510333932 0.00067726175534412098 -0.0006835513745162068 4.3118133628880269e-05 0.00056350755899216623 0.0019011342241382347 -5.74731844828434e-05 0.00039756840065168023 -0.0004046042983431427 -0.00027271126770533942 -0.0013111037132571104
leaf_weight=88 112 140 124 91 195 166 189 342 194 108 673 151 117 121 94 123 116 117 982 89
leaf_count=88 112 140 124 91 195 166 189 342 194 108 673 151 117 121 94 123 116 117 982 89
internal_value=1.63024e-06 -2.88748e-05 -5.14988e-05 0.000109751 5.47974e-05 -0.000218271 0.000253043 -0.000529702 0.000283349 -0.00036704 0.000433444 -0.000215234 -0.000742516 -0.000138552 0.000244181 0.000804162 -0.000214284 -0.000280356 -0.000179685 -0.000809181
internal_weight=4332 4220 4132 2082 1958 892 355 537 1066 199 867 2050 257 1793 484 217 267 1309 1103 206
internal_count=4332 4220 4132 2082 1958 892 355 537 1066 199 867 2050 257 1793 484 217 267 1309 1103 206
is_linear=0
shrinkage=0.015492


Tree=179
num_leaves=25
num_cat=0
split_feature=5 65 12 72 51 78 10 51 61 62 64 4 22 51 18 12 38 62 48 61 45 80 81 55
split_gain=0.605549 0.426666 0.706859 0.72849 0.402617 0.566264 0.4547 0.926422 0.544164 0.563355 0.615575 0.556335 0.502275 0.569411 0.476545 0.447023 0.430991 0.381372 0.37814 0.353664 0.364757 0.272549 0.230581 0.198468
threshold=4.5543444464246434 -0.53223058064777706 0.25000000000000011 58.500754590299401 110.88498875149975 62.90948388642731 -1.0000000180025095e-35 103.23027213467495 -7.7808552951433105 0.078617059152434457 0.25422865826999641 103.95649756537546 95.990045277277645 108.7837543015127 23.895427799754675 -0.5 4.21730169037978 -0.0074123205796441374 88.873607639736619 -0.11520195144194643 97.996450897411066 26.214135028308267 14.139292031951191 0.28226298055750054
decision_type=2 2 2 2 2 2 2 2 2 2 2 2 2 2 2 2 2 2 2 2 2 2 2 2
left_child=1 2 3 -1 6 19 8 -8 14 11 -11 -10 16 -14 -3 21 -9 22 -4 -6 -21 -7 -5 -19
right_child=-2 4 18 17 5 15 7 12 9 10 -12 -13 13 -15 -16 -17 -18 23 -20 20 -22 -23 -24 -25
leaf_value=-0.00035641160323170135 0.0011115892746682136 -0.0014983691805883833 9.1321630316503638e-05 -0.00019954517452999977 -2.9644890548650705e-05 -0.0012739717446594862 0.00090866606005176275 -0.0005907869224853077 -0.00014460781628718167 0.0018635663610268663 3.1997583070071336e-05 0.0009244394859838353 -7.6507050828855954e-05 -0.00078673156451821282 0.00011367495899211037 0.00057451809787902259 -0.0018319001016822926 0.0017903201479494426 -0.0012373372019244279 0.00035286128127484559 0.0016922213974040208 -9.2447292184151661e-05 0.00093680141161551665 0.00080576163656865141
leaf_weight=135 112 91 127 81 96 89 129 212 734 89 85 136 848 396 82 107 99 124 83 89 111 97 86 94
leaf_count=135 112 91 127 81 96 89 129 212 734 89 85 136 848 396 82 107 99 124 83 89 111 97 86 94
internal_value=1.61748e-06 -2.85488e-05 0.000311294 0.000616797 -9.98542e-05 0.000268495 -0.000174861 -0.000339536 5.31912e-05 0.000187087 0.000984226 2.48722e-05 -0.00044461 -0.00030394 -0.000744289 -0.000213384 -0.00099916 0.000958391 -0.00044291 0.000743279 0.00110994 -0.000668932 0.000391003 0.00138202
internal_weight=4332 4220 730 520 3490 589 2901 1684 1217 1044 174 870 1555 1244 173 293 311 385 210 296 200 186 167 218
internal_count=4332 4220 730 520 3490 589 2901 1684 1217 1044 174 870 1555 1244 173 293 311 385 210 296 200 186 167 218
is_linear=0
shrinkage=0.015492


Tree=180
num_leaves=17
num_cat=0
split_feature=75 26 12 42 48 32 81 5 38 29 8 55 27 42 75 3
split_gain=0.596643 0.429063 0.456722 0.777987 1.0109 1.10263 0.956618 0.753199 0.500867 0.507367 0.376673 0.369436 0.282231 0.52644 0.341159 0.319366
threshold=57.240413134627879 101.63002211464779 0.25000000000000011 21.042454562253429 85.165313886094978 60.473155726326844 13.413091860184553 4.0436869020263382 4.3512123930454232 64.720968728595324 -0.37940952255126059 0.04586228296128541 104.51528853204518 21.17377915313951 60.400750958787079 20.553514129320789
decision_type=2 2 2 2 2 2 2 2 2 2 2 2 2 2 2 2
left_child=-1 -2 3 4 7 -6 -5 -3 10 -10 -8 -9 13 14 -4 -16
right_child=1 2 12 6 5 -7 8 11 9 -11 -12 -13 -14 -15 15 -17
leaf_value=0.0010400969116560765 0.0010229863535446537 0.0011726847018414021 -0.0013932573273536953 -0.0016739835055194152 0.0021164283180178625 0.0001386952290367699 0.00013924144063917783 9.8860867066563742e-06 0.00068596041475948175 -0.00010874883931900954 -0.00030790566129401301 -0.0012067654869591291 -0.0011256090228398518 0.00065698577534116021 -0.00063319382095522892 0.00050872135699201544
leaf_weight=126 88 85 87 86 146 125 660 143 390 377 1422 100 117 108 190 82
leaf_count=126 88 85 87 86 146 125 660 143 390 377 1422 100 117 108 190 82
internal_value=1.62369e-06 -3.01464e-05 -5.33628e-05 1.30636e-05 0.000520514 0.00121542 -9.08745e-05 -5.88707e-05 -4.14353e-05 0.000296266 -0.00016612 -0.000498597 -0.0004536 -0.000279261 -0.000564109 -0.000286918
internal_weight=4332 4206 4118 3534 599 271 2935 328 2849 767 2082 243 584 467 359 272
internal_count=4332 4206 4118 3534 599 271 2935 328 2849 767 2082 243 584 467 359 272
is_linear=0
shrinkage=0.015492


Tree=181
num_leaves=20
num_cat=0
split_feature=5 57 26 59 61 8 59 51 30 54 51 80 34 35 12 5 37 29 32
split_gain=0.586043 0.4694 0.606446 0.784278 0.733557 0.521217 0.514965 0.453381 0.433634 0.358586 0.338427 0.358973 0.530818 0.381814 0.275915 0.258396 0.243538 0.23319 0.100524
threshold=4.5543444464246434 2.7281736803291023 104.79603704452516 0.057806616006104157 -1.5134218552558527 -0.25881904510252113 -2.0782077358767661 105.78527646223704 64.724162630505035 0.0042052011296386171 112.56367709177339 26.417972527999037 30.870446754561534 35.424708084000486 -0.6830127018922193 4.2041696718004014 108.74875656551787 64.611987646420815 66.226996741824664
decision_type=2 2 2 2 2 2 2 2 2 2 2 2 2 2 2 2 2 2 2
left_child=1 6 3 5 -5 -3 17 -4 -9 -8 11 12 -11 -13 15 -10 -16 -1 -19
right_child=-2 2 7 4 -6 -7 9 8 14 10 -12 13 -14 -15 16 -17 -18 18 -20
leaf_value=-0.00014819608022229876 0.0010935577604478323 0.00060849636618895973 -0.00091191691190341641 -0.0010477916786153748 0.0010015065371187114 0.00222900644963526 0.00089134217385984161 0.00093318985958507853 4.4587691402031621e-05 -0.0013239968530734307 0.00087780099031895876 0.00085095879972687182 -0.00013579982867004887 -0.00030426118157833733 -0.00031692723537930383 -0.0010219172822946839 0.00077021664336455369 -0.0015168866312346087 -0.00070876945661570547
leaf_weight=92 112 98 110 81 81 96 89 131 114 91 81 172 2407 111 81 101 119 81 84
leaf_count=92 112 98 110 81 81 96 89 131 114 91 81 172 2407 111 81 101 119 81 84
internal_value=1.60976e-06 -2.80664e-05 0.000262357 0.000774404 -2.30062e-05 0.00143145 -0.000119862 -1.753e-05 0.000166286 -6.15502e-05 -9.20681e-05 -0.000121216 -0.000180575 0.000399022 -8.02863e-05 -0.000462812 0.000331217 -0.000781095 -0.00112497
internal_weight=4332 4220 1012 356 162 194 3208 656 546 2951 2862 2781 2498 283 415 215 200 257 165
internal_count=4332 4220 1012 356 162 194 3208 656 546 2951 2862 2781 2498 283 415 215 200 257 165
is_linear=0
shrinkage=0.015492


Tree=182
num_leaves=24
num_cat=0
split_feature=75 11 51 51 31 46 32 57 28 66 36 56 22 51 35 64 7 66 50 44 79 74 50
split_gain=0.569078 0.426659 0.547818 0.508413 1.02526 0.463116 0.80441 0.463084 0.45641 0.443832 0.464909 0.42146 0.400708 0.380204 0.375909 0.45655 0.557259 0.351761 0.321447 0.217379 0.204196 0.36911 0.127905
threshold=57.240413134627879 -0.56174490092936669 102.23059764341075 111.02974736531576 67.288031033409922 91.560703526249668 60.02027315775554 1.0275551681619648 103.84168945100573 -75.029548821714172 106.09650531662835 1.6355338262188728 94.989578694237608 106.76386520500537 36.046085151566409 0.26584334007694577 64.85178335613675 -72.011338122155934 103.57939919666009 97.995686827588983 108.63726070869235 104.62913211266201 109.82171382175194
decision_type=2 2 2 2 2 2 2 2 2 2 2 2 2 2 2 2 2 2 2 2 2 2 2
left_child=-1 5 -3 7 19 6 -2 12 -7 -9 -11 13 18 -10 15 16 -8 -14 -4 -5 21 -16 -15
right_child=1 2 3 4 -6 8 14 9 11 10 -12 -13 17 22 20 -17 -18 -19 -20 -21 -22 -23 -24
leaf_value=0.0010158047159970838 -0.0019298946333645979 0.0011770685539517244 -0.00051542176451747728 0.00061973473614038361 -0.00041136505404039398 0.0011603170860839107 0.00054271318943843055 0.0011829980067882607 -0.0012477383841643696 0.0001774756813330864 -0.00045874683437762391 0.00081105582986932569 -0.0011661882118547814 0.00043303289727359849 -0.00080951657703642779 0.00094228328619115989 -0.0010329809845185363 -0.00032166962369463903 0.00071346690129691899 0.0016611711676501647 -0.0012881138468282423 0.00029907778953028482 -0.00036197110672182148
leaf_weight=126 81 101 82 85 148 81 96 83 85 1270 349 88 163 83 214 98 116 428 126 127 87 106 109
leaf_count=126 81 101 82 85 148 81 96 83 85 1270 349 88 163 83 214 98 116 428 126 127 87 106 109
internal_value=1.60343e-06 -2.94236e-05 7.1691e-05 3.15085e-05 0.000573465 -0.000269866 -0.000492749 -4.70292e-05 0.000129324 9.73949e-05 3.97103e-05 -0.000106428 -0.000354041 -0.000403495 -0.000323293 8.2799e-05 -0.000321308 -0.000559206 0.000228165 0.00125775 -0.000631247 -0.000442621 -1.65412e-05
internal_weight=4332 4206 2962 2861 360 1244 798 2501 446 1702 1619 365 799 277 717 310 212 591 208 212 407 320 192
internal_count=4332 4206 2962 2861 360 1244 798 2501 446 1702 1619 365 799 277 717 310 212 591 208 212 407 320 192
is_linear=0
shrinkage=0.015492


Tree=183
num_leaves=17
num_cat=0
split_feature=38 32 84 57 35 35 14 29 7 84 72 60 5 36 76 55
split_gain=0.563022 0.383222 0.418281 0.557119 0.421058 0.434671 0.507477 0.391902 0.336977 0.276178 0.292329 0.387637 0.373223 0.270442 0.180473 0.164666
threshold=4.5543444464246434 57.757994000646811 431.77234876061823 6.3462386545277427 41.842266950607303 38.952249955071352 23.277292950418261 64.720968728595324 59.691877646976053 418.74598128095755 66.41633643203312 0.8405257027237526 4.129984466168616 102.93005510965985 102.4632429226902 0.066064858674748358
decision_type=2 2 2 2 2 2 2 2 2 2 2 2 2 2 2 2
left_child=1 -1 8 4 5 6 -4 -7 13 10 11 -10 -12 14 -3 -11
right_child=-2 2 3 -5 -6 7 -8 -9 9 15 12 -13 -14 -15 -16 -17
leaf_value=0.00096782288996914375 0.0010718774351670293 0.00013678190190858738 -0.00011923164335455982 0.0011639357700313996 -0.00074785816682145911 0.0011090813986256909 0.00065270848395971171 -2.8386631940511183e-05 4.9007393926789361e-05 -0.0010049883462567835 -8.1778180681963493e-05 0.0011680165845617261 -0.00087494827934330918 -0.0014547111257731224 -0.00084397687619222096 -0.00013935528451706098
leaf_weight=88 112 85 1288 110 146 176 240 122 485 125 837 85 169 81 91 92
leaf_count=88 112 85 1288 110 146 176 240 122 485 125 837 85 169 81 91 92
internal_value=1.59102e-06 -2.7496e-05 -4.93655e-05 0.000105208 4.45165e-05 0.000108984 2.94445e-06 0.000647244 -0.000206323 -0.000130473 -5.85471e-05 0.000220998 -0.000217201 -0.000727946 -0.000375175 -0.000644939
internal_weight=4332 4220 4132 2082 1972 1826 1528 298 2050 1793 1576 570 1006 257 176 217
internal_count=4332 4220 4132 2082 1972 1826 1528 298 2050 1793 1576 570 1006 257 176 217
is_linear=0
shrinkage=0.015492


Tree=184
num_leaves=19
num_cat=0
split_feature=5 57 58 12 51 42 14 61 81 51 30 51 78 3 80 12 37 83
split_gain=0.548874 0.445234 0.59568 0.535962 0.861444 0.41403 0.367627 0.366812 0.554403 0.397366 0.323996 0.438985 0.299108 0.399823 0.284512 0.223755 0.329828 0.255058
threshold=4.5543444464246434 2.7281736803291023 -0.96419758205060535 0.25000000000000011 104.48863319882642 19.269048103270709 20.711677449279364 -1.0440220672554188 15.10640873666574 111.38514186991587 64.724162630505035 107.33146057702879 63.690444784429395 21.001602719359926 26.417972527999037 -0.6830127018922193 108.74875656551787 15.745173614222292
decision_type=2 2 2 2 2 2 2 2 2 2 2 2 2 2 2 2 2 2
left_child=1 2 -1 4 6 -4 -3 12 9 -9 11 -6 13 -7 -10 17 -17 -12
right_child=-2 3 5 -5 10 7 -8 8 14 -11 15 -13 -14 -15 -16 16 -18 -19
leaf_value=-0.0011571192933864662 0.001058330070394342 0.00049569958205363689 -0.0011099792325896909 -0.00091691616328133977 -7.6036811929985947e-05 0.00041883532413698396 0.001832262960291687 0.00019169802350173891 -0.00029036339247176914 0.0010330934704640261 -0.00099638091835857522 0.0012756845101796446 0.00026250140987698538 -0.00067204313396946138 0.00026219213283893583 -0.00031267324190929085 0.00078573950953749892 1.0712974297154678e-05
leaf_weight=124 112 92 87 83 116 94 112 846 957 158 108 111 155 498 289 137 121 132
leaf_count=124 112 92 87 83 116 94 112 846 957 158 108 111 155 498 289 137 121 132
internal_value=1.57614e-06 -2.71429e-05 -0.000116545 0.000255705 0.000363042 -7.3651e-05 0.00124502 -4.2515e-05 5.628e-05 0.000326739 0.000110859 0.000592154 -0.000339293 -0.000497508 -0.000161827 -0.000110465 0.000205084 -0.000448472
internal_weight=4332 4220 3208 1012 929 3084 204 2997 2250 1004 725 227 747 592 1246 498 258 240
internal_count=4332 4220 3208 1012 929 3084 204 2997 2250 1004 725 227 747 592 1246 498 258 240
is_linear=0
shrinkage=0.015492


Tree=185
num_leaves=21
num_cat=0
split_feature=13 58 26 42 24 29 62 85 24 45 65 66 37 8 57 66 59 1 13 9
split_gain=0.541606 1.25611 0.535854 0.618689 0.744466 0.701715 0.529707 0.637067 0.654726 0.569225 0.454935 0.528236 0.320612 0.293957 0.348522 0.391167 0.248046 0.687664 0.298418 0.209551
threshold=-0.9330127018922193 0.41183839232832936 105.39331117312115 21.14295786332201 90.937725090450712 59.542884698973772 0.12566470085884676 490.86496187610504 93.984121253755362 98.003040376327675 -0.62077335145736601 -68.671690866152417 104.18619292153254 -0.60355339059327362 0.99839491271224967 -72.159770321316174 1.4906743898656745 34.426981276406188 0.6830127018922193 -0.12940952255126037
decision_type=2 2 2 2 2 2 2 2 2 2 2 2 2 2 2 2 2 2 2 2
left_child=1 2 3 5 -5 -1 7 10 9 -9 11 -2 -13 14 -12 -16 18 -18 -15 -8
right_child=6 -3 -4 4 -6 -7 19 8 -10 -11 13 12 -14 16 15 -17 17 -19 -20 -21
leaf_value=-0.00028321875811618871 0.0014282794368314399 0.001600752523640733 -0.0010394196040534756 -0.0011733947713743931 0.00048812272422319759 0.0015193374202287545 -0.00036796623138300819 -0.00080421373640500188 0.0017058647611632016 0.00084607190870276494 -0.00054072201112212708 -0.00069438087982773419 0.00057857683761853088 -0.00010451830651925815 0.0010552286796557213 7.6888950807090382e-05 -0.0018284623002842962 -0.00017108763134152634 -0.00073431032446319758 -0.0012991365297444948
leaf_weight=81 94 157 89 115 141 137 138 84 94 116 148 82 105 1602 124 436 83 203 201 102
leaf_count=81 94 157 89 115 141 137 138 84 94 116 148 82 105 1602 124 436 83 203 201 102
internal_value=1.57364e-06 0.00038871 4.42175e-05 0.000252852 -0.000262609 0.000854155 -7.58168e-05 -2.54413e-05 0.000659976 0.00015096 -9.14871e-05 0.000499572 1.7878e-05 -0.000151346 0.00012102 0.000297912 -0.000243737 -0.000665637 -0.000175822 -0.000774649
internal_weight=4332 720 563 474 256 218 3612 3372 294 200 3078 281 187 2797 708 560 2089 286 1803 240
internal_count=4332 720 563 474 256 218 3612 3372 294 200 3078 281 187 2797 708 560 2089 286 1803 240
is_linear=0
shrinkage=0.015492


Tree=186
num_leaves=21
num_cat=0
split_feature=75 11 26 62 85 55 83 76 46 32 32 44 60 35 64 7 40 38 79 37
split_gain=0.529297 0.408938 0.533317 0.56214 0.757747 0.486033 0.52244 0.480215 0.443954 0.786645 0.446229 0.521156 0.391426 0.361502 0.435469 0.531946 0.269139 0.220582 0.19953 0.382664
threshold=57.240413134627879 -0.56174490092936669 101.97058912171259 0.11897160181568857 492.29649149772382 0.044073047807374081 -0.10564975075350864 102.20946093724835 91.560703526249668 60.02027315775554 60.508287922541307 99.005278582396343 0.50734268528444926 36.046085151566409 0.26584334007694577 64.85178335613675 24.09496748818292 4.4059491816494196 108.63726070869235 104.40174189461602
decision_type=2 2 2 2 2 2 2 2 2 2 2 2 2 2 2 2 2 2 2 2
left_child=-1 8 -3 4 5 7 -7 -4 9 -2 -10 -12 -6 14 15 -11 -13 -5 19 -15
right_child=1 2 3 17 12 6 -8 -9 10 13 11 16 -14 18 -16 -17 -18 -19 -20 -21
leaf_value=0.00097966211057088607 -0.0019031431746340064 0.0010919237078944489 0.00073889510090015644 -0.00029738937623057231 0.0018145830854770289 0.00076255863643139162 4.5496533579377371e-05 -0.00039755118236775415 0.0009753581219750871 0.00053318136632389817 -0.00088403921656520271 -0.00017345206414798141 0.0003829266872504477 -0.0008274211660273703 0.00092315703750976762 -0.0010062737917314738 0.00095082648229959175 -0.0012587801535940749 -0.0012656331014985738 0.00028034584611602592
leaf_weight=126 81 115 98 147 83 301 1239 782 109 96 136 109 103 205 98 116 92 94 87 115
leaf_count=126 81 115 98 147 83 301 1239 782 109 96 136 109 103 205 98 116 92 94 87 115
internal_value=1.55062e-06 -2.83716e-05 7.062e-05 2.82874e-05 9.47758e-05 2.09596e-05 0.000186853 -0.000268921 -0.000263768 -0.000481993 0.000127071 -0.000152903 0.00103994 -0.000314442 8.37677e-05 -0.00031092 0.000346792 -0.000683034 -0.00061644 -0.000430081
internal_weight=4332 4206 2962 2847 2606 2420 1540 880 1244 798 446 337 186 717 310 212 201 241 407 320
internal_count=4332 4206 2962 2847 2606 2420 1540 880 1244 798 446 337 186 717 310 212 201 241 407 320
is_linear=0
shrinkage=0.015492


Tree=187
num_leaves=17
num_cat=0
split_feature=5 57 58 35 45 11 10 42 45 29 35 60 69 77 29 77
split_gain=0.519556 0.425996 0.576346 0.51875 0.4433 0.61025 0.543038 0.396303 0.389676 0.37232 0.346223 0.497246 0.413903 0.380542 0.328066 0.24905
threshold=4.5543444464246434 2.7281736803291023 -0.85869303244132478 33.360589289135412 99.040973294046196 -0.56174490092936669 0.6078576107927941 19.269048103270709 101.93648975902137 67.232209114498588 45.370124876234279 1.5273674669530666 -2.2473302152421506 42.898558299872626 65.113631725311294 38.55684302449226
decision_type=2 2 2 2 2 2 2 2 2 2 2 2 2 2 2 2
left_child=1 2 -1 -3 5 -5 14 -4 -6 -10 11 12 -9 15 -7 -12
right_child=-2 3 7 4 8 6 -8 10 9 -11 13 -13 -14 -15 -16 -17
leaf_value=-0.0010520439466457602 0.0010296861812869478 0.001126596471972451 -0.0010816066689142375 -0.00040630977072538243 -0.00085289514309854636 0.0016776289569471702 -0.00019151648346210436 0.00081736253184057557 0.00074066111345508754 -0.00040400269233439504 -0.00029714360016805705 -0.0010724418244491508 5.6522943213229782e-05 -0.0012181633229597557 0.00042425978158315146 0.00036424287934724891
leaf_weight=147 112 137 87 137 157 141 89 188 121 149 736 83 1712 90 81 165
leaf_count=147 112 137 87 137 157 141 89 188 121 149 736 83 1712 90 81 165
internal_value=1.54211e-06 -2.63988e-05 -0.000113849 0.00025027 0.000109759 0.00044891 0.000826196 -6.78307e-05 -0.000246481 0.000111024 -3.71403e-05 8.10007e-05 0.000132961 -0.000273186 0.00123185 -0.000175162
internal_weight=4332 4220 3208 1012 875 448 311 3061 427 270 2974 1983 1900 991 222 901
internal_count=4332 4220 3208 1012 875 448 311 3061 427 270 2974 1983 1900 991 222 901
is_linear=0
shrinkage=0.015492


Tree=188
num_leaves=19
num_cat=0
split_feature=54 26 30 12 18 85 57 23 47 60 61 3 47 80 10 7 26 10
split_gain=0.521438 0.476879 0.913588 0.41375 0.558936 0.733845 0.601691 0.523707 0.459029 0.983115 0.370096 0.390144 0.369764 0.336258 0.276496 0.685338 0.312962 0.129573
threshold=0.0027119734827918737 102.12886570188736 60.393968566258756 0.25000000000000011 20.995057920879798 433.87294374557138 1.1588340992034321 75.971596404181568 80.816276614224478 -0.59017343044281734 -2.6893559903568653 20.553514129320789 89.265125947881643 26.202910385139848 -0.60785761079279388 67.42790709230637 111.55667663362293 -0.60785761079279388
decision_type=2 2 2 2 2 2 2 2 2 2 2 2 2 2 2 2 2 2
left_child=-1 2 -2 4 5 -3 14 -8 -7 -10 -5 17 -13 -9 15 -6 -16 -12
right_child=1 3 -4 10 6 8 7 13 9 -11 11 12 -14 -15 16 -17 -18 -19
leaf_value=0.00096466025939611797 0.0013428180690950619 0.0016439942636937411 -0.00066756203270132506 -0.0013913453837943795 0.00045775253459672156 -0.00067430106785310842 -0.0010340769934265345 5.363210232811395e-05 -0.00099534194840422024 0.00091010470681350422 -0.00024908123289979619 0.00095605101710868727 -0.00036576296587547232 0.000655767202832986 -0.00064423648300513639 -0.0010179024155967549 0.00025983835028969279 -0.0010354276974320956
leaf_weight=128 153 97 81 86 239 112 92 1402 83 267 84 86 116 262 700 107 104 133
leaf_count=128 153 97 81 86 239 112 92 1402 83 267 84 86 116 262 700 107 104 133
internal_value=1.51415e-06 -2.84218e-05 0.000646885 -6.86822e-05 -8.12424e-06 0.00043919 -9.45453e-05 8.58209e-05 0.00017754 0.000453614 -0.00048165 -0.00028661 0.000202015 0.000149449 -0.000369566 -2.91338e-06 -0.000526679 -0.000738592
internal_weight=4332 4204 234 3970 3465 559 2906 1756 462 350 505 419 202 1664 1150 346 804 217
internal_count=4332 4204 234 3970 3465 559 2906 1756 462 350 505 419 202 1664 1150 346 804 217
is_linear=0
shrinkage=0.015492


Tree=189
num_leaves=15
num_cat=0
split_feature=38 32 61 72 28 66 83 86 48 46 33 14 42 45
split_gain=0.498494 0.35121 0.345864 0.325575 0.40938 0.546799 0.536399 0.509079 0.405459 0.38818 0.457372 0.384401 0.28857 0.135639
threshold=4.5543444464246434 58.048885229958437 -12.244102911472313 66.239440494908237 111.4166552702586 -70.336314828660747 -0.11080459132776979 254.41021680819713 74.155151743447348 75.668398608101725 33.464715456432778 22.512161334355678 23.888709065406413 97.999289792202163
decision_type=2 2 2 2 2 2 2 2 2 2 2 2 2 2
left_child=1 -1 12 4 5 6 -4 -7 -5 -10 -11 -6 -3 -13
right_child=-2 2 3 8 11 7 -8 -9 9 10 -12 13 -14 -15
leaf_value=0.00078692242830173686 0.0010085708251069149 -0.0010793324199249805 0.00046323314066101437 0.00081388467706112154 -0.00010140044529771324 -0.00021437550147440239 -0.00049408424985995585 0.00045751432618401704 -0.0010326540774883274 0.00067791184353699699 -0.00026952600308492269 0.00054616769613929613 -4.6940322078644145e-05 0.0013986855462709837
leaf_weight=121 112 136 177 88 110 406 643 800 136 134 1152 85 123 109
leaf_count=121 112 136 177 88 110 406 643 800 136 134 1152 85 123 109
internal_value=1.48162e-06 -2.58867e-05 -5.04304e-05 -1.32499e-05 0.000101524 2.15818e-05 -0.00028645 0.000231277 -0.000190268 -0.000253971 -0.000169458 0.000628877 -0.000595214 0.00103889
internal_weight=4332 4220 4099 3840 2330 2026 820 1206 1510 1422 1286 304 259 194
internal_count=4332 4220 4099 3840 2330 2026 820 1206 1510 1422 1286 304 259 194
is_linear=0
shrinkage=0.015492


Tree=190
num_leaves=21
num_cat=0
split_feature=54 26 33 10 51 50 50 25 45 39 33 26 51 43 86 32 61 45 42 85
split_gain=0.498643 0.462142 0.825385 0.365642 0.8882 0.781464 0.69069 0.915597 0.735246 0.649829 0.696123 0.623208 0.502896 0.767051 0.625841 0.500278 0.488673 0.463832 0.411193 0.409297
threshold=0.0027119734827918737 102.12886570188736 37.894811615414092 1.0000000180025095e-35 103.20426684167651 111.70795460100528 103.3788012230838 89.285998697280903 95.030167984962475 4.2201839286751239 37.025987841818072 105.10299895922344 106.58580529054007 103.90890739299634 270.23000419512624 60.451593935754573 0.1784094931681999 98.003040376327675 21.560519724885619 424.85637142283775
decision_type=2 2 2 2 2 2 2 2 2 2 2 2 2 2 2 2 2 2 2 2
left_child=-1 2 -2 6 -5 9 7 15 11 19 -11 16 14 -14 -10 -3 -8 -7 -13 -6
right_child=1 3 -4 4 5 17 8 -9 12 10 -12 18 13 -15 -16 -17 -18 -19 -20 -21
leaf_value=0.00094334680110696122 0.0014267298346517445 0.00090852890811999438 -0.00041266770497989046 0.0010759923132052701 -0.00071094467722773703 -0.00029236923872699857 0.00070932338093106879 -0.0016934042082452207 9.5565264360495839e-05 -0.0015886580337553388 -0.00046211395603565315 -0.00048082894082175404 -1.0931928084502061e-05 0.0011522827946142001 -0.0012239526308917136 -0.00060739391402117181 0.0021148692864916365 0.001232063360954747 0.00087613656763736399 4.0929265920748902e-05
leaf_weight=128 133 86 101 113 241 81 187 114 185 198 394 130 913 157 158 124 88 111 87 603
leaf_count=128 133 86 101 113 241 81 187 114 185 198 394 130 913 157 158 124 88 111 87 603
internal_value=1.48827e-06 -2.77856e-05 0.000637004 -6.74195e-05 -0.000235471 -0.00032827 6.39332e-05 -0.000594135 0.000176621 -0.00045252 -0.000844835 0.000690535 -3.28589e-06 0.000162263 -0.000517067 1.68396e-05 0.00117645 0.000593606 6.70995e-05 -0.000175326
internal_weight=4332 4204 234 3970 1741 1628 2229 324 1905 1436 592 492 1413 1070 343 210 275 192 217 844
internal_count=4332 4204 234 3970 1741 1628 2229 324 1905 1436 592 492 1413 1070 343 210 275 192 217 844
is_linear=0
shrinkage=0.015492


Tree=191
num_leaves=21
num_cat=0
split_feature=75 70 32 79 42 55 45 58 14 24 76 32 18 82 51 12 58 4 35 37
split_gain=0.482524 0.349128 0.479551 0.402702 0.60094 1.58748 0.785932 0.699958 0.483298 0.384267 0.351052 0.318121 0.316104 0.314321 0.55488 0.657298 0.40678 0.392186 0.346675 0.133371
threshold=57.240413134627879 -0.80904314888847739 62.977217676904473 102.546335280074 21.14295786332201 0.24753366064332397 90.603299673133421 -0.12621038340860122 20.711677449279364 98.829028658337108 102.36947031153574 89.517935456169994 23.097963628239111 26.340605496496021 110.01857448577881 -0.5 0.57237416785757145 102.90174512121415 35.809773262871651 39.676893797980426
decision_type=2 2 2 2 2 2 2 2 2 2 2 2 2 2 2 2 2 2 2 2
left_child=-1 2 12 4 6 10 -3 -8 -9 13 -6 19 -2 14 16 -16 -5 18 -15 -4
right_child=1 3 11 9 5 -7 7 8 -10 -11 -12 -13 -14 17 15 -17 -18 -19 -20 -21
leaf_value=0.00093539226584221289 -0.0014373448708886079 -0.00036189833653656406 -0.00010506850503645366 -0.00049067542361034102 0.0013657455863727783 -0.0016067318809774769 0.0021981449294149885 -0.00017915000233383719 0.00130267988668478 0.00096008129762826578 4.7364234918692127e-05 -0.00077126481691076193 -0.00019841295413619635 0.00046578791925949416 -0.00010797510442213576 0.0010066204919276607 0.00024857563636956903 0.0010138920263490488 -0.00020943096783862509 0.00071657304026064039
leaf_weight=126 129 114 82 1133 91 113 98 98 110 84 101 83 81 282 510 166 210 109 505 107
leaf_count=126 129 114 82 1133 91 113 98 98 110 84 101 83 81 282 510 166 210 109 505 107
internal_value=1.49662e-06 -2.7072e-05 -0.000418127 2.3799e-05 0.000350717 -0.000171737 0.000728932 0.0011352 0.000611087 -5.54604e-05 0.000683481 1.24152e-05 -0.000968915 -8.56615e-05 -0.000192769 0.000168666 -0.000374735 0.000155437 3.3209e-05 0.000363358
internal_weight=4332 4206 482 3724 725 305 420 306 208 2999 192 272 210 2915 2019 676 1343 896 787 189
internal_count=4332 4206 482 3724 725 305 420 306 208 2999 192 272 210 2915 2019 676 1343 896 787 189
is_linear=0
shrinkage=0.015492


end of trees

feature_importances:
Column_Bottom_Temp_roll_mean_12h=239
Feed_Flow_roll_mean_12h=226
month_sin=223
Control_Tray_Temp_lag6=171
Control_Tray_Temp_dev24h=150
Reflux_Flow_roll_std_6h=124
Reboiling_Steam_Flow_roll_mean_12h=123
Reflux_Flow_roll_mean_12h=103
dow_cos=102
Column_Bottom_Temp_lag1=101
Reboiler_Outlet_Temp_lag3=101
Reboiler_Delta=89
Column_Top_Pressure_lag1=85
Reflux_Flow_dev24h=85
dow_sin=83
Reboiling_Steam_Flow_lag12=80
Feed_Flow_roll_std_6h=80
Control_Tray_Temp_Pratio=80
Reboiling_Steam_Flow_dev24h=79
Pressure_x_BottomTemp=76
Reboiler_Outlet_Temp=75
Control_Tray_Temp_Pnorm_k10=75
Column_Bottom_Temp_roll_mean_6h=74
Column_Bottom_Temp_dev24h=72
Pressure_x_TopTemp=71
Column_Bottom_Temp_Pnorm_k10=69
Steam_Feed_Ratio=64
month_cos=60
Temp_Gradient_Pnorm=57
Reboiling_Steam_Flow_lag1=56
Control_Tray_Temp_lag1=55
Column_Bottom_Temp_roll_mean_3h=55
Column_Top_Temp_Pnorm_k10=54
hour_sin=53
Reboiler_Outlet_Temp_lag1=53
Control_Tray_Temp_Pnorm_k3=52
Reboiling_Steam_Flow=51
Column_Top_Pressure=51
Reflux_Flow_lag6=51
Control_Tray_Temp_lag2=51
Control_Tray_Temp_lag3=51
Column_Bottom_Temp_Pratio=51
Column_Top_Temp_lag1=50
Control_Tray_Temp_Pnorm_k5=45
Reflux_Flow_roll_mean_6h=43
Pressure_x_ControlTrayTemp=43
Reflux_Flow=41
Reboiling_Steam_Flow_roll_mean_6h=41
Temp_Gradient=41
hour_cos=40
Reflux_Ratio=37
Reboiling_Steam_Flow_lag6=36
Feed_Flow_roll_mean_6h=36
Bottom_Temp_diff1=35
Column_Top_Temp_Pnorm_k5=35
Feed_Flow_lag3=34
Reflux_Flow_roll_std_3h=34
Column_Top_Pressure_dev24h=34
Reflux_Flow_lag2=33
Reboiler_Outlet_Temp_lag2=33
Reboiling_Steam_Flow_roll_std_6h=33
Column_Top_Temp=31
Feed_Flow_roll_mean_3h=31
Reflux_Flow_lag1=30
Column_Top_Temp_lag2=30
Column_Top_Temp_Pratio=30
Feed_Flow_lag1=29
Reboiling_Steam_Flow_roll_mean_3h=29
Reflux_Flow_lag3=27
Reboiling_Steam_Flow_lag2=25
Column_Top_Pressure_lag2=23
Control_Tray_Temp=20
Feed_Flow_lag2=20
Reflux_Flow_roll_mean_3h=19
Column_Bottom_Temp_Pnorm_k5=19
Feed_Flow_roll_std_3h=18
Reboiling_Steam_Flow_lag3=17
Column_Bottom_Temp_lag2=16
Column_Bottom_Temp_lag3=15
Column_Bottom_Temp=10
Reboiling_Steam_Flow_roll_std_3h=10
Column_Top_Temp_Pnorm_k3=10
Feed_Flow=9
Steam_diff1=5
Reflux_diff1=5
Column_Bottom_Temp_Pnorm_k3=5
Feed_diff1=2

parameters:
[boosting: gbdt]
[objective: regression]
[metric: l2]
[tree_learner: serial]
[device_type: cpu]
[data_sample_strategy: bagging]
[data: ]
[valid: ]
[num_iterations: 192]
[learning_rate: 0.015492]
[num_leaves: 64]
[num_threads: 16]
[seed: 42]
[deterministic: 0]
[force_col_wise: 0]
[force_row_wise: 0]
[histogram_pool_size: -1]
[max_depth: 7]
[min_data_in_leaf: 81]
[min_sum_hessian_in_leaf: 0.001]
[bagging_fraction: 0.622352]
[pos_bagging_fraction: 1]
[neg_bagging_fraction: 1]
[bagging_freq: 0]
[bagging_seed: 400]
[bagging_by_query: 0]
[feature_fraction: 0.749189]
[feature_fraction_bynode: 1]
[feature_fraction_seed: 30056]
[extra_trees: 0]
[extra_seed: 12879]
[early_stopping_round: 0]
[early_stopping_min_delta: 0]
[first_metric_only: 0]
[max_delta_step: 0]
[lambda_l1: 0.00569657]
[lambda_l2: 2.84184]
[linear_lambda: 0]
[min_gain_to_split: 0]
[drop_rate: 0.1]
[max_drop: 50]
[skip_drop: 0.5]
[xgboost_dart_mode: 0]
[uniform_drop: 0]
[drop_seed: 17869]
[top_rate: 0.2]
[other_rate: 0.1]
[min_data_per_group: 100]
[max_cat_threshold: 32]
[cat_l2: 10]
[cat_smooth: 10]
[max_cat_to_onehot: 4]
[top_k: 20]
[monotone_constraints: ]
[monotone_constraints_method: basic]
[monotone_penalty: 0]
[feature_contri: ]
[forcedsplits_filename: ]
[refit_decay_rate: 0.9]
[cegb_tradeoff: 1]
[cegb_penalty_split: 0]
[cegb_penalty_feature_lazy: ]
[cegb_penalty_feature_coupled: ]
[path_smooth: 0]
[interaction_constraints: ]
[verbosity: -1]
[saved_feature_importance_type: 0]
[use_quantized_grad: 0]
[num_grad_quant_bins: 4]
[quant_train_renew_leaf: 0]
[stochastic_rounding: 1]
[linear_tree: 0]
[max_bin: 255]
[max_bin_by_feature: ]
[min_data_in_bin: 3]
[bin_construct_sample_cnt: 200000]
[data_random_seed: 175]
[is_enable_sparse: 1]
[enable_bundle: 1]
[use_missing: 1]
[zero_as_missing: 0]
[feature_pre_filter: 1]
[pre_partition: 0]
[two_round: 0]
[header: 0]
[label_column: ]
[weight_column: ]
[group_column: ]
[ignore_column: ]
[categorical_feature: ]
[forcedbins_filename: ]
[precise_float_parser: 0]
[parser_config_file: ]
[objective_seed: 16083]
[num_class: 1]
[is_unbalance: 0]
[scale_pos_weight: 1]
[sigmoid: 1]
[boost_from_average: 1]
[reg_sqrt: 0]
[alpha: 0.9]
[fair_c: 1]
[poisson_max_delta_step: 0.7]
[tweedie_variance_power: 1.5]
[lambdarank_truncation_level: 30]
[lambdarank_norm: 1]
[label_gain: ]
[lambdarank_position_bias_regularization: 0]
[eval_at: ]
[multi_error_top_k: 1]
[auc_mu_weights: ]
[num_machines: 1]
[local_listen_port: 12400]
[time_out: 120]
[machine_list_filename: ]
[machines: ]
[gpu_platform_id: -1]
[gpu_device_id: -1]
[gpu_use_dp: 0]
[num_gpu: 1]

end of parameters

pandas_categorical:[]
